doi,n.scopus,n.wos,n.unmerged
"10.1007/s00521-022-07391-2",1,1,1
"10.17533/udea.redin.n90a10",1,1,1
"10.7551/978-0-262-33027-5-ch050",1,1,1
"10.1002/sres.2293",1,1,1
"10.1007/s12080-016-0324-x",1,1,1
"10.1577/1548-8446(2007)32[292:efcweo]2.0.co;2",1,1,1
"10.1098/rsif.2022.0124",1,1,1
"10.1007/978-3-319-50880-1_17",1,1,1
"10.1016/j.envsoft.2017.01.020",1,1,1
"10.3390/inventions4030037",1,1,1
"10.1111/j.1475-4991.2008.00281.x",1,1,1
"10.1016/j.eswa.2008.06.125",1,1,1
"10.1108/14637151011076502",1,1,1
"10.3138/cpp.2013-009",1,1,1
"10.1080/00207540500445289",1,1,1
"10.1109/southeastcon42311.2019.9020532",1,1,1
"10.1016/j.simpat.2010.06.016",1,1,1
"10.1016/j.automatica.2022.110527",1,1,1
"10.1016/j.enpol.2008.02.040",2,0,0
"10.1016/j.energy.2021.121235",1,1,1
"10.1142/s0129183108012121",1,1,1
"10.1111/j.1365-2664.2011.02072.x",1,1,1
"10.1016/j.anbehav.2009.02.023",1,1,1
"10.1016/j.frl.2023.104085",1,1,1
"10.1017/s0269888906000932",1,1,1
"10.1017/aer.2020.82",1,1,1
"10.1007/978-3-319-78301-7_5",1,1,1
"10.1016/j.procs.2016.09.300",1,1,1
"10.1016/j.eswa.2015.12.021",1,1,1
"10.1115/1.4032773",2,0,0
"10.1007/s12237-017-0266-6",1,1,1
"10.1016/j.ifacol.2015.06.195",1,1,1
"10.1371/journal.pone.0101240",1,1,1
"10.1016/j.ifacol.2017.08.1433",1,1,1
"10.1007/s10708-014-9592-4",1,1,1
"10.1016/j.ecolmodel.2004.01.015",1,1,1
"10.1109/tac.2009.2017963",1,1,1
"10.1142/s0219525918500030",1,1,1
"10.1016/j.neucom.2023.126529",1,1,1
"10.1109/lcsys.2017.2722980",1,1,1
"10.1145/3520304.3528790",1,1,1
"10.1016/j.robot.2021.103848",1,1,1
"10.3390/f12070955",1,1,1
"10.1034/j.1600-0633.2001.100106.x",1,1,1
"10.1097/phh.0000000000001172",1,1,1
"10.1049/iet-cta.2014.0533",1,1,1
"10.1016/j.jtbi.2005.01.006",1,1,1
"10.1016/j.simpat.2005.10.002",1,1,1
"10.3390/en15186826",1,1,1
"10.1142/s0219525907000970",1,1,1
"10.1139/cjce-2014-0363",1,1,1
"10.1080/14616688.2016.1169312",1,1,1
"10.1016/j.ins.2021.09.013",1,1,1
"10.1016/j.tpb.2021.02.001",1,1,1
"10.20965/jaciii.2013.p0252",1,1,1
"10.1371/journal.pone.0127806",1,1,1
"10.1177/0361198119850785",1,1,1
"10.3354/meps10497",1,1,1
"10.1109/access.2021.3104470",1,1,1
"10.3390/ijerph17062154",1,1,1
"10.1007/s00366-019-00926-7",1,1,1
"10.1016/j.resconrec.2014.07.002",1,1,1
"10.5018/economics-ejournal.ja.2020-3",1,1,1
"10.1007/s11403-008-0037-3",1,1,1
"10.1016/j.jtbi.2011.05.012",1,1,1
"10.1007/s10846-020-01294-x",1,1,1
"10.1007/s11229-013-0257-5",1,1,1
"10.1111/j.1541-0072.1997.tb00003.x",1,1,1
"10.1007/s00138-013-0520-2",1,1,1
"10.3390/drones7040236",1,1,1
"10.1016/j.procs.2012.09.083",1,1,1
"10.1108/03684920810907508",1,1,1
"10.1016/j.ecolmodel.2010.06.019",1,1,1
"10.1007/978-3-031-17234-2_22",1,1,1
"10.1016/j.envsoft.2009.04.010",1,1,1
"10.1016/j.ecolmodel.2017.02.007",1,1,1
"10.24425/acs.2020.133503",1,1,1
"10.1088/1748-9326/ab6fbf",1,1,1
"10.1016/j.simpat.2010.05.010",1,1,1
"10.3389/fpsyg.2022.1010007",1,1,1
"10.1109/icmas.2000.858462",1,1,1
"10.1080/00207721.2019.1645917",1,1,1
"10.1007/s00170-007-0988-x",1,1,1
"10.1061/jtepbs.0000166",1,1,1
"10.1007/978-3-030-01129-1_7",1,1,1
"10.1109/ical.2007.4339014",1,1,1
"10.1016/j.biosystems.2008.11.001",1,1,1
"10.18564/jasss.4518",1,1,1
"10.1016/j.jebo.2022.05.025",1,1,1
"10.1111/j.1365-2745.2009.01541.x",1,1,1
"10.1111/ele.12923",1,1,1
"10.1002/cncr.32026",1,1,1
"10.1183/23120541.00174-2019",1,1,1
"10.1016/j.engappai.2022.105796",1,1,1
"10.1016/j.radonc.2006.07.024",1,1,1
"10.1016/j.aei.2021.101512",1,1,1
"10.1016/j.ecolmodel.2023.110445",1,1,1
"10.1007/978-3-030-37453-2_46",1,1,1
"10.1177/03611981221092385",1,1,1
"10.1016/j.ecocom.2018.06.002",1,1,1
"10.1016/j.ecolmodel.2009.06.016",1,1,1
"10.1109/tpwrs.2019.2942583",1,1,1
"10.1016/j.trb.2021.03.010",1,1,1
"10.1109/kimas.2007.369833",1,1,1
"10.1016/j.ecolmodel.2014.02.015",1,1,1
"10.1142/s0218202513500292",1,1,1
"10.3233/jae-2010-1208",1,1,1
"10.1007/s11071-019-05321-x",1,1,1
"10.1038/bjc.2013.198",1,1,1
"10.1017/s0025315410001268",1,1,1
"10.1007/s10439-007-9266-1",1,1,1
"10.1002/lrh2.10261",1,1,1
"10.1007/s10614-022-10316-9",1,1,1
"10.3390/electronics7020022",1,1,1
"10.1016/j.automatica.2016.06.024",1,1,1
"10.3390/plants12030555",1,1,1
"10.1016/j.enpol.2020.111274",1,1,1
"10.1177/0361198118790638",1,1,1
"10.1177/0361198118787387",1,1,1
"10.1155/2019/8084209",1,1,1
"10.1016/j.landurbplan.2018.01.006",1,1,1
"10.1016/j.eswa.2014.05.015",1,1,1
"10.1016/j.ins.2017.01.022",1,1,1
"10.1016/j.amepre.2020.08.023",1,1,1
"10.21136/am.2021.0341-19",1,1,1
"10.1002/acs.3479",1,1,1
"10.1098/rsos.211742",1,1,1
"10.1038/sj.hdy.6801032",1,1,1
"10.12759/hsr.43.2018.1.168-209",1,1,1
"10.17310/ntj.2007.3.16",1,1,1
"10.1016/j.comcom.2010.07.025",1,1,1
"10.1177/09691413231175056",1,1,1
"10.1186/s12913-016-1368-8",1,1,1
"10.3141/2537-18",1,1,1
"10.1109/tcns.2018.2834313",1,1,1
"10.1016/j.econmod.2011.03.025",1,1,1
"10.1177/09589287221115672",1,1,1
"10.1186/s12885-017-3075-1",1,1,1
"10.1016/j.ifacol.2018.11.685",1,1,1
"10.1093/jopart/muaa013",1,1,1
"10.1016/j.ecolmodel.2014.03.019",1,1,1
"10.1155/2020/1047369",1,1,1
"10.1088/1757-899x/322/5/052015",1,1,1
"10.1177/0308518x15592314",1,1,1
"10.1016/j.cie.2016.02.024",1,1,1
"10.3233/aic-140654",1,1,1
"10.3390/ijerph18158146",1,1,1
"10.1371/journal.pcbi.1000630",1,1,1
"10.1007/s00338-021-02187-7",1,1,1
"10.3390/computers12050094",1,1,1
"10.1016/j.jocs.2020.101173",1,1,1
"10.1007/978-3-319-39883-9_14",1,1,1
"10.1049/cmu2.12371",1,1,1
"10.1109/iscmi51676.2020.9311553",1,1,1
"10.1142/s0129183106008832",1,1,1
"10.1002/jia2.25085",1,1,1
"10.1007/s11424-019-8087-2",1,1,1
"10.1109/tac.2018.2867594",1,1,1
"10.1016/j.ins.2014.12.011",1,1,1
"10.1007/s10552-016-0732-7",1,1,1
"10.1016/j.agwat.2016.07.018",1,1,1
"10.4018/ijdsst.2015040101",1,1,1
"10.1002/cae.21587",1,1,1
"10.18564/jasss.2993",1,1,1
"10.1016/j.ins.2009.12.029",1,1,1
"10.1111/coin.12175",1,1,1
"10.1016/j.eswa.2014.10.032",1,1,1
"10.1016/j.procs.2018.04.027",1,1,1
"10.1007/bf03037252",1,1,1
"10.1016/j.jclepro.2021.128169",1,1,1
"10.1371/journal.pone.0242148",1,1,1
"10.1016/j.biosystems.2008.07.001",1,1,1
"10.1177/0898264317715976",1,1,1
"10.1017/s0263574703004946",1,1,1
"10.4054/demres.2013.29.27",1,1,1
"10.18564/jasss.3393",1,1,1
"10.3390/agronomy11010085",1,1,1
"10.1007/978-3-030-42517-3_3",1,1,1
"10.1136/tobaccocontrol-2019-055482",1,1,1
"10.1016/j.seares.2010.03.006",1,1,1
"10.1080/1406099x.2016.1205407",1,1,1
"10.1177/1729881417716088",1,1,1
"10.1017/s0890060418000161",1,1,1
"10.1007/978-3-319-57819-4_5",1,1,1
"10.1016/j.enbuild.2019.05.053",1,1,1
"10.1109/cloudcom.2014.136",1,1,1
"10.1007/s11066-006-9005-z",1,1,1
"10.1001/jama.2023.4800",1,1,1
"10.3390/land4030607",1,1,1
"10.1080/00207179.2012.715753",1,1,1
"10.1007/978-3-319-39387-2_35",1,1,1
"10.1371/journal.pone.0153820",1,1,1
"10.1007/s11424-010-9273-4",1,1,1
"10.1109/tii.2012.2210430",1,1,1
"10.1016/j.annals.2020.103034",1,1,1
"10.1016/j.tourman.2015.05.015",1,1,1
"10.1109/jsac.2021.3087248",1,1,1
"10.1109/mits.2018.2879166",1,1,1
"10.23919/springsim.2019.8732867",2,0,0
"10.1111/j.1475-4932.2007.00417.x",1,1,1
"10.1057/jos.2011.26",1,1,1
"10.2981/13-021",1,1,1
"10.1111/1755-0998.13682",1,1,1
"10.1155/2020/4752986",1,1,1
"10.1109/jsyst.2021.3062444",1,1,1
"10.1007/s10588-016-9238-9",1,1,1
"10.1371/journal.pcbi.1007344",1,1,1
"10.1007/978-3-319-99582-3_28",1,1,1
"10.3390/socsci11070311",1,1,1
"10.1080/14737167.2023.2197213",1,1,1
"10.1007/s10614-018-9798-5",1,1,1
"10.3390/su12114393",1,1,1
"10.3390/sym13040544",1,1,1
"10.1016/j.procs.2018.04.088",1,1,1
"10.1080/17477778.2020.1774430",1,1,1
"10.1016/j.ijcard.2015.10.171",1,1,1
"10.1504/ijcse.2016.080208",1,1,1
"10.1080/1028415x.2019.1668173",1,1,1
"10.1145/3321619.3321645",1,1,1
"10.1002/etc.5336",1,1,1
"10.1088/1361-6544/ac149d",1,1,1
"10.1007/978-3-319-65172-9_38",1,1,1
"10.1016/j.procs.2010.04.008",1,1,1
"10.1016/j.jedc.2015.12.002",1,1,1
"10.3390/ijerph191610242",1,1,1
"10.1007/s13369-017-2905-4",1,1,1
"10.1142/s0129183110015981",1,1,1
"10.1007/s11432-017-9141-x",1,1,1
"10.1007/s00198-021-05955-x",1,1,1
"10.1016/j.scs.2017.01.014",1,1,1
"10.1016/j.inffus.2014.07.001",1,1,1
"10.1109/ical.2007.4339100",1,1,1
"10.1016/j.geb.2019.09.014",1,1,1
"10.1111/j.1600-0706.2008.16582.x",1,1,1
"10.1109/wi.2006.84",1,1,1
"10.1086/674442",1,1,1
"10.1080/21642583.2018.1480979",1,1,1
"10.1016/j.automatica.2022.110824",1,1,1
"10.1007/s10015-018-0453-y",1,1,1
"10.3390/s21082642",1,1,1
"10.1007/s12555-021-0937-8",1,1,1
"10.1007/s00170-006-0743-8",1,1,1
"10.1371/journal.pone.0201141",1,1,1
"10.1007/978-3-662-49619-0_11",1,1,1
"10.1016/j.eswa.2009.02.078",1,1,1
"10.1177/0037549711421942",1,1,1
"10.1007/978-3-319-24306-1_40",1,1,1
"10.1177/03611981221093998",1,1,1
"10.1109/tnnls.2022.3220806",1,1,1
"10.18564/jasss.3418",1,1,1
"10.3389/fphar.2021.718014",1,1,1
"10.17775/cseejpes.2020.03390",1,1,1
"10.1016/j.foreco.2008.04.028",1,1,1
"10.1007/978-3-319-27343-3_3",1,1,1
"10.1016/j.apenergy.2012.07.011",1,1,1
"10.1007/978-3-319-74727-9_56",1,1,1
"10.1093/infdis/jit843",1,1,1
"10.1016/j.eswa.2023.120643",1,1,1
"10.1109/tcns.2022.3210856",1,1,1
"10.1016/j.ssci.2011.11.010",1,1,1
"10.12989/anr.2022.13.6.587",1,1,1
"10.1177/09622802221122410",1,1,1
"10.1007/s11227-021-04094-8",1,1,1
"10.3390/app10165625",1,1,1
"10.1016/j.cie.2014.06.013",1,1,1
"10.1002/ajp.22542",1,1,1
"10.1049/elp2.12170",1,1,1
"10.1016/j.future.2019.10.020",1,1,1
"10.3390/electronics11223824",1,1,1
"10.1046/j.1365-2664.2000.00553.x",1,1,1
"10.1007/s11831-022-09729-4",1,1,1
"10.1016/j.physa.2020.124314",1,1,1
"10.1177/0361198120962491",1,1,1
"10.3389/fphy.2022.968409",1,1,1
"10.1142/s0219622014500151",1,1,1
"10.4018/jiit.2005040101",1,1,1
"10.1007/s10340-019-01169-7",1,1,1
"10.1002/asjc.2851",1,1,1
"10.1161/jaha.122.026308",1,1,1
"10.3233/af-150049",1,1,1
"10.1007/s13042-022-01505-x",1,1,1
"10.1016/j.techfore.2008.08.004",1,1,1
"10.1016/s0926-5805(00)00093-5",1,1,1
"10.1007/s12652-019-01206-4",1,1,1
"10.1177/03611981211002846",1,1,1
"10.1080/00207170903171330",1,1,1
"10.1038/s41598-019-38962-4",1,1,1
"10.3926/jiem.551",1,1,1
"10.1109/access.2019.2959600",1,1,1
"10.1016/j.enpol.2021.112682",1,1,1
"10.1111/coin.12257",1,1,1
"10.3991/ijet.v15i14.13837",1,1,1
"10.1080/19427867.2021.1916284",1,1,1
"10.1016/j.ygyno.2021.01.024",1,1,1
"10.1109/tcyb.2017.2651019",1,1,1
"10.1163/156855308x344882",1,1,1
"10.1002/cplx.20295",1,1,1
"10.1007/s12652-014-0231-1",1,1,1
"10.1371/journal.pone.0084526",1,1,1
"10.1177/14034948211061014",1,1,1
"10.1016/j.simpat.2022.102554",1,1,1
"10.1002/cplx.20244",1,1,1
"10.1145/3208903.3214348",1,1,1
"10.1109/tcyb.2023.3284648",1,1,1
"10.1038/s41598-021-98216-0",1,1,1
"10.3390/s23062925",1,1,1
"10.1155/2014/170968",1,1,1
"10.1007/s11071-014-1460-8",1,1,1
"10.1016/j.amc.2023.127879",1,1,1
"10.1088/0960-1317/19/1/015022",1,1,1
"10.1016/j.jmarsys.2010.05.011",1,1,1
"10.1016/j.automatica.2022.110571",1,1,1
"10.1016/j.jhe.2018.11.002",1,1,1
"10.1137/120897249",1,1,1
"10.1111/j.1468-0394.2010.00578.x",1,1,1
"10.1016/j.ifacol.2022.09.199",1,1,1
"10.1016/j.aspen.2010.01.003",1,1,1
"10.1086/652992",1,1,1
"10.3390/su15108262",1,1,1
"10.17310/ntj.2011.2s.02",1,1,1
"10.1007/s10015-016-0268-7",1,1,1
"10.1109/lcsys.2020.2988162",1,1,1
"10.1016/j.sysconle.2015.10.017",1,1,1
"10.1080/10630730600752868",1,1,1
"10.1016/j.jmatprotec.2009.11.011",1,1,1
"10.1016/j.compeleceng.2016.08.002",1,1,1
"10.1007/s10514-007-9080-5",1,1,1
"10.1007/978-3-319-26447-9_5",1,1,1
"10.1109/tie.2017.2701778",1,1,1
"10.1016/j.jval.2017.04.009",1,1,1
"10.1007/s12293-022-00384-7",1,1,1
"10.1098/rsos.180200",1,1,1
"10.1007/s10462-011-9228-8",1,1,1
"10.3233/ica-2009-0302",1,1,1
"10.3103/s0146411616050060",1,1,1
"10.1007/s10101-021-00252-z",1,1,1
"10.1007/s13748-012-0014-x",1,1,1
"10.1016/j.isatra.2015.05.008",1,1,1
"10.1016/j.promfg.2019.04.084",1,1,1
"10.1017/asb.2018.26",1,1,1
"10.1007/s13753-021-00387-x",1,1,1
"10.1016/j.ppees.2008.11.001",1,1,1
"10.1038/s41598-018-36654-z",1,1,1
"10.1109/access.2019.2946263",1,1,1
"10.1080/19388160.2016.1160847",1,1,1
"10.3390/fi9030048",1,1,1
"10.1016/j.compchemeng.2020.107193",1,1,1
"10.1109/tcyb.2020.2979342",1,1,1
"10.1016/j.scs.2019.101796",1,1,1
"10.1007/s00170-010-2986-7",1,1,1
"10.1002/env.2239",1,1,1
"10.1016/j.sysconle.2017.07.005",1,1,1
"10.1109/tcsii.2015.2482138",1,1,1
"10.1007/s10433-009-0111-2",1,1,1
"10.1007/s00779-017-1030-4",1,1,1
"10.3390/app13074251",1,1,1
"10.1080/088395198117848",1,1,1
"10.1016/j.scs.2021.102836",1,1,1
"10.1109/tste.2014.2310291",1,1,1
"10.1016/j.scient.2012.06.029",1,1,1
"10.1186/1471-2458-11-418",1,1,1
"10.1016/j.socscimed.2011.05.027",1,1,1
"10.4018/ijisscm.2020070104",1,1,1
"10.1016/s0165-0114(97)00257-1",1,1,1
"10.1016/j.renene.2018.01.019",1,1,1
"10.1109/lcsys.2022.3169999",1,1,1
"10.1016/j.aei.2021.101452",1,1,1
"10.5334/gjgl.620",1,1,1
"10.1061/(asce)ei.1943-5541.0000038",1,1,1
"10.1016/j.ecolind.2012.07.026",1,1,1
"10.1016/j.automatica.2022.110255",1,1,1
"10.1109/tie.2020.2970627",1,1,1
"10.1109/icter51097.2020.9325464",1,1,1
"10.1016/j.robot.2020.103689",1,1,1
"10.1098/rsos.140533",1,1,1
"10.1016/j.erss.2020.101611",1,1,1
"10.1080/00045608.2011.561126",1,1,1
"10.1007/978-3-319-29357-8_1",1,1,1
"10.1016/j.jebo.2016.12.017",1,1,1
"10.1503/cmaj.200990",1,1,1
"10.1016/j.apenergy.2019.113366",1,1,1
"10.3390/electronics12081908",1,1,1
"10.1007/978-3-319-62410-5_25",1,1,1
"10.1093/jopart/muy068",1,1,1
"10.1155/2017/8391325",1,1,1
"10.1142/s0219525922500114",1,1,1
"10.1016/j.enpol.2022.112823",1,1,1
"10.1177/0022002713515401",1,1,1
"10.1016/j.jbi.2019.103101",1,1,1
"10.1016/j.ecolmodel.2010.06.024",1,1,1
"10.3233/978-1-61499-105-2-128",1,1,1
"10.1007/s11538-016-0222-9",1,1,1
"10.1155/2021/8835067",1,1,1
"10.1098/rsos.191505",1,1,1
"10.1111/poms.13997",2,0,0
"10.1016/j.ecolecon.2021.107002",1,1,1
"10.1002/app5.274",1,1,1
"10.1109/ieem.2018.8607447",2,0,0
"10.1109/ifcsta.2009.36",1,1,1
"10.1179/1942787513y.0000000002",1,1,1
"10.1186/s40462-019-0149-5",1,1,1
"10.1016/j.jedc.2019.02.005",1,1,1
"10.1162/106454603321489518",1,1,1
"10.1007/s12155-011-9139-1",1,1,1
"10.1142/s0218194015500230",1,1,1
"10.1080/10494820.2019.1614634",1,1,1
"10.1109/dexa.2012.53",1,1,1
"10.24507/ijicic.18.01.289",1,1,1
"10.1103/physreve.102.062417",1,1,1
"10.1002/eap.1912",1,1,1
"10.3390/su151512037",1,1,1
"10.1007/s00285-015-0881-4",1,1,1
"10.1109/tie.2022.3153803",1,1,1
"10.1016/j.ecolmodel.2006.10.004",1,1,1
"10.1016/j.jclepro.2018.03.142",1,1,1
"10.1016/j.aap.2017.09.009",1,1,1
"10.1016/j.ecolmodel.2013.09.025",1,1,1
"10.1007/s13369-018-3164-8",1,1,1
"10.1080/15568318.2019.1579009",1,1,1
"10.3389/fbioe.2021.642760",1,1,1
"10.18564/jasss.4174",1,1,1
"10.1007/s10479-017-2515-2",1,1,1
"10.1145/3507910",1,1,1
"10.1016/j.jtrangeo.2013.08.002",1,1,1
"10.1007/978-3-319-19629-9_12",1,1,1
"10.1002/jid.1641",1,1,1
"10.1002/ecs2.3405",1,1,1
"10.1016/j.agsy.2018.03.010",1,1,1
"10.1016/j.trb.2005.09.006",1,1,1
"10.1007/s10462-004-4102-6",1,1,1
"10.1371/journal.pone.0179804",1,1,1
"10.18564/jasss.3799",1,1,1
"10.1016/j.eclinm.2021.101268",1,1,1
"10.1016/j.buildenv.2011.08.020",1,1,1
"10.1109/jiot.2019.2901796",1,1,1
"10.1016/s0378-4371(02)01795-8",1,1,1
"10.1109/entnet.2001.981991",1,1,1
"10.18564/jasss.4704",1,1,1
"10.1016/s0098-1354(00)00380-x",1,1,1
"10.1142/s1793351x15500087",1,1,1
"10.1016/j.rser.2019.05.038",1,1,1
"10.3390/land11030364",1,1,1
"10.1088/1748-9326/8/1/015028",1,1,1
"10.1109/saso.2018.00016",1,1,1
"10.1016/j.engappai.2018.07.001",1,1,1
"10.1002/jwmg.21433",1,1,1
"10.1007/978-3-319-21133-6_11",1,1,1
"10.4028/www.scientific.net/amr.139-141.1732",1,1,1
"10.1016/j.econlet.2009.12.011",1,1,1
"10.1016/j.oneear.2020.01.003",1,1,1
"10.1111/bju.14520",1,1,1
"10.1111/j.1558-5646.2007.00266.x",1,1,1
"10.18564/jasss.3676",1,1,1
"10.1093/jopart/muq045",1,1,1
"10.1007/s00521-019-04613-y",1,1,1
"10.1007/978-3-319-74454-4_53",1,1,1
"10.1016/j.automatica.2021.109934",1,1,1
"10.1007/s11042-011-0784-3",1,1,1
"10.21314/jntf.2017.034",1,1,1
"10.1016/j.jpeds.2022.09.028",1,1,1
"10.1007/s11704-010-0358-y",1,1,1
"10.1007/s10144-005-0220-5",1,1,1
"10.1177/23998083231186623",1,1,1
"10.1371/journal.pone.0249519",1,1,1
"10.1049/iet-cta.2014.0490",1,1,1
"10.1016/j.jfranklin.2014.11.021",1,1,1
"10.1016/j.ahj.2019.04.020",1,1,1
"10.1016/j.physa.2005.02.076",1,1,1
"10.1007/s11116-004-7962-3",1,1,1
"10.3389/frobt.2022.980586",1,1,1
"10.1016/j.ecolmodel.2005.06.005",1,1,1
"10.3390/en14175443",1,1,1
"10.1371/journal.pone.0244107",1,1,1
"10.1089/heq.2018.0089",1,1,1
"10.1155/2018/9502872",1,1,1
"10.1007/s12555-020-0768-z",1,1,1
"10.1029/2019wr027008",1,1,1
"10.2307/3802428",1,1,1
"10.1016/j.amar.2020.100138",1,1,1
"10.1007/s00265-022-03241-2",1,1,1
"10.1016/j.jval.2015.04.004",1,1,1
"10.1186/s40294-018-0055-5",1,1,1
"10.1016/s0304-3800(97)00111-7",1,1,1
"10.1016/j.advengsoft.2018.11.004",1,1,1
"10.1109/cis.2008.140",1,1,1
"10.1109/ecnn.2000.886233",1,1,1
"10.2307/1942032",1,1,1
"10.1016/j.rser.2021.111785",1,1,1
"10.1109/mis.2016.66",1,1,1
"10.18564/jasss.3316",1,1,1
"10.1016/j.jval.2018.07.880",1,1,1
"10.1109/tcyb.2017.2703945",1,1,1
"10.1109/nigercon54645.2022.9803066",1,1,1
"10.1111/fog.12078",1,1,1
"10.1016/j.foar.2020.06.003",1,1,1
"10.20965/jdr.2022.p0093",1,1,1
"10.3389/fmars.2018.00065",1,1,1
"10.4102/sajems.v21i1.1650",1,1,1
"10.3390/su13052709",1,1,1
"10.1007/s12555-019-0732-y",1,1,1
"10.1109/access.2020.2987098",1,1,1
"10.1155/2019/3429412",1,1,1
"10.1016/j.jocs.2011.08.002",1,1,1
"10.3141/2255-14",1,1,1
"10.1177/0033354917722149",1,1,1
"10.1371/journal.pone.0040599",1,1,1
"10.1016/j.marpolbul.2022.114354",1,1,1
"10.1109/jbhi.2018.2874185",1,1,1
"10.5220/0007577800800090",1,1,1
"10.1016/j.hjdsi.2016.11.001",1,1,1
"10.1016/j.engappai.2012.09.021",1,1,1
"10.3390/en10010045",1,1,1
"10.1109/tase.2021.3118008",1,1,1
"10.3233/mgs-2006-2303",1,1,1
"10.3141/2561-06",1,1,1
"10.1007/978-3-662-45523-4_28",1,1,1
"10.1007/978-3-319-11457-6_5",1,1,1
"10.3390/systems3040177",1,1,1
"10.1016/j.neucom.2018.05.054",1,1,1
"10.1111/j.1464-410x.2010.09460.x",1,1,1
"10.3390/fi10090091",1,1,1
"10.1007/s13253-010-0038-2",1,1,1
"10.1016/j.envsoft.2017.09.003",1,1,1
"10.1016/j.rsma.2018.08.012",1,1,1
"10.1186/s12859-022-04684-0",1,1,1
"10.1109/ssci50451.2021.9660008",1,1,1
"10.1109/tsipn.2019.2902493",1,1,1
"10.1007/s00223-009-9329-4",1,1,1
"10.3390/app10217745",1,1,1
"10.1016/j.ajic.2019.11.005",1,1,1
"10.1007/978-3-319-14980-6_19",1,1,1
"10.3141/2391-07",1,1,1
"10.1007/s00145-019-09319-x",1,1,1
"10.1080/00207179.2015.1126763",1,1,1
"10.1016/j.fm.2010.07.014",1,1,1
"10.1061/(asce)cp.1943-5487.0000313",1,1,1
"10.1007/978-3-319-43488-9_31",1,1,1
"10.1016/j.jhevol.2014.02.004",1,1,1
"10.3389/frobt.2020.00025",1,1,1
"10.1007/s00191-021-00750-7",1,1,1
"10.1080/00207179.2012.717722",1,1,1
"10.12785/amis/071l18",1,1,1
"10.1016/j.envsoft.2009.10.018",1,1,1
"10.1111/1365-2664.13535",1,1,1
"10.1115/1.4024463",1,1,1
"10.1109/laweb.2005.6",1,1,1
"10.3141/2197-14",1,1,1
"10.18564/jasss.2679",1,1,1
"10.1577/m07-106.1",1,1,1
"10.1016/j.automatica.2017.03.001",1,1,1
"10.17061/phrp32342216",1,1,1
"10.1111/j.1365-2389.2007.00900.x",1,1,1
"10.1093/logcom/exq013",1,1,1
"10.3389/frobt.2023.1163185",1,1,1
"10.1016/j.ejor.2004.03.042",1,1,1
"10.1109/jcn.2012.00033",1,1,1
"10.3389/fpsyg.2017.00469",1,1,1
"10.1155/2019/3928268",1,1,1
"10.1111/rode.12272",1,1,1
"10.1016/j.ecolmodel.2003.07.013",1,1,1
"10.1016/j.ifacol.2021.08.129",1,1,1
"10.1371/journal.pone.0152298",1,1,1
"10.1016/j.procir.2017.11.054",1,1,1
"10.1016/j.idm.2021.01.010",1,1,1
"10.1007/s10614-022-10256-4",1,1,1
"10.1109/cec.2008.4630895",1,1,1
"10.1111/j.1468-0084.2006.00156.x",1,1,1
"10.1057/rpm.2015.9",1,1,1
"10.1007/s00521-023-08838-w",1,1,1
"10.3390/w15040696",1,1,1
"10.18632/oncotarget.12233",1,1,1
"10.1007/s10115-017-1120-7",1,1,1
"10.1006/jema.1996.0005",1,1,1
"10.1002/rnc.4660",1,1,1
"10.3390/a11050064",1,1,1
"10.1109/tac.2021.3123222",1,1,1
"10.1016/j.enbuild.2015.11.067",1,1,1
"10.1007/s11235-016-0180-4",1,1,1
"10.1016/j.jval.2021.06.001",1,1,1
"10.1023/b:jims.0000042665.10086.cf",1,1,1
"10.1016/j.procs.2015.05.173",1,1,1
"10.1016/j.comnet.2017.04.040",1,1,1
"10.1136/bmjopen-2018-023453",1,1,1
"10.1007/s12555-022-0135-3",1,1,1
"10.1007/s40273-022-01165-3",1,1,1
"10.1016/j.tbs.2023.100590",1,1,1
"10.1007/s11403-015-0147-7",1,1,1
"10.1177/0037549712475097",1,1,1
"10.1016/j.ress.2021.108057",1,1,1
"10.1109/tte.2016.2540663",1,1,1
"10.15184/aqy.2016.35",1,1,1
"10.1371/journal.pone.0253395",1,1,1
"10.3233/mgs-200320",1,1,1
"10.1177/1059712320922915",1,1,1
"10.1016/j.jbi.2015.08.005",1,1,1
"10.1016/j.neucom.2019.01.061",1,1,1
"10.20965/jaciii.2011.p0226",1,1,1
"10.5772/46127",1,1,1
"10.1007/s00028-020-00667-x",1,1,1
"10.1177/1059712309350969",1,1,1
"10.1136/bmjopen-2016-015108",1,1,1
"10.1016/j.envsoft.2013.05.015",1,1,1
"10.18564/jasss.3161",1,1,1
"10.1016/j.ssci.2022.105862",1,1,1
"10.2147/ceor.s304600",1,1,1
"10.1016/j.trc.2007.12.001",1,1,1
"10.4039/tce.2018.3",1,1,1
"10.1109/snpd.2013.63",1,1,1
"10.1371/journal.pone.0032879",1,1,1
"10.1007/s00330-019-06453-9",1,1,1
"10.1016/j.ifacol.2020.12.2464",1,1,1
"10.1007/s12469-013-0081-9",1,1,1
"10.1016/j.jedc.2018.03.011",1,1,1
"10.1007/s11116-010-9264-2",1,1,1
"10.1016/j.eswa.2008.09.068",1,1,1
"10.2495/data070201",1,1,1
"10.1108/k-10-2018-0566",1,1,1
"10.1016/b978-0-12-409548-9.11165-0",2,0,0
"10.3141/2254-06",1,1,1
"10.1007/s11403-023-00392-x",1,1,1
"10.1016/j.ecolmodel.2008.04.005",1,1,1
"10.18564/jasss.1873",1,1,1
"10.1109/access.2023.3266650",1,1,1
"10.3390/su14148462",1,1,1
"10.1016/j.engappai.2016.06.011",1,1,1
"10.1371/journal.pone.0268661",1,1,1
"10.1093/ageing/afx201",1,1,1
"10.1016/j.aquatox.2014.10.004",1,1,1
"10.1016/j.ecolmodel.2022.110177",1,1,1
"10.1007/978-3-319-99582-3_30",1,1,1
"10.1177/0042098016652555",1,1,1
"10.1016/j.cageo.2006.12.006",1,1,1
"10.1177/0272989x15574500",1,1,1
"10.1007/s10905-010-9229-5",1,1,1
"10.1007/s00170-006-0670-8",1,1,1
"10.1007/978-3-319-39883-9_12",1,1,1
"10.1016/j.techfore.2023.122575",1,1,1
"10.1016/j.procir.2012.07.021",1,1,1
"10.1016/j.tpb.2005.12.002",1,1,1
"10.1371/journal.pntd.0001330",1,1,1
"10.1080/15472450.2020.1735385",1,1,1
"10.3390/s23104892",1,1,1
"10.3390/d15030347",1,1,1
"10.1007/s11538-011-9676-y",1,1,1
"10.1109/tac.2010.2043285",1,1,1
"10.1016/j.knosys.2020.106721",1,1,1
"10.1080/088395196118678",1,1,1
"10.1186/1471-2458-12-977",1,1,1
"10.1049/gtd2.12904",2,0,0
"10.1007/s11633-010-0540-6",1,1,1
"10.1016/j.fishres.2015.10.002",1,1,1
"10.1080/00207179.2010.535855",1,1,1
"10.3233/jcm-2012-0415",1,1,1
"10.1016/j.ecolmodel.2013.10.032",1,1,1
"10.3141/2554-06",1,1,1
"10.1007/s10666-011-9300-4",1,1,1
"10.1007/s40258-018-0390-x",1,1,1
"10.1016/j.amepre.2022.01.022",1,1,1
"10.1016/j.ausmj.2013.12.009",1,1,1
"10.1007/s00285-016-0981-9",1,1,1
"10.1109/tcns.2014.2316994",1,1,1
"10.1016/j.econmod.2014.03.011",1,1,1
"10.1108/09699981211237111",1,1,1
"10.3346/jkms.2002.17.4.507",1,1,1
"10.1080/17517575.2018.1526325",1,1,1
"10.1080/00207543.2010.539276",1,1,1
"10.1504/ijbet.2018.094726",1,1,1
"10.7717/peerj.2337",1,1,1
"10.24818/18423264/54.1.20.18",1,1,1
"10.1007/s11069-022-05643-x",1,1,1
"10.1016/j.cie.2008.08.012",1,1,1
"10.1186/s12894-022-01025-4",1,1,1
"10.1038/bjc.2014.458",1,1,1
"10.1111/poms.13660",1,1,1
"10.1111/j.1523-1739.2006.00378.x",1,1,1
"10.1109/tcns.2022.3219766",1,1,1
"10.1016/j.gloei.2022.12.003",1,1,1
"10.1080/00207721.2017.1382602",1,1,1
"10.1155/2009/531080",1,1,1
"10.1016/j.asoc.2021.108387",1,1,1
"10.1007/s11403-012-0095-4",1,1,1
"10.3389/fenvs.2022.1033579",1,1,1
"10.1080/13873954.2011.601426",1,1,1
"10.1093/bioinformatics/btr335",1,1,1
"10.3141/2088-05",1,1,1
"10.4018/ijiit.2015070103",1,1,1
"10.1093/jole/lzab006",1,1,1
"10.20965/jaciii.2012.p0619",1,1,1
"10.1016/j.neucom.2011.12.002",1,1,1
"10.1155/2021/8863487",1,1,1
"10.3390/s16091360",1,1,1
"10.1016/j.ifacol.2015.06.238",1,1,1
"10.1016/j.isatra.2022.11.029",1,1,1
"10.1504/ijbic.2017.085893",1,1,1
"10.1016/j.ecolmodel.2017.02.023",1,1,1
"10.3141/1831-11",1,1,1
"10.1007/s12195-022-00748-6",1,1,1
"10.1002/ece3.6099",1,1,1
"10.1007/978-94-007-5583-3_34",2,0,0
"10.1109/tsmc.2023.3277703",2,0,0
"10.1080/17477778.2022.2027826",1,1,1
"10.1111/j.1467-985x.2011.00690.x",1,1,1
"10.1016/j.ijcard.2010.10.046",1,1,1
"10.1016/j.neucom.2021.03.082",1,1,1
"10.1016/j.eswa.2014.06.022",1,1,1
"10.1007/s10489-020-01860-8",1,1,1
"10.3390/app8010047",1,1,1
"10.1061/(asce)cp.1943-5487.0000612",1,1,1
"10.1016/j.aei.2011.08.010",1,1,1
"10.1163/156855303321125622",1,1,1
"10.1007/s10144-005-0209-0",1,1,1
"10.1007/s10732-009-9121-7",1,1,1
"10.3390/s23073596",1,1,1
"10.3390/s23062904",1,1,1
"10.3390/v10090457",1,1,1
"10.1109/access.2020.3028564",1,1,1
"10.1093/aje/kwad018",1,1,1
"10.1016/j.ssci.2021.105451",1,1,1
"10.1080/17477778.2021.1954487",1,1,1
"10.1371/journal.pone.0194687",1,1,1
"10.1016/j.jmarsys.2006.04.005",1,1,1
"10.1006/jtbi.1999.0938",1,1,1
"10.1002/rnc.3351",1,1,1
"10.3354/meps199137",1,1,1
"10.1093/aje/kwab241",1,1,1
"10.1002/smj.900",1,1,1
"10.3233/idt-2011-0097",1,1,1
"10.1371/journal.pone.0194450",1,1,1
"10.1016/j.camwa.2012.02.052",1,1,1
"10.1016/j.jclepro.2023.137401",1,1,1
"10.1049/iet-its.2009.0022",1,1,1
"10.1111/j.1467-8578.2006.00038.x",1,1,1
"10.1109/ieem.2017.8290133",2,0,0
"10.1038/s41598-020-71664-w",1,1,1
"10.14311/nnw.2017.27.008",1,1,1
"10.1038/s41540-017-0006-3",1,1,1
"10.1371/journal.pcbi.1009980",1,1,1
"10.1002/tafs.10139",1,1,1
"10.1016/j.simpat.2023.102739",1,1,1
"10.1177/09589287221115670",1,1,1
"10.3141/2553-04",1,1,1
"10.3390/en14113191",1,1,1
"10.1016/j.ecolmodel.2012.02.003",1,1,1
"10.1016/j.dam.2019.09.017",1,1,1
"10.1080/00207179.2016.1239839",1,1,1
"10.1177/0731684420983594",1,1,1
"10.1080/00038628.2020.1777387",1,1,1
"10.1046/j.1365-2664.2001.00610.x",1,1,1
"10.1002/cav.2071",1,1,1
"10.1007/s12555-014-0360-5",1,1,1
"10.1016/j.ins.2006.10.005",1,1,1
"10.1016/j.jbusres.2007.02.006",1,1,1
"10.1371/journal.pone.0185856",1,1,1
"10.3233/978-1-61499-098-7-49",1,1,1
"10.1016/j.trd.2023.103645",1,1,1
"10.1109/tnsm.2021.3102621",1,1,1
"10.1590/0102-311x00051615",1,1,1
"10.1504/ijtel.2009.024870",1,1,1
"10.3233/mgs-2007-3408",1,1,1
"10.3322/caac.21457",1,1,1
"10.1016/j.cub.2022.10.064",1,1,1
"10.1111/1468-0297.00133",1,1,1
"10.1002/mma.4900",1,1,1
"10.15598/aeee.v11i6.867",1,1,1
"10.3141/2451-12",1,1,1
"10.1016/j.compenvurbsys.2015.08.004",1,1,1
"10.1016/j.autcon.2004.07.008",1,1,1
"10.1097/ede.0000000000000497",1,1,1
"10.1016/j.ecolmodel.2015.05.015",1,1,1
"10.3390/su13147968",1,1,1
"10.1177/0894439313513420",1,1,1
"10.1111/j.1748-0361.2007.00079.x",1,1,1
"10.3390/electronics9010116",1,1,1
"10.1016/s0304-3800(03)00098-x",1,1,1
"10.1016/j.engappai.2012.06.003",1,1,1
"10.1002/cplx.21690",1,1,1
"10.1186/1749-8090-3-17",1,1,1
"10.1109/tac.2022.3173062",1,1,1
"10.1103/physreve.102.042404",1,1,1
"10.3138/cpp.2018-049",1,1,1
"10.5547/01956574.40.6.mwel",1,1,1
"10.1109/systems.2009.4815835",1,1,1
"10.1098/rsos.210233",1,1,1
"10.1080/19397038.2011.581392",1,1,1
"10.1016/j.apenergy.2017.01.092",1,1,1
"10.1007/978-3-319-39399-5_24",1,1,1
"10.1142/s0218202515500128",1,1,1
"10.3389/fimmu.2019.01289",1,1,1
"10.1109/access.2019.2904091",1,1,1
"10.1016/j.ins.2016.01.072",1,1,1
"10.1016/j.envsoft.2020.104909",1,1,1
"10.1016/j.asoc.2018.09.024",1,1,1
"10.1371/journal.pntd.0009606",1,1,1
"10.1080/13658816.2013.782613",1,1,1
"10.1186/1471-2458-14-1019",1,1,1
"10.1142/s021819400900412x",1,1,1
"10.1177/01655515211061867",1,1,1
"10.1016/j.eswa.2020.114285",1,1,1
"10.1016/j.procs.2015.05.160",1,1,1
"10.1111/1365-2656.13214",1,1,1
"10.1007/978-3-319-47253-9_30",1,1,1
"10.1163/15685373-12340042",1,1,1
"10.1109/te.2017.2754987",1,1,1
"10.1109/tac.2021.3131678",1,1,1
"10.1016/j.tube.2023.102304",1,1,1
"10.2753/jec1086-4415180102",1,1,1
"10.1142/s0219525915500149",1,1,1
"10.1016/s0304-405x(99)00058-6",1,1,1
"10.1016/j.ifacol.2019.08.260",1,1,1
"10.1007/s11269-009-9433-2",1,1,1
"10.1109/southeastcon44009.2020.9249674",1,1,1
"10.1002/sdr.451",1,1,1
"10.1086/644786",1,1,1
"10.3926/jiem.3597",1,1,1
"10.1016/j.spinee.2014.06.018",1,1,1
"10.1109/tpel.2017.2761438",1,1,1
"10.1016/j.cirpj.2009.05.003",1,1,1
"10.3390/sym14071368",1,1,1
"10.1007/s10588-012-9149-3",1,1,1
"10.1016/j.enpol.2018.08.008",1,1,1
"10.1080/00207543.2010.518737",1,1,1
"10.1002/aic.14226",1,1,1
"10.1109/tsg.2017.2735998",1,1,1
"10.1109/access.2022.3141912",1,1,1
"10.24818/18423264/52.4.18.16",1,1,1
"10.1007/s40815-022-01317-9",1,1,1
"10.1007/s10641-013-0186-7",1,1,1
"10.1109/tim.2009.2016301",1,1,1
"10.1016/j.compenvurbsys.2010.05.005",1,1,1
"10.1093/beheco/arj036",1,1,1
"10.1016/j.pocean.2011.10.001",1,1,1
"10.1007/s10588-015-9199-4",1,1,1
"10.1021/ie5020519",1,1,1
"10.18564/jasss.1822",1,1,1
"10.1155/2021/9731180",1,1,1
"10.1016/j.eswa.2019.112962",1,1,1
"10.1186/s13717-021-00343-z",1,1,1
"10.1007/978-3-319-47253-9_27",1,1,1
"10.1016/j.ecolmodel.2008.01.026",1,1,1
"10.1016/j.automatica.2018.03.022",1,1,1
"10.1111/j.1365-2664.2007.01369.x",1,1,1
"10.1111/1467-8640.t01-1-00206",1,1,1
"10.1016/j.eswa.2007.10.017",1,1,1
"10.1111/brv.12775",1,1,1
"10.1155/2017/6831596",1,1,1
"10.1371/journal.pone.0039927",1,1,1
"10.1016/j.jhe.2016.05.004",1,1,1
"10.1534/genetics.116.191379",1,1,1
"10.1016/j.cie.2018.07.046",1,1,1
"10.1016/j.jedc.2015.10.003",1,1,1
"10.1371/journal.pone.0013749",1,1,1
"10.1016/j.automatica.2021.109863",1,1,1
"10.1016/s0140-3664(99)00237-6",1,1,1
"10.1093/scipol/scac027",1,1,1
"10.1561/2600000004",1,1,1
"10.1016/j.econmod.2017.08.031",1,1,1
"10.1016/j.scs.2019.101567",1,1,1
"10.1016/j.apenergy.2020.115295",1,1,1
"10.1016/j.comnet.2021.108282",1,1,1
"10.1371/journal.pone.0251688",1,1,1
"10.1109/isdea.2014.133",1,1,1
"10.3390/en16104161",1,1,1
"10.1007/978-3-030-25510-7_1",1,1,1
"10.1007/s13369-022-07545-3",1,1,1
"10.1097/mlr.0b013e318074ce8a",1,1,1
"10.1177/00811750211057572",1,1,1
"10.1016/j.automatica.2015.11.004",1,1,1
"10.1016/j.actaastro.2015.12.045",1,1,1
"10.18564/jasss.4699",1,1,1
"10.1371/journal.pcbi.1006869",1,1,1
"10.1002/asjc.104",1,1,1
"10.1111/j.1095-8649.2003.00231.x",1,1,1
"10.3390/app7100963",1,1,1
"10.3233/ica-130437",1,1,1
"10.1007/s10588-022-09368-x",1,1,1
"10.1021/es3038966",1,1,1
"10.18564/jasss.4951",1,1,1
"10.1016/j.jas.2018.08.014",1,1,1
"10.1088/1748-3182/7/1/016009",1,1,1
"10.1155/2018/3138696",1,1,1
"10.1016/j.ssresearch.2021.102644",1,1,1
"10.3389/fmicb.2015.00503",1,1,1
"10.1016/j.contraception.2016.03.014",1,1,1
"10.1016/j.apenergy.2021.116688",1,1,1
"10.3390/su13126777",1,1,1
"10.1016/j.jclepro.2022.134032",1,1,1
"10.1016/s0003-4975(02)04722-7",1,1,1
"10.1177/0894439313511585",1,1,1
"10.1007/s11424-018-7096-x",1,1,1
"10.1073/pnas.0809194105",1,1,1
"10.1016/j.eswa.2022.119482",1,1,1
"10.1186/s12898-016-0058-z",1,1,1
"10.1007/978-3-030-26118-4_10",1,1,1
"10.1109/tste.2013.2278540",1,1,1
"10.1145/3330089.3330104",1,1,1
"10.1016/j.jenvman.2023.117231",1,1,1
"10.1080/00207721.2020.1793229",1,1,1
"10.1109/tits.2013.2285228",1,1,1
"10.1002/rnc.1687",1,1,1
"10.1016/j.ssci.2021.105399",1,1,1
"10.1016/j.compenvurbsys.2006.07.004",1,1,1
"10.1016/j.enpol.2017.12.030",1,1,1
"10.1016/j.future.2018.02.020",1,1,1
"10.7326/m20-6558",1,1,1
"10.1016/j.compchemeng.2018.01.008",1,1,1
"10.1016/j.ifacol.2022.11.055",1,1,1
"10.1093/plankt/fbw074",1,1,1
"10.1016/j.cja.2015.10.007",1,1,1
"10.1109/access.2021.3070388",1,1,1
"10.1109/tsg.2018.2861679",1,1,1
"10.1016/j.ejcon.2021.04.002",1,1,1
"10.1007/s00246-020-02409-9",1,1,1
"10.1109/tnnls.2017.2691760",1,1,1
"10.1073/pnas.1118318108",1,1,1
"10.1890/0012-9658(2006)87[2094:omsfsf]2.0.co;2",1,1,1
"10.4018/jiit.2010100902",1,1,1
"10.1177/0361198121994580",1,1,1
"10.1016/j.envsoft.2012.06.016",1,1,1
"10.3390/mi2020082",1,1,1
"10.1002/asjc.3095",1,1,1
"10.15195/v5.a15",1,1,1
"10.1016/s2468-2667(17)30222-0",1,1,1
"10.3390/en11071876",1,1,1
"10.1155/2014/796859",1,1,1
"10.1177/0272989x15583846",1,1,1
"10.1142/s021952592240001x",1,1,1
"10.1002/eej.22574",1,1,1
"10.1080/03772063.2005.11416420",1,1,1
"10.1016/j.jfranklin.2018.12.003",1,1,1
"10.1016/j.jneb.2019.07.005",1,1,1
"10.1007/s10797-014-9303-6",1,1,1
"10.1177/0278364910397621",1,1,1
"10.1162/evco.2007.15.3.253",1,1,1
"10.1371/journal.pone.0133732",1,1,1
"10.1002/jwmg.22384",1,1,1
"10.1111/2041-210x.13076",1,1,1
"10.1016/j.eswa.2018.01.018",1,1,1
"10.3390/su14116589",1,1,1
"10.1177/1045389x16672594",1,1,1
"10.1016/j.jempfin.2016.02.002",1,1,1
"10.1007/s11633-016-0958-6",1,1,1
"10.3354/ab00541",1,1,1
"10.1016/j.jpdc.2022.06.010",1,1,1
"10.1109/access.2023.3292938",1,1,1
"10.1371/journal.pone.0118921",1,1,1
"10.1109/tac.2022.3203355",1,1,1
"10.1016/j.mehy.2021.110655",1,1,1
"10.3389/fenrg.2022.908199",1,1,1
"10.1016/j.enconman.2020.112932",1,1,1
"10.1111/1467-8659.00634",1,1,1
"10.3141/2638-06",1,1,1
"10.1093/plankt/fbx034",1,1,1
"10.3390/en10010028",1,1,1
"10.1109/tac.2008.2011009",1,1,1
"10.1002/ijc.27463",1,1,1
"10.1016/j.jenvman.2020.110762",1,1,1
"10.1016/j.pocean.2015.02.002",1,1,1
"10.1080/09537280600940663",1,1,1
"10.1136/bmjopen-2019-031325",1,1,1
"10.1080/00330120701873645",1,1,1
"10.1007/s10015-020-00657-9",1,1,1
"10.1007/s10489-019-01440-5",1,1,1
"10.1371/journal.pmed.1004248",1,1,1
"10.1002/asjc.1874",1,1,1
"10.1109/twc.2022.3233436",2,0,0
"10.1016/j.jet.2010.03.014",1,1,1
"10.1177/14780771221089886",1,1,1
"10.3390/app12115454",1,1,1
"10.1177/0160017620914061",1,1,1
"10.1080/09538250701622303",1,1,1
"10.1080/03081079.2014.888552",1,1,1
"10.1016/j.trc.2017.02.023",1,1,1
"10.1016/j.ecolmodel.2022.109961",1,1,1
"10.1108/ijcma-07-2019-0118",1,1,1
"10.1080/00207721.2011.626904",1,1,1
"10.1002/rnc.3753",1,1,1
"10.1007/s11467-013-0366-0",1,1,1
"10.3390/aerospace10020186",1,1,1
"10.1016/j.eswa.2022.119008",1,1,1
"10.1103/physreve.82.056209",1,1,1
"10.1002/aepp.13037",1,1,1
"10.1080/15568318.2017.1368748",1,1,1
"10.1007/s10479-012-1257-4",1,1,1
"10.3389/fnbot.2022.817168",1,1,1
"10.1080/02626667.2020.1810254",1,1,1
"10.1016/j.aap.2013.10.023",1,1,1
"10.1016/j.automatica.2014.03.017",1,1,1
"10.1136/bmjopen-2016-013158",1,1,1
"10.1371/journal.pone.0080753",1,1,1
"10.1016/j.apenergy.2015.10.130",1,1,1
"10.1016/j.fcr.2013.09.018",1,1,1
"10.1109/tste.2013.2293148",1,1,1
"10.1029/2020ef001883",1,1,1
"10.1007/s10841-018-0059-7",1,1,1
"10.1109/tnnls.2015.2498303",1,1,1
"10.1371/journal.pone.0267448",1,1,1
"10.1080/15472450.2014.936292",1,1,1
"10.1016/j.ecolmodel.2013.09.007",1,1,1
"10.1007/978-981-10-2672-0_27",1,1,1
"10.1287/mnsc.1050.0495",1,1,1
"10.1002/jwmg.656",1,1,1
"10.1128/jvi.02022-09",1,1,1
"10.1016/j.jenvman.2018.10.061",1,1,1
"10.1109/eecs.2018.00016",1,1,1
"10.1080/21680566.2019.1670118",1,1,1
"10.3390/su13105411",1,1,1
"10.1186/s12544-020-00457-z",1,1,1
"10.18564/jasss.2045",1,1,1
"10.3233/mgs-2006-2411",1,1,1
"10.1016/j.actatropica.2020.105452",1,1,1
"10.3141/2648-14",1,1,1
"10.1332/175982721x16649700901023",1,1,1
"10.1109/tnnls.2015.2425933",1,1,1
"10.1177/0272989x14551640",1,1,1
"10.1016/j.ifacol.2018.06.142",1,1,1
"10.1016/j.aap.2022.106922",1,1,1
"10.3233/ica-2012-0388",1,1,1
"10.1109/tac.2022.3214058",2,0,0
"10.1016/j.scs.2022.104105",1,1,1
"10.1016/j.epsr.2020.106903",1,1,1
"10.3390/su9040564",1,1,1
"10.1016/j.jtbi.2013.03.027",1,1,1
"10.1016/j.ecolecon.2016.05.006",1,1,1
"10.1016/j.isatra.2017.06.022",1,1,1
"10.3389/fevo.2022.983337",1,1,1
"10.1016/j.jclepro.2021.128931",1,1,1
"10.3390/s20061554",1,1,1
"10.1016/j.simpat.2018.06.008",1,1,1
"10.1053/j.gastro.2015.07.042",1,1,1
"10.1109/tac.2016.2519687",1,1,1
"10.1016/s0925-5273(01)00129-3",1,1,1
"10.1007/978-3-319-20370-6_4",1,1,1
"10.1016/j.neucom.2015.08.060",1,1,1
"10.1504/ijem.2014.066185",1,1,1
"10.1093/cje/bei078",1,1,1
"10.1177/1059712314547318",1,1,1
"10.1016/j.epsr.2016.03.014",1,1,1
"10.3141/2035-19",1,1,1
"10.1377/hlthaff.w5.r18",1,1,1
"10.1016/j.ecolmodel.2012.10.003",1,1,1
"10.1007/s00265-018-2583-6",1,1,1
"10.1016/j.envsoft.2018.06.013",1,1,1
"10.1007/s40258-023-00818-4",1,1,1
"10.1093/imammb/dqq023",1,1,1
"10.1016/j.isatra.2017.01.004",1,1,1
"10.1007/s10588-008-9053-z",1,1,1
"10.1016/s1015-9584(09)60093-2",1,1,1
"10.1016/j.envsoft.2015.05.005",1,1,1
"10.1016/j.adhoc.2012.04.013",1,1,1
"10.1016/b978-0-12-409548-9.10620-7",2,0,0
"10.1016/j.automatica.2015.12.025",1,1,1
"10.1111/eva.12004",1,1,1
"10.1137/15m1026729",1,1,1
"10.1063/1.5120776",1,1,1
"10.1016/j.cag.2021.06.005",1,1,1
"10.1016/j.actaastro.2018.10.040",1,1,1
"10.3390/app10124057",1,1,1
"10.2307/3285664",1,1,1
"10.1007/s11538-015-0072-x",1,1,1
"10.1098/rsos.182084",1,1,1
"10.1007/s11135-013-9957-7",1,1,1
"10.1016/j.ifacol.2015.06.439",1,1,1
"10.1016/j.engappai.2019.103241",1,1,1
"10.1007/s00256-016-2502-8",1,1,1
"10.1111/oik.09056",1,1,1
"10.1007/s12555-013-0220-8",1,1,1
"10.1086/431252",1,1,1
"10.1093/ee/27.4.892",1,1,1
"10.1007/978-3-031-09176-6_42",1,1,1
"10.1007/978-3-031-16579-5_25",1,1,1
"10.1109/tro.2023.3266994",2,0,0
"10.1061/ajrua6.0001257",1,1,1
"10.1111/gcb.13904",1,1,1
"10.1016/j.landusepol.2021.105866",1,1,1
"10.1007/978-3-031-20141-7_16",1,1,1
"10.1016/j.bspc.2021.102508",1,1,1
"10.3141/2140-22",1,1,1
"10.1007/s42001-020-00083-8",1,1,1
"10.1016/j.fishres.2014.12.024",1,1,1
"10.1186/1471-2148-11-323",1,1,1
"10.1111/j.1530-9290.2009.00122.x",1,1,1
"10.1016/j.strueco.2017.08.004",1,1,1
"10.1109/tsmc.2017.2660883",1,1,1
"10.1109/tcyb.2017.2726102",1,1,1
"10.1007/s13278-021-00845-w",1,1,1
"10.1007/s10588-012-9151-9",1,1,1
"10.1177/10422587231178882",1,1,1
"10.4054/demres.2016.34.39",1,1,1
"10.1007/s12046-016-0515-6",1,1,1
"10.1080/08839510902804796",1,1,1
"10.1016/j.jbankfin.2019.105707",1,1,1
"10.1016/j.rser.2021.111911",1,1,1
"10.1109/access.2022.3221435",1,1,1
"10.1016/j.ekir.2020.03.016",1,1,1
"10.1007/s10845-011-0580-y",1,1,1
"10.1049/iet-its.2014.0147",1,1,1
"10.1016/j.envsci.2019.10.005",1,1,1
"10.1016/j.sbspro.2010.04.005",1,1,1
"10.1177/0037549708101575",1,1,1
"10.1016/j.cirp.2010.03.034",1,1,1
"10.1061/(asce)co.1943-7862.0000680",1,1,1
"10.1038/srep01904",1,1,1
"10.3390/land4020378",1,1,1
"10.1016/j.jenvman.2021.113776",1,1,1
"10.1109/access.2021.3090782",2,0,0
"10.1007/s00191-018-0559-3",1,1,1
"10.1016/j.idm.2023.04.001",1,1,1
"10.1016/j.eswa.2010.03.064",1,1,1
"10.1016/j.ecocom.2009.03.011",1,1,1
"10.1016/j.compenvurbsys.2023.101955",1,1,1
"10.1109/tac.2016.2614486",1,1,1
"10.1016/j.engappai.2021.104622",1,1,1
"10.1109/5254.988459",1,1,1
"10.1007/s11370-023-00476-4",2,0,0
"10.1073/pnas.2213713120",1,1,1
"10.1177/0037549718793214",1,1,1
"10.1006/anbe.2003.2158",1,1,1
"10.1016/j.jtbi.2011.02.010",1,1,1
"10.1007/s10472-022-09805-2",1,1,1
"10.1016/j.eswa.2013.08.003",1,1,1
"10.1016/j.procs.2017.05.029",1,1,1
"10.1016/j.jtrangeo.2012.04.013",1,1,1
"10.1002/ecs2.1829",1,1,1
"10.1056/nejmsa020614",1,1,1
"10.1061/(asce)co.1943-7862.0000022",1,1,1
"10.1109/tpwrs.2011.2120631",1,1,1
"10.1016/j.cels.2019.02.007",1,1,1
"10.1109/tac.2016.2621764",1,1,1
"10.1109/ictai.2011.108",1,1,1
"10.1186/s12859-017-1961-9",1,1,1
"10.1016/j.ifacol.2021.04.109",1,1,1
"10.3390/drones6110322",1,1,1
"10.1007/s42452-020-2414-z",1,1,1
"10.1080/10242694.2017.1349311",1,1,1
"10.1016/j.engappai.2023.106701",1,1,1
"10.1371/journal.pone.0288062",1,1,1
"10.1111/ele.13867",1,1,1
"10.1016/s1569-190x(03)00010-8",1,1,1
"10.1080/00207543.2022.2154405",1,1,1
"10.1109/tcsii.2023.3252660",1,1,1
"10.1016/j.simpat.2011.07.005",1,1,1
"10.1109/iros.2006.281990",1,1,1
"10.1007/s00500-019-03809-7",1,1,1
"10.1177/1548512918798056",1,1,1
"10.1109/tem.2011.2109725",1,1,1
"10.1109/jbhi.2022.3160243",1,1,1
"10.1007/s00191-017-0548-y",1,1,1
"10.1186/s12916-022-02641-5",1,1,1
"10.1016/j.simpat.2017.03.006",1,1,1
"10.1177/0361198118758671",1,1,1
"10.1007/978-3-031-25752-0_27",1,1,1
"10.1016/j.ejor.2018.12.002",1,1,1
"10.1098/rsif.2013.0717",1,1,1
"10.1186/1475-2875-12-290",1,1,1
"10.1109/35.689632",1,1,1
"10.1111/faf.12466",1,1,1
"10.1137/20m1387584",1,1,1
"10.1002/etc.5640",1,1,1
"10.1016/j.mcm.2008.05.011",1,1,1
"10.1016/j.ijnurstu.2022.104319",1,1,1
"10.1007/s10588-023-09383-6",1,1,1
"10.1016/j.aml.2021.107611",1,1,1
"10.3390/en11102802",1,1,1
"10.1016/j.jcss.2015.08.004",1,1,1
"10.1007/s12555-019-0817-7",1,1,1
"10.3390/en15114031",1,1,1
"10.1016/j.sysconle.2018.06.006",1,1,1
"10.1016/j.ins.2019.05.095",1,1,1
"10.1046/j.1365-2419.2001.00167.x",1,1,1
"10.1080/00207721.2011.618641",1,1,1
"10.2478/fcds-2020-0002",1,1,1
"10.1186/s12889-022-14970-4",1,1,1
"10.1080/19427867.2021.1888197",1,1,1
"10.1155/2018/9347109",1,1,1
"10.1145/3355611",1,1,1
"10.1001/jamanetworkopen.2022.7240",1,1,1
"10.1145/3458510",1,1,1
"10.3390/info11110527",1,1,1
"10.3390/s21206923",1,1,1
"10.1186/s13071-015-1159-9",1,1,1
"10.1109/tac.2020.2976315",1,1,1
"10.1109/sitis.2017.12",1,1,1
"10.1016/j.neucom.2018.01.059",1,1,1
"10.1109/icces.2009.5383291",1,1,1
"10.1016/j.ecolmodel.2021.109507",1,1,1
"10.1007/s11432-015-5508-2",1,1,1
"10.1016/j.jmarsys.2012.05.006",1,1,1
"10.1603/0022-2585-41.1.83",1,1,1
"10.3389/frwa.2021.789702",1,1,1
"10.1016/j.epsr.2023.109693",1,1,1
"10.1080/15389588.2019.1625335",1,1,1
"10.1186/2194-3206-1-12",1,1,1
"10.3390/ijgi6070213",1,1,1
"10.1038/s41598-018-27544-5",1,1,1
"10.1007/s11748-014-0499-2",1,1,1
"10.1016/j.artmed.2012.11.001",1,1,1
"10.18564/jasss.3069",1,1,1
"10.1371/journal.pone.0139601",1,1,1
"10.1109/tnnls.2013.2237786",1,1,1
"10.1007/s11150-009-9077-2",1,1,1
"10.1371/journal.pcbi.1002547",1,1,1
"10.1016/j.ifacol.2021.10.387",1,1,1
"10.1016/j.ijepes.2021.107673",1,1,1
"10.1186/2194-3206-1-11",1,1,1
"10.1111/roiw.12530",1,1,1
"10.1016/j.agsy.2003.07.005",1,1,1
"10.1049/iet-cta.2014.0130",1,1,1
"10.1007/978-3-030-44783-0_3",1,1,1
"10.1002/sys.21437",1,1,1
"10.1007/s11227-018-2688-8",1,1,1
"10.7494/csci.2019.20.3.3339",1,1,1
"10.1007/s10922-015-9355-7",1,1,1
"10.1057/jos.2010.20",1,1,1
"10.18564/jasss.2715",1,1,1
"10.3390/en9121057",1,1,1
"10.1016/j.envpol.2018.06.019",1,1,1
"10.1016/j.isatra.2017.07.005",1,1,1
"10.1016/j.cstp.2019.07.010",1,1,1
"10.1002/pam.10075",1,1,1
"10.1016/j.ijdrr.2022.103215",1,1,1
"10.1145/3450521",1,1,1
"10.1111/epi.17408",1,1,1
"10.1016/j.rcim.2011.03.004",1,1,1
"10.1109/tla.2020.9387668",1,1,1
"10.1155/2021/5832319",1,1,1
"10.1016/j.jcss.2014.12.010",1,1,1
"10.1002/asjc.572",1,1,1
"10.1186/s12916-018-1095-6",1,1,1
"10.1016/j.ecss.2005.07.007",1,1,1
"10.1023/a:1022336001999",1,1,1
"10.1016/j.future.2020.12.001",1,1,1
"10.1007/s12325-018-0664-6",1,1,1
"10.1186/s12544-018-0317-5",1,1,1
"10.1371/journal.pone.0199915",1,1,1
"10.1186/2051-3933-2-11",1,1,1
"10.1001/jama.2017.19872",1,1,1
"10.1016/j.matcom.2005.02.036",1,1,1
"10.2478/v10244-012-0001-0",1,1,1
"10.3390/electronics12061468",1,1,1
"10.1098/rspb.2021.0881",1,1,1
"10.1136/bmjopen-2020-037854",1,1,1
"10.1155/2015/867264",1,1,1
"10.1109/5.823996",1,1,1
"10.3390/su14042203",1,1,1
"10.1080/00207721.2016.1181224",1,1,1
"10.32604/iasc.2023.026289",1,1,1
"10.1145/3068287",1,1,1
"10.1186/s12976-020-00130-x",1,1,1
"10.2165/11310120-000000000-00000",1,1,1
"10.1023/a:1015786822825",1,1,1
"10.1002/acr2.11480",1,1,1
"10.1109/wetice.2014.43",1,1,1
"10.1139/f2011-160",1,1,1
"10.1021/acs.iecr.1c01951",1,1,1
"10.1109/robio.2006.340359",1,1,1
"10.1061/(asce)cp.1943-5487.0000409",1,1,1
"10.1007/978-3-319-47253-9_34",1,1,1
"10.1109/access.2021.3052907",1,1,1
"10.1016/j.jclepro.2019.119449",1,1,1
"10.1109/tac.2010.2051094",1,1,1
"10.1111/1365-2435.12593",1,1,1
"10.1016/s0959-8049(01)00204-0",1,1,1
"10.1109/tits.2011.2169792",1,1,1
"10.1007/s10846-017-0700-9",1,1,1
"10.15282/ijame.17.4.2020.03.0623",1,1,1
"10.1007/s12117-016-9288-x",1,1,1
"10.1007/s42001-021-00142-8",1,1,1
"10.1016/j.ecolmodel.2013.01.004",1,1,1
"10.1002/2013wr013666",1,1,1
"10.1142/s0218202522500440",1,1,1
"10.1016/j.ins.2011.09.036",1,1,1
"10.3390/electronics8020231",1,1,1
"10.5755/j01.eie.24.3.20956",1,1,1
"10.1109/tase.2022.3207289",1,1,1
"10.1023/a:1009686016775",1,1,1
"10.1142/s0218843020500057",1,1,1
"10.1016/j.geoforum.2007.03.010",1,1,1
"10.1007/s11116-005-5325-3",1,1,1
"10.1007/978-3-319-93701-4_9",1,1,1
"10.1007/s11116-022-10358-w",1,1,1
"10.1080/0951192x.2019.1571231",1,1,1
"10.1108/ijefm-10-2022-0079",1,1,1
"10.1093/humrep/der455",1,1,1
"10.1017/dem.2019.4",1,1,1
"10.1016/j.jclepro.2020.122654",1,1,1
"10.1080/09528130410001710792",1,1,1
"10.1002/eej.21264",1,1,1
"10.1016/j.compchemeng.2014.07.005",1,1,1
"10.1007/978-981-19-8234-7_54",1,1,1
"10.1016/j.envpol.2011.08.033",1,1,1
"10.1016/j.mbs.2019.01.006",1,1,1
"10.1002/er.5759",1,1,1
"10.4000/cybergeo.27046",1,1,1
"10.1049/iet-gtd.2017.0393",1,1,1
"10.1371/journal.pbio.3001211",1,1,1
"10.1016/j.ecolmodel.2018.09.005",1,1,1
"10.1186/s40854-021-00288-4",1,1,1
"10.1038/s41540-020-0128-x",1,1,1
"10.1038/s41396-017-0023-7",1,1,1
"10.1061/(asce)te.1943-5436.0000531",1,1,1
"10.1007/bf01797081",1,1,1
"10.1007/s11036-016-0684-x",1,1,1
"10.1080/00207543.2022.2132313",2,0,0
"10.1128/jcm.39.4.1443-1448.2001",1,1,1
"10.1016/b978-0-444-63768-0.00696-x",2,0,0
"10.1109/iscc55528.2022.9912855",1,1,1
"10.1007/s10109-012-0173-0",1,1,1
"10.1016/j.ijepes.2013.07.029",1,1,1
"10.1016/j.cmpb.2020.105896",1,1,1
"10.1109/tsg.2012.2189028",1,1,1
"10.1016/j.ijpe.2009.02.014",1,1,1
"10.1016/j.mechatronics.2010.10.006",1,1,1
"10.1103/physreve.100.012308",1,1,1
"10.23919/acc45564.2020.9147494",1,1,1
"10.1186/s12879-022-07639-1",1,1,1
"10.1016/j.isatra.2019.08.064",1,1,1
"10.1007/s10506-008-9062-8",1,1,1
"10.1007/s13369-013-0800-1",1,1,1
"10.1016/j.ijdrr.2021.102246",1,1,1
"10.1016/j.econmod.2016.04.009",1,1,1
"10.1002/sim.8998",1,1,1
"10.1016/j.ijdrr.2020.102016",1,1,1
"10.1016/j.sysconle.2010.12.006",1,1,1
"10.1016/j.pmcj.2010.10.006",1,1,1
"10.1016/j.ecolmodel.2022.109968",1,1,1
"10.1186/2194-3206-2-3",1,1,1
"10.1111/exsy.12533",1,1,1
"10.1186/2192-113x-1-2",1,1,1
"10.1109/tac.2022.3190974",1,1,1
"10.3390/s19071524",1,1,1
"10.3389/fenrg.2022.998921",1,1,1
"10.3390/su14105927",1,1,1
"10.1109/access.2020.2975894",1,1,1
"10.1002/jia2.25059",1,1,1
"10.3390/fire6070276",1,1,1
"10.1108/17410390610703620",1,1,1
"10.1016/j.ifacol.2021.08.186",1,1,1
"10.1142/s1793962316420022",1,1,1
"10.1007/s11424-019-8228-7",1,1,1
"10.1023/b:vege.0000019041.42440.ea",1,1,1
"10.1111/1365-2435.12291",1,1,1
"10.14309/ajg.0000000000001263",1,1,1
"10.5195/ledger.2019.176",1,1,1
"10.1177/109114210102900103",1,1,1
"10.1016/j.ejor.2017.07.039",1,1,1
"10.1080/00207721.2014.993139",1,1,1
"10.1016/j.jclepro.2023.138072",1,1,1
"10.1093/jhc/fhv034",1,1,1
"10.1890/0012-9658(2000)081[3312:pepwai]2.0.co;2",1,1,1
"10.1061/(asce)cp.1943-5487.0000549",1,1,1
"10.1016/j.athoracsur.2007.09.036",1,1,1
"10.1007/s11432-018-9887-5",1,1,1
"10.1111/j.1467-9957.2005.00471.x",1,1,1
"10.3390/risks6030065",1,1,1
"10.1016/j.apenergy.2019.01.045",1,1,1
"10.1016/j.jtbi.2012.02.002",1,1,1
"10.1007/s12103-016-9336-8",1,1,1
"10.1007/s11069-020-03957-2",1,1,1
"10.1007/s10588-013-9156-z",1,1,1
"10.1080/15325008.2018.1517838",1,1,1
"10.1080/19439342.2019.1691626",1,1,1
"10.1007/978-3-319-17548-5_4",1,1,1
"10.1109/oajpe.2020.3023916",1,1,1
"10.1177/1063293x13493915",1,1,1
"10.1177/0046958016666009",1,1,1
"10.1098/rsif.2021.0579",1,1,1
"10.1016/j.esr.2022.100964",1,1,1
"10.1080/23789689.2022.2127270",1,1,1
"10.1155/2020/7646920",1,1,1
"10.1080/00207179.2019.1616824",1,1,1
"10.1109/ice/itmc-iamot55089.2022.10033203",1,1,1
"10.1016/j.eururo.2021.12.021",1,1,1
"10.3390/s101008888",1,1,1
"10.1177/1046878110377484",1,1,1
"10.1016/j.neucom.2017.01.111",1,1,1
"10.1016/j.apgeog.2011.08.012",1,1,1
"10.1007/bf01796911",1,1,1
"10.3897/neobiota.33.10300",1,1,1
"10.3390/app9102098",1,1,1
"10.1111/jeb.13786",1,1,1
"10.1016/j.enpol.2022.113114",1,1,1
"10.1007/s12195-015-0396-5",1,1,1
"10.1007/s10916-014-0032-2",1,1,1
"10.1109/access.2017.2758395",1,1,1
"10.1093/gigascience/giab030",1,1,1
"10.1080/00207721.2015.1024189",1,1,1
"10.1016/j.asoc.2022.108678",1,1,1
"10.1016/j.ajog.2013.06.009",1,1,1
"10.1111/jcom.12117",1,1,1
"10.1016/j.engappai.2012.09.005",1,1,1
"10.1016/j.ecolmodel.2015.05.031",1,1,1
"10.21660/2020.68.9495",1,1,1
"10.1115/1.3066501",1,1,1
"10.1016/j.csi.2021.103513",1,1,1
"10.1016/j.matpur.2013.10.003",1,1,1
"10.1016/j.advengsoft.2015.03.008",1,1,1
"10.1002/int.22594",1,1,1
"10.3390/en14030603",1,1,1
"10.1111/jeb.13694",1,1,1
"10.1016/j.engappai.2021.104500",1,1,1
"10.1016/s0378-4371(01)00486-1",1,1,1
"10.1016/j.physa.2006.11.044",1,1,1
"10.1080/19443994.2015.1104268",1,1,1
"10.1007/s00191-011-0245-1",1,1,1
"10.3390/en81212419",1,1,1
"10.1080/17477778.2020.1740625",1,1,1
"10.1007/s11192-011-0432-8",1,1,1
"10.1016/j.indmarman.2012.06.010",1,1,1
"10.1109/tac.2022.3146055",1,1,1
"10.1371/journal.pmed.1004111",1,1,1
"10.1109/access.2020.2974246",1,1,1
"10.1068/a325",1,1,1
"10.1007/s10472-011-9225-2",1,1,1
"10.1016/j.automatica.2016.07.024",1,1,1
"10.1098/rsif.2012.0612",1,1,1
"10.1109/tcyb.2016.2634400",1,1,1
"10.1109/access.2016.2626468",1,1,1
"10.1016/j.trc.2019.05.041",1,1,1
"10.1049/iet-cta.2014.1135",1,1,1
"10.1016/j.neucom.2015.02.056",1,1,1
"10.1371/journal.pone.0222483",1,1,1
"10.3745/jips.04.0261",1,1,1
"10.1080/0305215x.2018.1560437",1,1,1
"10.3390/en11113072",1,1,1
"10.1007/s00330-020-07014-1",1,1,1
"10.1007/s42452-019-1548-3",1,1,1
"10.1158/1055-9965.epi-20-1321",1,1,1
"10.1007/s10329-018-0684-5",1,1,1
"10.1109/jsyst.2012.2190693",1,1,1
"10.1371/journal.pmed.1002509",1,1,1
"10.1016/j.jedc.2022.104589",1,1,1
"10.1016/j.ijcip.2010.07.001",1,1,1
"10.1093/forsci/fxz015",1,1,1
"10.17645/up.v2i4.1039",1,1,1
"10.1002/adts.202100157",1,1,1
"10.1177/0037549714531060",1,1,1
"10.1016/j.ifacol.2017.08.176",1,1,1
"10.1109/csnt.2013.117",1,1,1
"10.1093/icc/dty071",1,1,1
"10.1007/978-0-85729-024-3_9",1,1,1
"10.7326/m18-3633",1,1,1
"10.1371/journal.pone.0156823",1,1,1
"10.1007/s00265-014-1718-7",1,1,1
"10.1177/0272989x11408730",1,1,1
"10.1080/19401493.2022.2106309",1,1,1
"10.1007/s11277-018-5266-8",1,1,1
"10.1111/evo.12928",1,1,1
"10.1109/tcyb.2021.3052792",1,1,1
"10.1016/j.epidem.2022.100584",1,1,1
"10.1109/dessert50317.2020.9125033",1,1,1
"10.1016/j.jhydrol.2019.123955",1,1,1
"10.1049/iet-cta.2013.0607",1,1,1
"10.1016/s0990-7440(98)80001-6",1,1,1
"10.1109/cdc51059.2022.9993293",1,1,1
"10.1016/j.biosystems.2010.07.008",1,1,1
"10.1163/156853905774405290",1,1,1
"10.1016/j.epidem.2013.12.003",1,1,1
"10.1016/j.amepre.2021.08.029",1,1,1
"10.1080/21680566.2016.1147002",1,1,1
"10.3390/su13031302",1,1,1
"10.1016/j.procs.2017.05.366",1,1,1
"10.1201/b17333",3,0,0
"10.1177/0731684420920927",1,1,1
"10.3390/app9214653",1,1,1
"10.1007/978-3-319-44427-7_24",1,1,1
"10.1016/j.ecolmodel.2013.08.002",1,1,1
"10.1016/j.jclepro.2022.131809",1,1,1
"10.1186/s12889-022-12910-w",1,1,1
"10.1111/j.1468-2397.2008.00618.x",1,1,1
"10.1086/696847",1,1,1
"10.1111/j.1475-5890.2008.00083.x",1,1,1
"10.1016/j.jcp.2012.09.010",1,1,1
"10.1007/s10552-017-0907-x",1,1,1
"10.1016/j.ifacol.2020.12.2267",1,1,1
"10.1016/j.jclepro.2016.05.021",1,1,1
"10.1016/j.ecolmodel.2008.07.017",1,1,1
"10.3390/su131810277",1,1,1
"10.1111/gcb.13581",1,1,1
"10.1016/0161-8938(95)00078-x",1,1,1
"10.1109/jsyst.2019.2925346",1,1,1
"10.1109/tcsii.2021.3091630",1,1,1
"10.1007/s11721-010-0048-2",1,1,1
"10.4018/ijghpc.2016010101",1,1,1
"10.1016/j.jtbi.2014.05.033",1,1,1
"10.1007/s10472-022-09809-y",2,0,0
"10.1038/s41598-023-35580-z",1,1,1
"10.3390/en13236269",1,1,1
"10.1063/1.4972788",1,1,1
"10.1016/j.engappai.2011.05.008",1,1,1
"10.1016/s0079-6611(02)00035-6",1,1,1
"10.1109/tac.2009.2029296",1,1,1
"10.1371/journal.pone.0116111",1,1,1
"10.1016/j.epsr.2012.03.013",1,1,1
"10.1049/itr2.12258",1,1,1
"10.20965/jaciii.2014.p0071",1,1,1
"10.1177/0361198119848409",1,1,1
"10.1016/j.energy.2018.01.015",1,1,1
"10.1016/j.proeng.2017.03.316",1,1,1
"10.1017/s0263574705002195",1,1,1
"10.1109/tsg.2012.2197833",1,1,1
"10.1109/iros.2008.4650971",1,1,1
"10.1016/j.ecolmodel.2020.109260",1,1,1
"10.1177/1046878106289089",1,1,1
"10.1126/sciadv.abd8750",1,1,1
"10.1007/978-3-030-85906-0_3",1,1,1
"10.1093/icc/dtac001",1,1,1
"10.1016/j.epidem.2016.11.002",1,1,1
"10.1080/00207179.2019.1585576",1,1,1
"10.1007/s10723-007-9062-z",1,1,1
"10.1016/j.jglr.2016.05.003",1,1,1
"10.1186/1471-2407-5-37",1,1,1
"10.1109/tsmcc.2009.2031092",1,1,1
"10.1177/0272989x211016810",1,1,1
"10.1145/2734117",1,1,1
"10.1128/aem.00487-13",1,1,1
"10.1007/s12603-018-1104-7",1,1,1
"10.1177/1476127016669869",1,1,1
"10.1093/ietisy/e90-d.9.1335",1,1,1
"10.14246/irspsd.3.3_4",1,1,1
"10.1016/j.procs.2017.06.131",1,1,1
"10.1007/s41651-017-0006-2",1,1,1
"10.1006/jmsc.2001.1096",1,1,1
"10.1109/tlt.2019.2910067",1,1,1
"10.1007/s11277-021-09079-7",1,1,1
"10.1016/j.jocs.2017.04.009",1,1,1
"10.1089/can.2018.0027",1,1,1
"10.1016/j.compenvurbsys.2021.101660",1,1,1
"10.1049/iet-cta.2015.0548",1,1,1
"10.3310/vlfl1739",1,1,1
"10.3103/s0146411622060037",1,1,1
"10.1049/cth2.12417",1,1,1
"10.1007/978-3-319-40162-1_27",1,1,1
"10.3141/2147-13",1,1,1
"10.1007/978-3-319-19629-9_10",1,1,1
"10.1016/j.compenvurbsys.2012.08.004",1,1,1
"10.1016/j.techfore.2005.12.007",1,1,1
"10.1007/s12559-009-9022-y",1,1,1
"10.3390/app11146530",1,1,1
"10.1109/tvt.2020.2995668",1,1,1
"10.1016/j.actaastro.2022.09.049",1,1,1
"10.1073/pnas.2206738119",1,1,1
"10.1093/sysbio/syy049",1,1,1
"10.1016/j.tust.2014.03.008",1,1,1
"10.1080/0022250x.2020.1836625",1,1,1
"10.1109/wetice.2011.14",1,1,1
"10.1007/s00181-011-0505-9",1,1,1
"10.1007/s42835-020-00446-1",1,1,1
"10.1007/s10015-023-00873-z",1,1,1
"10.1002/ijc.28732",1,1,1
"10.1016/j.foreco.2004.01.051",1,1,1
"10.3934/nhm.2017012",1,1,1
"10.1007/s10796-016-9702-6",1,1,1
"10.1016/j.automatica.2014.02.036",1,1,1
"10.1111/j.1600-0587.2009.05997.x",1,1,1
"10.7166/31-2-2314",1,1,1
"10.1016/j.ifacol.2019.12.259",1,1,1
"10.1371/journal.pone.0012522",1,1,1
"10.1016/j.neucom.2016.09.013",1,1,1
"10.1016/j.jtbi.2012.09.009",1,1,1
"10.1016/j.ins.2023.119074",1,1,1
"10.1016/j.artint.2019.103228",1,1,1
"10.1016/j.sysconle.2018.10.001",1,1,1
"10.1073/pnas.0608270104",1,1,1
"10.1016/j.techfore.2022.121682",1,1,1
"10.1080/19427867.2021.1988437",1,1,1
"10.1109/tits.2019.2943521",1,1,1
"10.1587/transcom.2021ebp3200",1,1,1
"10.1109/icic53490.2021.9693008",1,1,1
"10.4018/jaci.2009010102",1,1,1
"10.1007/s10663-012-9191-x",1,1,1
"10.1049/iet-cta.2011.0011",1,1,1
"10.1016/j.habitatint.2015.05.033",1,1,1
"10.1016/s0169-023x(98)00041-x",1,1,1
"10.18564/jasss.3628",1,1,1
"10.1016/j.pocean.2021.102518",1,1,1
"10.1057/jos.2009.30",1,1,1
"10.1016/j.ecolmodel.2017.07.018",1,1,1
"10.1016/j.eswa.2010.09.096",1,1,1
"10.1109/tcyb.2020.3037177",1,1,1
"10.3390/buildings12101608",1,1,1
"10.1080/00420980120080925",1,1,1
"10.1109/tcyb.2018.2856269",1,1,1
"10.1016/j.cageo.2012.12.007",1,1,1
"10.1016/j.compenvurbsys.2017.11.002",1,1,1
"10.1016/j.autcon.2022.104290",1,1,1
"10.1109/tcyb.2015.2398892",1,1,1
"10.1016/j.tpb.2023.07.002",1,1,1
"10.1016/j.compenvurbsys.2017.06.002",1,1,1
"10.4103/ijcm.ijcm_817_20",1,1,1
"10.1186/s12915-021-01024-1",1,1,1
"10.1038/sj.bjc.6601969",1,1,1
"10.1109/tcss.2022.3140779",1,1,1
"10.1111/1475-6773.12044",1,1,1
"10.1109/tsg.2016.2599265",1,1,1
"10.1080/10962247.2022.2108932",1,1,1
"10.1002/ecm.1253",1,1,1
"10.1109/access.2021.3111033",1,1,1
"10.1016/j.apenergy.2015.10.125",1,1,1
"10.1093/cid/ciw520",1,1,1
"10.1007/s41109-021-00402-6",1,1,1
"10.1515/orga-2017-0018",1,1,1
"10.1109/upec.2007.4468921",1,1,1
"10.1080/02673037.2018.1549318",1,1,1
"10.1155/2021/1083640",1,1,1
"10.1016/j.cropro.2021.105658",1,1,1
"10.1016/j.ecocom.2023.101040",1,1,1
"10.1007/978-3-319-59650-1_54",1,1,1
"10.1016/j.ocecoaman.2018.01.021",1,1,1
"10.1006/tpbi.2000.1505",1,1,1
"10.3233/aic-170725",1,1,1
"10.1109/iske.2008.4731155",1,1,1
"10.1080/00219266.2019.1569086",1,1,1
"10.1016/j.anbehav.2004.02.009",1,1,1
"10.1016/j.ecocom.2015.09.005",1,1,1
"10.1016/j.ijtst.2021.07.002",1,1,1
"10.1109/tcst.2017.2740837",1,1,1
"10.1371/journal.pone.0217996",1,1,1
"10.3389/fphy.2022.735667",1,1,1
"10.1002/acr2.11090",1,1,1
"10.1016/s0304-3800(00)00412-9",1,1,1
"10.1007/s11768-019-8183-9",1,1,1
"10.1016/j.ifacol.2017.08.1877",1,1,1
"10.3390/s23042243",1,1,1
"10.1002/soej.12328",1,1,1
"10.1177/089443902237321",1,1,1
"10.1016/j.ins.2021.11.028",1,1,1
"10.1016/j.ijtst.2022.02.001",1,1,1
"10.3103/s8756699016020011",1,1,1
"10.1371/journal.pone.0045414",1,1,1
"10.1177/0037549714533159",1,1,1
"10.3141/2046-05",1,1,1
"10.3390/drones7030150",1,1,1
"10.1515/pomr-2017-0050",1,1,1
"10.1111/j.1467-8306.1988.tb00194.x",1,1,1
"10.1186/1471-2105-14-127",1,1,1
"10.1098/rsif.2016.0856",1,1,1
"10.2307/2404982",1,1,1
"10.1016/j.biocon.2020.108752",1,1,1
"10.1016/j.envsoft.2007.02.007",1,1,1
"10.3390/machines9100236",1,1,1
"10.2143/ast.42.2.2182803",1,1,1
"10.1139/cjfas-2013-0528",1,1,1
"10.1016/j.jhydrol.2023.129195",1,1,1
"10.1371/journal.pone.0262963",1,1,1
"10.1177/00375497231158930",1,1,1
"10.1016/j.simpat.2023.102772",1,1,1
"10.1080/03081060.2021.2017214",1,1,1
"10.1111/roiw.12546",1,1,1
"10.1109/tits.2019.2956162",1,1,1
"10.1016/j.ecolmodel.2020.109003",1,1,1
"10.1111/1365-2656.13832",1,1,1
"10.1142/s0218202520400114",1,1,1
"10.1038/s41598-022-23668-x",1,1,1
"10.1109/tnnls.2020.3045026",1,1,1
"10.1109/jsen.2010.2064294",1,1,1
"10.1061/(asce)te.1943-5436.0000125",1,1,1
"10.3390/en16041949",1,1,1
"10.1002/ajp.21986",1,1,1
"10.1016/j.forpol.2019.102055",1,1,1
"10.1142/s0219525914500179",1,1,1
"10.1007/978-3-319-44832-9_24",1,1,1
"10.1016/j.envsoft.2010.03.018",1,1,1
"10.1016/j.drugpo.2011.05.018",1,1,1
"10.3390/app10186543",1,1,1
"10.1016/j.asoc.2017.08.043",1,1,1
"10.1016/j.comcom.2020.12.026",1,1,1
"10.1007/s00170-010-2606-6",1,1,1
"10.1007/s10472-010-9182-1",1,1,1
"10.1109/tcyb.2018.2853623",1,1,1
"10.1093/jae/ejn003",1,1,1
"10.1016/j.ins.2022.08.101",1,1,1
"10.1002/osp4.390",1,1,1
"10.1007/978-3-319-24069-5_3",1,1,1
"10.1109/tcyb.2017.2707590",1,1,1
"10.1109/meco55406.2022.9797196",1,1,1
"10.1007/s40565-017-0270-7",1,1,1
"10.1371/journal.pone.0198550",1,1,1
"10.1016/j.cmpb.2011.06.006",1,1,1
"10.1002/jsc.2176",1,1,1
"10.1109/lra.2020.2964159",1,1,1
"10.1155/2017/5767495",1,1,1
"10.1016/j.asr.2021.09.003",1,1,1
"10.7717/peerj.228",1,1,1
"10.1109/access.2019.2937826",1,1,1
"10.1016/j.agsy.2021.103222",1,1,1
"10.1016/j.trb.2013.03.007",1,1,1
"10.1007/s11192-015-1597-3",1,1,1
"10.1007/s13762-018-2144-6",1,1,1
"10.1111/ans.16721",1,1,1
"10.1177/03611981221119456",1,1,1
"10.1016/j.jtbi.2021.110949",1,1,1
"10.1177/1757913912444260",1,1,1
"10.1587/transcom.2017ebp3382",1,1,1
"10.5194/isprsarchives-xl-2-w3-273-2014",1,1,1
"10.1103/physreve.91.012301",1,1,1
"10.1016/j.ecolecon.2022.107559",1,1,1
"10.1111/1475-6773.12029",1,1,1
"10.3828/tpr.2016.22",1,1,1
"10.1109/access.2022.3187743",1,1,1
"10.3233/mgs-2011-0173",1,1,1
"10.18564/jasss.4482",1,1,1
"10.3390/aerospace8030073",1,1,1
"10.1007/s10646-011-0775-1",1,1,1
"10.1016/j.techfore.2016.10.005",1,1,1
"10.1109/iccae.2009.24",1,1,1
"10.1016/j.jtrangeo.2020.102862",1,1,1
"10.1002/cplx.20308",1,1,1
"10.1016/j.compenvurbsys.2021.101686",1,1,1
"10.1001/jamanetworkopen.2020.33787",1,1,1
"10.1080/00051144.2019.1674512",1,1,1
"10.1007/s13740-013-0025-1",1,1,1
"10.4178/epih.e2020045",1,1,1
"10.1111/j.1365-2664.2006.01160.x",1,1,1
"10.3390/electronics10161994",1,1,1
"10.1001/jamanetworkopen.2020.15756",1,1,1
"10.1007/s12080-015-0253-0",1,1,1
"10.1080/00207179.2019.1641626",1,1,1
"10.1108/sasbe-05-2019-0060",1,1,1
"10.1111/j.1467-8667.2009.00617.x",1,1,1
"10.1016/j.jtbi.2014.08.035",1,1,1
"10.1016/j.ecocom.2018.07.007",1,1,1
"10.1016/s2468-2667(21)00162-6",1,1,1
"10.1016/j.jtbi.2015.11.015",1,1,1
"10.1016/j.biosystems.2008.03.002",1,1,1
"10.1007/s00170-004-2166-8",1,1,1
"10.1109/tnse.2019.2958118",1,1,1
"10.1007/s10015-016-0308-3",1,1,1
"10.1038/srep14094",1,1,1
"10.3390/en16052434",1,1,1
"10.1088/1742-5468/2008/10/p10014",1,1,1
"10.1016/s1004-9541(14)60084-7",1,1,1
"10.1109/tro.2023.3263459",2,0,0
"10.1016/j.sysconle.2013.12.019",1,1,1
"10.1613/jair.5436",1,1,1
"10.1016/j.entcs.2006.03.005",1,1,1
"10.1109/ficloud.2016.48",1,1,1
"10.1007/s11116-011-9358-5",1,1,1
"10.1080/03081069908717633",1,1,1
"10.1109/tsp.2022.3178655",1,1,1
"10.1109/tac.2015.2507864",1,1,1
"10.1080/15472450.2019.1634560",1,1,1
"10.1371/journal.pone.0110235",1,1,1
"10.1080/00207540600788992",1,1,1
"10.1109/tcns.2019.2915015",1,1,1
"10.1016/s0167-2681(98)00085-7",1,1,1
"10.1093/beheco/ary058",1,1,1
"10.1016/j.jval.2020.09.010",1,1,1
"10.1016/j.jfranklin.2023.01.036",1,1,1
"10.3390/su6010050",1,1,1
"10.1111/rsp3.12682",1,1,1
"10.1038/s41437-019-0271-6",1,1,1
"10.1186/s12936-015-0864-3",1,1,1
"10.1007/s10462-023-10412-8",1,1,1
"10.1007/978-3-319-26350-2_49",1,1,1
"10.1046/j.1523-1739.2001.0150041039.x",1,1,1
"10.3390/ijms21186473",1,1,1
"10.1186/s40854-022-00389-8",1,1,1
"10.1142/s021952591100313x",1,1,1
"10.1016/j.ecolmodel.2018.02.003",1,1,1
"10.1007/s11403-010-0069-3",1,1,1
"10.1504/ijcat.2009.024071",1,1,1
"10.1139/cjce-2019-0180",1,1,1
"10.1080/095372899232687",1,1,1
"10.1016/j.vhri.2022.03.003",1,1,1
"10.1016/j.cag.2019.05.006",1,1,1
"10.3390/s20226446",1,1,1
"10.1007/s10745-014-9693-1",1,1,1
"10.3389/fphys.2017.01121",1,1,1
"10.1287/orsc.1060.0245",1,1,1
"10.1016/j.trpro.2017.12.029",1,1,1
"10.1016/j.gie.2008.08.040",1,1,1
"10.1016/j.ecolecon.2022.107391",1,1,1
"10.1080/19427867.2016.1265237",1,1,1
"10.18564/jasss.3492",1,1,1
"10.1109/access.2022.3194874",1,1,1
"10.1007/s11424-018-7269-7",1,1,1
"10.3390/su151310427",1,1,1
"10.1016/j.jairtraman.2022.102258",1,1,1
"10.1016/j.compind.2018.04.011",1,1,1
"10.1642/auk-13-233.1",1,1,1
"10.1007/s10588-015-9198-5",1,1,1
"10.3390/buildings12040464",1,1,1
"10.1007/s10955-014-1019-6",1,1,1
"10.1109/access.2023.3248292",1,1,1
"10.1108/ijesm-02-2013-0004",1,1,1
"10.1073/pnas.1918988117",1,1,1
"10.18564/jasss.2988",1,1,1
"10.1016/j.ecolmodel.2015.01.024",1,1,1
"10.1016/j.trpro.2017.05.066",1,1,1
"10.1089/cmb.2018.0168",1,1,1
"10.1016/j.neucom.2021.07.014",1,1,1
"10.1023/a:1018540317470",1,1,1
"10.1016/j.procs.2017.08.239",1,1,1
"10.3934/mbe.2020345",1,1,1
"10.1016/j.ecolmodel.2011.04.025",1,1,1
"10.1111/j.1600-0706.2011.19487.x",1,1,1
"10.5034/inquiryjrnl_42.4.335",1,1,1
"10.1145/367211.367261",1,1,1
"10.3390/fi12040069",1,1,1
"10.1016/j.ecolmodel.2015.11.021",1,1,1
"10.1016/j.socscimed.2008.11.009",1,1,1
"10.1111/gcbb.12400",1,1,1
"10.1080/00140139.2020.1744710",1,1,1
"10.1109/tac.2016.2528539",1,1,1
"10.1111/1468-0351.00072",1,1,1
"10.1049/iet-its.2014.0135",1,1,1
"10.1111/j.1475-5890.2013.12000.x",1,1,1
"10.1016/j.physa.2019.03.034",1,1,1
"10.3389/fevo.2021.698370",1,1,1
"10.1016/j.jfranklin.2022.12.040",1,1,1
"10.1002/rnc.4438",1,1,1
"10.1016/j.compenvurbsys.2020.101568",1,1,1
"10.1016/j.neunet.2012.05.012",1,1,1
"10.1109/tac.2021.3079208",1,1,1
"10.1109/gcis.2009.50",1,1,1
"10.1016/j.fmre.2022.04.013",1,1,1
"10.1086/699535",1,1,1
"10.1049/iet-its.2017.0050",1,1,1
"10.1016/j.autcon.2011.07.001",1,1,1
"10.18564/jasss.2635",1,1,1
"10.1109/tpwrs.2020.3040310",1,1,1
"10.1016/j.vhri.2022.01.009",1,1,1
"10.1007/s10489-016-0786-y",1,1,1
"10.3390/en13010119",1,1,1
"10.1007/978-3-319-59294-7_17",1,1,1
"10.1109/icias49414.2021.9642596",1,1,1
"10.1109/tpwrs.2014.2319315",1,1,1
"10.1007/s00500-020-05257-0",1,1,1
"10.1016/j.ecolmodel.2013.10.004",1,1,1
"10.3390/math11020426",1,1,1
"10.1002/asjc.1682",1,1,1
"10.1016/j.jtrangeo.2012.07.006",1,1,1
"10.1007/978-3-319-94120-2_1",1,1,1
"10.1016/j.trc.2008.01.002",1,1,1
"10.1016/j.biosystems.2012.07.001",1,1,1
"10.1016/j.chaos.2020.110565",1,1,1
"10.1016/j.strusafe.2018.11.003",1,1,1
"10.1111/jeb.14061",1,1,1
"10.1016/j.eswa.2021.114580",1,1,1
"10.1016/j.procs.2019.12.179",1,1,1
"10.1016/j.compind.2011.03.001",1,1,1
"10.1109/icac.2015.16",1,1,1
"10.1016/j.cirpj.2023.03.004",1,1,1
"10.1016/j.joep.2009.08.005",1,1,1
"10.1103/physreve.71.016138",1,1,1
"10.1016/j.ecolmodel.2022.109878",1,1,1
"10.1007/978-3-319-48758-8_8",1,1,1
"10.1109/eurosim.2013.28",1,1,1
"10.1038/s41416-021-01261-9",1,1,1
"10.1016/j.scitotenv.2019.07.274",1,1,1
"10.1186/1742-4682-4-39",1,1,1
"10.1111/cgf.12277",1,1,1
"10.1177/0958928716645074",1,1,1
"10.3390/app10093213",1,1,1
"10.1016/j.enbuild.2019.07.009",1,1,1
"10.1016/j.jclepro.2020.120060",1,1,1
"10.1093/icesjms/fsr078",1,1,1
"10.1109/twc.2022.3229013",1,1,1
"10.1109/lra.2022.3196777",1,1,1
"10.1177/0164027516656140",1,1,1
"10.1109/icmlc.2008.4621065",1,1,1
"10.7717/peerj.1488",1,1,1
"10.1002/dac.5110",1,1,1
"10.1007/s10588-011-9088-4",1,1,1
"10.1007/978-3-319-18944-4_33",1,1,1
"10.1017/s0950268818003497",1,1,1
"10.1098/rspa.2022.0013",1,1,1
"10.1007/s10696-008-9034-z",1,1,1
"10.1109/tac.2017.2680602",1,1,1
"10.1016/j.ins.2005.07.009",1,1,1
"10.1016/j.procir.2016.11.154",1,1,1
"10.1007/s11721-015-0104-z",1,1,1
"10.1038/s41574-019-0160-3",1,1,1
"10.20965/jaciii.2011.p0173",1,1,1
"10.1007/s40503-015-0016-8",1,1,1
"10.1016/j.ijepes.2015.04.006",1,1,1
"10.1287/opre.2018.1812",1,1,1
"10.1016/j.ecoinf.2010.02.001",1,1,1
"10.1016/j.jebo.2022.10.020",1,1,1
"10.1016/j.jclepro.2018.09.019",1,1,1
"10.1007/s10458-013-9239-8",1,1,1
"10.1111/liv.14458",1,1,1
"10.1007/978-3-319-24069-5_11",1,1,1
"10.1145/2000799.2000803",1,1,1
"10.3390/s18030759",1,1,1
"10.1111/micc.12744",1,1,1
"10.1137/16m1070876",1,1,1
"10.1377/hlthaff.2011.1086",1,1,1
"10.3390/app12105062",1,1,1
"10.1007/978-3-319-39324-7_3",1,1,1
"10.1016/j.neucom.2007.06.010",1,1,1
"10.1007/s12555-016-0121-8",1,1,1
"10.1017/dsj.2017.17",1,1,1
"10.1109/access.2018.2847334",1,1,1
"10.1109/services48979.2020.00044",1,1,1
"10.1016/j.vaccine.2012.05.076",1,1,1
"10.1017/s0047279420000227",1,1,1
"10.5993/ajhb.45.3.12",1,1,1
"10.1016/j.isci.2022.104794",1,1,1
"10.1016/j.compenvurbsys.2016.06.004",1,1,1
"10.1016/j.envpol.2023.121555",1,1,1
"10.1007/s10682-015-9803-6",1,1,1
"10.1139/f03-154",1,1,1
"10.1007/3-540-45757-7_3",1,1,1
"10.1111/jcom.12288",1,1,1
"10.1038/s41562-020-0931-9",1,1,1
"10.1109/tits.2020.3031282",1,1,1
"10.1155/2017/7937916",1,1,1
"10.1109/iita.2009.386",1,1,1
"10.1016/j.ecolecon.2017.11.021",1,1,1
"10.1057/s41273-016-0039-4",1,1,1
"10.1007/s10797-011-9203-y",1,1,1
"10.1371/journal.pone.0231725",1,1,1
"10.3390/biomimetics5010002",1,1,1
"10.1504/ijstm.2006.011283",1,1,1
"10.1371/journal.pone.0250970",1,1,1
"10.1016/0304-3800(95)00220-0",1,1,1
"10.1371/journal.pone.0260373",1,1,1
"10.1007/s00521-021-06026-2",1,1,1
"10.1007/s10844-011-0160-9",1,1,1
"10.1038/ncomms6148",1,1,1
"10.18564/jasss.4922",1,1,1
"10.1007/s12555-011-0151-1",1,1,1
"10.1007/s10441-010-9105-x",1,1,1
"10.1214/21-aoas1529",1,1,1
"10.1613/jair.995",1,1,1
"10.1080/00207543.2019.1693658",1,1,1
"10.1016/j.inffus.2020.08.009",1,1,1
"10.1007/s13218-014-0306-3",1,1,1
"10.1016/j.fuel.2018.12.113",1,1,1
"10.1109/aina.2017.156",1,1,1
"10.1016/j.ic.2020.104597",1,1,1
"10.1109/tcst.2020.3032395",1,1,1
"10.1097/qai.0000000000001555",1,1,1
"10.3389/fpsyg.2022.768773",1,1,1
"10.1016/j.isatra.2019.07.023",1,1,1
"10.1016/j.energy.2022.125317",1,1,1
"10.1016/j.enpol.2015.05.008",1,1,1
"10.1007/s10462-019-09785-6",1,1,1
"10.1016/j.jocs.2022.101662",1,1,1
"10.1016/j.enpol.2020.111239",1,1,1
"10.1002/ece3.9066",1,1,1
"10.18564/jasss.1609",1,1,1
"10.1504/ijcat.2013.054350",1,1,1
"10.1109/tcyb.2015.2494738",1,1,1
"10.18288/1994-5124-2021-6-70-93",1,1,1
"10.3233/mgs-190316",1,1,1
"10.1109/tits.2019.2946152",1,1,1
"10.1007/s10799-014-0185-1",1,1,1
"10.1007/s00198-015-3093-2",1,1,1
"10.1016/j.envsoft.2012.11.011",1,1,1
"10.1371/journal.pone.0249754",1,1,1
"10.32604/cmc.2022.023796",1,1,1
"10.1080/10438599.2018.1433582",1,1,1
"10.1136/tobaccocontrol-2019-054986",1,1,1
"10.3390/land10121366",1,1,1
"10.2166/wst.2009.212",1,1,1
"10.1177/0958928717735061",1,1,1
"10.1109/tiv.2021.3064549",1,1,1
"10.1080/08839510490279870",1,1,1
"10.1108/ijssp-01-2021-0008",1,1,1
"10.1016/j.worlddev.2018.06.022",1,1,1
"10.1016/j.cub.2019.11.019",1,1,1
"10.1017/s003060530800625x",1,1,1
"10.1016/j.egypro.2017.05.113",1,1,1
"10.1002/hpm.3575",1,1,1
"10.4018/ijitwe.2018010104",1,1,1
"10.1007/s10015-005-0381-5",1,1,1
"10.1016/j.adhoc.2018.11.010",1,1,1
"10.1371/journal.pone.0284212",1,1,1
"10.1016/j.neucom.2022.11.054",1,1,1
"10.1371/journal.pone.0196480",1,1,1
"10.1111/1365-2435.12389",1,1,1
"10.1177/0037549713499248",1,1,1
"10.1007/s12064-009-0078-8",1,1,1
"10.1016/j.prevetmed.2006.04.013",1,1,1
"10.1142/s0218194011005384",1,1,1
"10.3233/978-1-61499-361-2-213",2,0,0
"10.3390/e20050342",1,1,1
"10.1109/icmse.2008.4668922",1,1,1
"10.1142/s0129183106008534",1,1,1
"10.1007/s10472-010-9175-0",1,1,1
"10.1016/j.cogsys.2009.08.001",1,1,1
"10.1080/01969722.2012.660032",1,1,1
"10.1111/afe.12404",1,1,1
"10.1111/1365-2664.12512",1,1,1
"10.3390/en15062020",1,1,1
"10.1109/iscas.2005.1465691",1,1,1
"10.3390/en10101484",1,1,1
"10.18564/jasss.1928",1,1,1
"10.1080/10511482.2018.1512512",1,1,1
"10.3233/aic-2012-0526",1,1,1
"10.1007/s10549-006-9319-4",1,1,1
"10.1007/s10916-013-9989-5",1,1,1
"10.1007/s11740-014-0571-x",1,1,1
"10.1088/1361-6501/ab2177",1,1,1
"10.1007/s10660-020-09403-6",1,1,1
"10.5220/0007829702310238",1,1,1
"10.1016/j.agsy.2019.02.004",1,1,1
"10.1016/j.jenvman.2023.117346",1,1,1
"10.1109/access.2019.2906216",1,1,1
"10.1109/tcyb.2015.2448574",1,1,1
"10.1257/aer.102.3.53",1,1,1
"10.1007/s10922-020-09515-2",1,1,1
"10.1016/j.engappai.2022.105262",1,1,1
"10.1016/0169-5347(94)90225-9",1,1,1
"10.1016/j.jtbi.2013.03.013",1,1,1
"10.5194/isprsarchives-xl-1-w5-193-2015",1,1,1
"10.1177/0037549711405249",1,1,1
"10.3389/frobt.2022.733876",1,1,1
"10.18564/jasss.4421",1,1,1
"10.1080/01603477.2018.1486206",1,1,1
"10.1152/japplphysiol.00379.2018",1,1,1
"10.3390/s23104836",1,1,1
"10.1007/978-3-030-19945-6_27",1,1,1
"10.1016/j.physd.2010.02.012",1,1,1
"10.1016/j.ecolmodel.2023.110300",1,1,1
"10.3390/app13010579",1,1,1
"10.1155/2014/638203",1,1,1
"10.1109/tsg.2022.3140927",1,1,1
"10.1016/j.automatica.2013.11.009",1,1,1
"10.1061/(asce)0733-947x(2004)130:6(706)",1,1,1
"10.1287/trsc.2017.0805",1,1,1
"10.1038/srep01069",1,1,1
"10.4054/demres.2014.31.31",1,1,1
"10.1111/evo.13557",1,1,1
"10.1016/j.ifacol.2018.07.085",1,1,1
"10.23919/jcc.2022.02.018",1,1,1
"10.1007/978-3-319-07593-8_30",1,1,1
"10.1016/j.ijpe.2008.02.019",1,1,1
"10.1007/s00500-022-06767-9",1,1,1
"10.1073/pnas.1303748110",1,1,1
"10.1016/j.joca.2016.09.011",1,1,1
"10.1016/j.physa.2020.125588",1,1,1
"10.3390/su8080814",1,1,1
"10.1007/978-3-030-00111-7_9",1,1,1
"10.1021/ie101554b",1,1,1
"10.1109/tac.2017.2669321",1,1,1
"10.3390/electronics10182265",1,1,1
"10.1109/tits.2023.3276416",1,1,1
"10.1186/1471-244x-11-72",1,1,1
"10.1007/978-3-319-54430-4_74",1,1,1
"10.3390/sym13071305",1,1,1
"10.1111/j.1728-4457.2013.00614.x",1,1,1
"10.1080/14778238.2020.1831892",1,1,1
"10.1007/978-3-319-60591-3_6",1,1,1
"10.1177/00375497221133847",1,1,1
"10.1177/0037549712462620",1,1,1
"10.1080/13645579.2022.2137919",1,1,1
"10.1145/3206185.3206188",1,1,1
"10.1515/eng-2016-0040",1,1,1
"10.1103/physreve.72.026134",1,1,1
"10.1016/j.procs.2015.08.186",1,1,1
"10.1093/plankt/fby024",1,1,1
"10.1086/686259",1,1,1
"10.1016/j.mex.2020.101044",1,1,1
"10.1093/bib/bbp010",1,1,1
"10.3390/systems10020028",1,1,1
"10.3141/2486-03",1,1,1
"10.1556/032.2022.00033",1,1,1
"10.1109/access.2023.3289316",1,1,1
"10.1080/2573234x.2019.1638735",1,1,1
"10.1021/ie200796p",1,1,1
"10.3389/fevo.2022.958651",1,1,1
"10.1007/978-981-19-2764-5_34",1,1,1
"10.3390/jmse11040704",1,1,1
"10.3390/e22050519",1,1,1
"10.1109/icmas.1998.699240",1,1,1
"10.1163/156853907782418259",1,1,1
"10.1007/s11403-020-00310-5",1,1,1
"10.1016/s0377-2217(02)00778-6",1,1,1
"10.1513/annalsats.201905-418oc",1,1,1
"10.1080/00207540600675801",1,1,1
"10.1002/ecy.2711",1,1,1
"10.1007/s12652-012-0140-0",1,1,1
"10.3168/jds.2012-6294",1,1,1
"10.3390/en12030474",1,1,1
"10.1634/theoncologist.11-6-666",1,1,1
"10.1371/journal.pone.0266495",1,1,1
"10.1142/s0218001402002143",1,1,1
"10.1371/journal.pone.0141423",1,1,1
"10.1016/j.agsy.2018.05.004",1,1,1
"10.1007/s12555-010-0623-8",1,1,1
"10.1016/s0167-6296(98)00038-1",1,1,1
"10.1109/contel.2005.185972",1,1,1
"10.3389/fams.2022.909873",1,1,1
"10.1007/s11657-021-00958-x",1,1,1
"10.1002/rnc.3310",1,1,1
"10.1016/j.apm.2020.02.012",1,1,1
"10.1016/j.procs.2016.09.185",1,1,1
"10.1155/2021/5542919",1,1,1
"10.1016/j.jtbi.2014.02.033",1,1,1
"10.1108/jbim-05-2019-0241",1,1,1
"10.1177/0022343316632854",1,1,1
"10.1007/s10441-021-09408-0",1,1,1
"10.1109/access.2021.3131521",1,1,1
"10.1016/j.dss.2019.113111",1,1,1
"10.3389/fnhum.2012.00202",1,1,1
"10.3390/land4010157",1,1,1
"10.1007/978-3-319-26401-1_9",1,1,1
"10.1103/physreve.104.014313",1,1,1
"10.1049/iet-cta.2014.0295",1,1,1
"10.1016/j.jebo.2021.06.025",1,1,1
"10.1016/j.amc.2015.12.028",1,1,1
"10.1016/j.enpol.2016.11.011",1,1,1
"10.1109/icupc.1998.732807",1,1,1
"10.1007/s10980-015-0313-2",1,1,1
"10.3390/infrastructures3030033",1,1,1
"10.1080/08839510601147554",1,1,1
"10.1073/pnas.1604824113",1,1,1
"10.1109/tcyb.2018.2849361",1,1,1
"10.1016/j.resconrec.2011.09.002",1,1,1
"10.1080/1747423x.2011.558595",1,1,1
"10.1108/nbri-08-2017-0045",1,1,1
"10.1007/s11063-014-9388-z",1,1,1
"10.1016/j.geoforum.2006.10.008",1,1,1
"10.1016/j.future.2006.04.010",1,1,1
"10.1186/s40294-016-0035-6",1,1,1
"10.3141/2512-10",1,1,1
"10.1007/s11434-009-0623-3",1,1,1
"10.1109/tac.2004.841121",1,1,1
"10.1007/s10015-016-0275-8",1,1,1
"10.1016/j.tra.2011.10.001",1,1,1
"10.1002/rnc.4896",1,1,1
"10.1109/ccdc52312.2021.9602815",1,1,1
"10.1108/lht-01-2022-0062",1,1,1
"10.12759/hsr.43.2018.1.28-47",1,1,1
"10.1007/s11027-016-9721-0",1,1,1
"10.1525/elementa.318",1,1,1
"10.1016/j.neucom.2016.05.011",1,1,1
"10.1109/lcsys.2021.3084824",1,1,1
"10.1111/cobi.12831",1,1,1
"10.1007/s00265-009-0885-4",1,1,1
"10.1111/oik.08328",1,1,1
"10.1023/b:jint.0000021039.56110.c8",1,1,1
"10.18564/jasss.1529",1,1,1
"10.3141/2130-11",1,1,1
"10.1016/j.ecolmodel.2005.06.004",1,1,1
"10.1111/1475-5890.12314",1,1,1
"10.1016/j.eswa.2009.02.060",1,1,1
"10.1109/access.2019.2963049",1,1,1
"10.1007/s00779-012-0606-2",1,1,1
"10.1117/12.543381",1,1,1
"10.1002/asjc.2642",1,1,1
"10.1016/j.engappai.2012.05.011",1,1,1
"10.1016/s0022-5193(03)00169-3",1,1,1
"10.3328/tl.2009.01.03.245-255",1,1,1
"10.1016/s0921-8890(97)00027-4",1,1,1
"10.1016/j.bica.2013.10.003",1,1,1
"10.1016/j.spinee.2012.09.036",1,1,1
"10.1890/06-1838.1",1,1,1
"10.1109/tsmca.2011.2169952",1,1,1
"10.1109/tie.2016.2577542",1,1,1
"10.1007/s11284-011-0873-9",1,1,1
"10.1016/j.cie.2009.07.004",1,1,1
"10.1093/oxrep/grq036",1,1,1
"10.1504/ijipt.2017.085187",1,1,1
"10.1109/scems48876.2020.9352369",1,1,1
"10.1007/s11740-011-0328-8",1,1,1
"10.1177/138826271301500405",1,1,1
"10.1109/naps50074.2021.9449729",1,1,1
"10.3141/2489-01",1,1,1
"10.1007/s10888-010-9153-0",1,1,1
"10.18564/jasss.2817",1,1,1
"10.3389/fevo.2020.607619",1,1,1
"10.1002/asjc.2953",1,1,1
"10.1109/tpwrd.2008.2005661",1,1,1
"10.1068/a4511",1,1,1
"10.3141/2594-12",1,1,1
"10.1371/journal.pone.0264757",1,1,1
"10.1098/rspb.2016.1832",2,0,0
"10.1109/tste.2012.2230346",1,1,1
"10.1007/s40261-016-0442-7",1,1,1
"10.1177/03611981221116365",1,1,1
"10.1155/2015/862635",1,1,1
"10.1016/j.scitotenv.2022.160426",1,1,1
"10.1080/08839510490483288",1,1,1
"10.1080/1350178x.2017.1388964",1,1,1
"10.1057/jos.2012.1",1,1,1
"10.1371/journal.pone.0204245",1,1,1
"10.1109/tac.2020.2996978",1,1,1
"10.1016/j.ijepes.2022.108861",1,1,1
"10.1007/s11538-021-00935-y",1,1,1
"10.1016/j.jii.2021.100260",1,1,1
"10.1002/tafs.10263",1,1,1
"10.3390/sym11091123",1,1,1
"10.1111/1365-2745.13893",1,1,1
"10.3390/e23070820",1,1,1
"10.1002/acs.3652",1,1,1
"10.3141/2255-04",1,1,1
"10.3846/enviro.2014.115",1,1,1
"10.1109/tcyb.2016.2556002",1,1,1
"10.1016/j.automatica.2020.109176",1,1,1
"10.1142/s0129183118500948",1,1,1
"10.20965/jaciii.2011.p0198",1,1,1
"10.1080/09298215.2020.1749672",1,1,1
"10.3389/fphar.2019.00980",1,1,1
"10.1371/journal.pone.0262172",1,1,1
"10.1007/s12155-015-9668-0",1,1,1
"10.1073/pnas.1808274115",1,1,1
"10.1016/j.automatica.2021.109984",1,1,1
"10.1371/journal.pone.0218087",1,1,1
"10.1353/dem.2007.0045",1,1,1
"10.1007/s10479-016-2389-8",1,1,1
"10.3390/sym15010168",1,1,1
"10.3233/aic-2012-0537",1,1,1
"10.1007/978-3-319-59650-1_40",1,1,1
"10.1109/jsyst.2020.3047644",1,1,1
"10.5198/jtlu.2020.1717",1,1,1
"10.3389/fendo.2019.00132",1,1,1
"10.1080/00207721.2020.1800131",1,1,1
"10.1007/s40273-019-00817-1",1,1,1
"10.1016/j.proeng.2015.01.530",2,0,0
"10.1109/access.2018.2871554",1,1,1
"10.1016/j.eswa.2012.12.042",1,1,1
"10.1109/tits.2007.908562",1,1,1
"10.1155/2013/805492",1,1,1
"10.1142/s0219530520500050",1,1,1
"10.1073/pnas.1812459116",1,1,1
"10.1016/j.engappai.2021.104170",1,1,1
"10.1007/s11036-017-0845-6",1,1,1
"10.1007/s10845-013-0818-y",1,1,1
"10.1371/journal.pcbi.1009020",1,1,1
"10.1097/qai.0000000000001578",1,1,1
"10.1016/j.econmod.2022.106013",1,1,1
"10.1016/j.trc.2017.09.004",1,1,1
"10.1007/s11069-020-04023-7",1,1,1
"10.1109/tpwrs.2020.2974026",1,1,1
"10.1007/s13753-022-00418-1",1,1,1
"10.1080/13504851.2022.2140104",1,1,1
"10.1186/cc5950",1,1,1
"10.1016/s2468-2667(17)30238-4",1,1,1
"10.1007/s11116-015-9649-3",1,1,1
"10.1142/s0219525906000859",1,1,1
"10.1086/589898",1,1,1
"10.1017/s1473550420000191",1,1,1
"10.1016/j.robot.2012.08.014",1,1,1
"10.1109/cdc.2010.5717084",1,1,1
"10.1371/journal.pcbi.1009693",1,1,1
"10.1016/j.energy.2022.124318",1,1,1
"10.1007/s11431-010-0072-x",1,1,1
"10.1097/dcr.0000000000002154",1,1,1
"10.1016/j.asoc.2019.03.024",1,1,1
"10.1080/01969720701534059",1,1,1
"10.1061/(asce)te.1943-5436.0000234",1,1,1
"10.1023/a:1006408331594",1,1,1
"10.1561/105.00000057",1,1,1
"10.3390/systems7030037",1,1,1
"10.1145/3139131.3139169",1,1,1
"10.1504/ijstm.2006.011290",1,1,1
"10.1109/compsacw.2014.78",1,1,1
"10.3390/infrastructures5030027",1,1,1
"10.1016/j.marpolbul.2021.112977",1,1,1
"10.1109/indin.2009.5195809",1,1,1
"10.1177/1077558717690303",1,1,1
"10.1016/j.sysconle.2019.104598",1,1,1
"10.1155/2020/6424691",1,1,1
"10.1016/j.ecocom.2017.09.005",1,1,1
"10.1111/j.1365-2419.2009.00506.x",1,1,1
"10.1080/17445760.2016.1221073",1,1,1
"10.1016/j.pmedr.2020.101173",1,1,1
"10.5751/es-09054-220121",1,1,1
"10.1080/1350178x.2011.628042",1,1,1
"10.1103/physreve.88.062724",1,1,1
"10.1371/journal.pone.0046164",1,1,1
"10.1016/j.enpol.2020.112021",1,1,1
"10.1007/s12080-017-0360-1",1,1,1
"10.3390/w5031082",1,1,1
"10.1016/j.cad.2009.02.009",1,1,1
"10.3389/fpubh.2023.1150810",1,1,1
"10.2190/mm38-p4hv-2w32-4kyr",1,1,1
"10.1016/j.agwat.2021.106796",1,1,1
"10.1007/s11787-012-0047-8",1,1,1
"10.1080/09537280410001662538",1,1,1
"10.1109/lra.2020.3044834",2,0,0
"10.1007/978-3-319-68324-9_10",1,1,1
"10.3390/fi14050132",1,1,1
"10.1111/1365-2664.12265",1,1,1
"10.1007/s10015-016-0291-8",1,1,1
"10.25088/complexsystems.29.1.87",1,1,1
"10.1007/s10898-008-9370-2",1,1,1
"10.3390/g13030047",1,1,1
"10.1002/ijc.29976",1,1,1
"10.1016/j.leaqua.2017.12.001",1,1,1
"10.1016/j.worlddev.2012.10.006",1,1,1
"10.3389/fonc.2021.684073",1,1,1
"10.1002/ece3.1558",1,1,1
"10.1109/access.2023.3264508",1,1,1
"10.2307/1468256",1,1,1
"10.3141/2404-06",1,1,1
"10.1515/jisys-2018-0321",1,1,1
"10.3390/en13205350",1,1,1
"10.1080/17445760.2023.2242183",1,1,1
"10.1007/s11150-018-9405-5",1,1,1
"10.1007/978-3-319-38782-6_14",1,1,1
"10.3390/fire4020021",1,1,1
"10.1016/j.ifacol.2020.12.1829",1,1,1
"10.1049/iet-cta.2013.1104",1,1,1
"10.1061/jtepbs.0000512",1,1,1
"10.1109/mits.2018.2879164",1,1,1
"10.1109/tnse.2021.3139045",1,1,1
"10.1177/0048393113488873",1,1,1
"10.1080/01691864.2022.2117996",1,1,1
"10.1016/j.aquaculture.2019.02.044",1,1,1
"10.1016/j.ifacol.2020.12.023",1,1,1
"10.3141/2487-06",1,1,1
"10.1109/access.2020.3024711",1,1,1
"10.3389/frwa.2022.1037971",1,1,1
"10.1371/journal.pone.0207072",1,1,1
"10.1628/001522113x663488",1,1,1
"10.1177/1091142116667210",1,1,1
"10.1016/j.apenergy.2017.01.053",1,1,1
"10.1109/tsipn.2023.3239679",1,1,1
"10.1108/01445150910945598",1,1,1
"10.1186/1758-2652-12-18",1,1,1
"10.1007/978-3-642-36981-0_61",1,1,1
"10.1016/j.ecolmodel.2021.109739",1,1,1
"10.1016/j.jcpo.2015.05.001",1,1,1
"10.3390/su132212698",1,1,1
"10.1038/srep30781",1,1,1
"10.1109/icact.2007.358381",1,1,1
"10.1111/j.1365-294x.2009.04320.x",1,1,1
"10.1007/s00354-021-00133-3",1,1,1
"10.1109/icps51807.2021.9416612",1,1,1
"10.1073/pnas.102079099",1,1,1
"10.1016/j.jtbi.2009.10.002",1,1,1
"10.3390/en11123253",1,1,1
"10.3846/isarc.20080626.515",1,1,1
"10.1177/0954410019847864",1,1,1
"10.1016/j.dss.2005.05.001",1,1,1
"10.1007/s12080-008-0023-3",1,1,1
"10.1109/qrs-c.2015.21",1,1,1
"10.4149/cai_2017_5_1041",1,1,1
"10.3389/fphar.2020.00456",1,1,1
"10.1007/s11403-021-00316-7",1,1,1
"10.1007/978-3-319-31232-3_95",1,1,1
"10.1109/access.2019.2944227",1,1,1
"10.1002/ijc.30513",1,1,1
"10.1007/s10163-022-01559-7",1,1,1
"10.1016/j.ifacol.2017.08.404",1,1,1
"10.3390/en15124269",1,1,1
"10.1016/j.jglr.2015.04.008",1,1,1
"10.1016/j.compchemeng.2021.107530",1,1,1
"10.1007/s11403-021-00335-4",1,1,1
"10.1145/3384344",1,1,1
"10.1136/bmj.k4983",1,1,1
"10.1063/5.0055840",1,1,1
"10.1577/t09-201.1",1,1,1
"10.2147/opth.s286665",1,1,1
"10.1109/tnse.2019.2936468",1,1,1
"10.1007/s00500-018-3271-1",1,1,1
"10.1007/s11403-012-0100-y",1,1,1
"10.1145/3188745.3188836",1,1,1
"10.1080/17474086.2023.2162498",1,1,1
"10.1016/j.simpat.2010.06.013",1,1,1
"10.3390/ijgi7090345",2,0,0
"10.1073/pnas.2102139118",1,1,1
"10.3103/s0146411615080398",1,1,1
"10.3390/en15186669",1,1,1
"10.1007/s11150-014-9277-2",1,1,1
"10.1080/00207543.2015.1120901",1,1,1
"10.1016/j.ocecoaman.2021.105882",1,1,1
"10.1016/j.enpol.2023.113567",1,1,1
"10.1061/(asce)cp.1943-5487.0000490",1,1,1
"10.1016/j.scs.2012.07.001",1,1,1
"10.4102/sajems.v23i1.3431",1,1,1
"10.1080/17477778.2020.1759386",1,1,1
"10.1002/rnc.3253",1,1,1
"10.1109/jiot.2022.3201583",1,1,1
"10.1016/j.isatra.2023.03.013",1,1,1
"10.1109/bec.2008.4657522",1,1,1
"10.1016/j.synbio.2019.05.002",1,1,1
"10.1080/10556788.2010.511669",1,1,1
"10.1007/s10588-008-9022-6",1,1,1
"10.1016/j.socscimed.2016.08.049",1,1,1
"10.1093/icc/dtaa025",1,1,1
"10.1186/s40294-017-0047-x",1,1,1
"10.1016/j.automatica.2008.12.027",1,1,1
"10.1016/s0304-3800(01)00238-1",1,1,1
"10.1016/j.engappai.2005.06.005",1,1,1
"10.1080/10803548.2021.2022351",1,1,1
"10.1016/j.ecolecon.2022.107588",1,1,1
"10.1016/j.midw.2011.10.010",1,1,1
"10.1134/s0005117911020111",1,1,1
"10.1016/j.procs.2017.05.040",1,1,1
"10.1016/j.jval.2020.10.018",1,1,1
"10.1080/03081060.2017.1314504",1,1,1
"10.1177/003754970007400101",1,1,1
"10.1371/journal.pone.0002606",1,1,1
"10.1080/00207543.2014.924634",1,1,1
"10.1016/j.cor.2018.06.015",1,1,1
"10.1016/j.ecocom.2007.07.002",1,1,1
"10.1109/tac.2020.3040377",1,1,1
"10.1177/0894439310370087",1,1,1
"10.1016/j.ecolmodel.2006.04.012",1,1,1
"10.1155/2013/219782",1,1,1
"10.1016/j.enpol.2018.11.029",1,1,1
"10.1007/s12555-017-0351-4",1,1,1
"10.1007/s11768-022-00083-1",1,1,1
"10.1371/journal.pcbi.1011042",1,1,1
"10.1016/j.ppees.2005.08.001",1,1,1
"10.3390/math11081786",1,1,1
"10.1007/s00198-014-2698-1",1,1,1
"10.1109/tnnls.2021.3105548",1,1,1
"10.1007/s11403-022-00349-6",1,1,1
"10.1061/jtepbs.0000208",1,1,1
"10.1016/j.jpolmod.2019.07.002",1,1,1
"10.1016/j.tranpol.2012.07.014",1,1,1
"10.1093/gigascience/giaa075",1,1,1
"10.1155/2023/6773087",1,1,1
"10.1007/s10614-013-9384-9",1,1,1
"10.1109/tii.2022.3233661",2,0,0
"10.1007/s10015-018-0491-5",1,1,1
"10.3390/en6116045",1,1,1
"10.2298/vsp0907556j",1,1,1
"10.1109/tvt.2022.3175266",1,1,1
"10.1186/s40294-016-0029-4",1,1,1
"10.1016/j.eswa.2012.02.031",1,1,1
"10.1109/tie.2022.3232659",1,1,1
"10.3354/meps11829",1,1,1
"10.1142/s0218194008003854",1,1,1
"10.1111/1753-6405.12640",1,1,1
"10.1109/cso.2009.37",1,1,1
"10.1177/1687814018774656",1,1,1
"10.1061/(asce)co.1943-7862.0001866",1,1,1
"10.1016/j.jtbi.2010.12.036",1,1,1
"10.1111/risa.13905",1,1,1
"10.1016/j.jhydrol.2018.05.046",1,1,1
"10.3390/s19204356",1,1,1
"10.1137/18m1181614",1,1,1
"10.1016/j.ijpe.2010.04.006",1,1,1
"10.1007/s10766-015-0399-9",1,1,1
"10.1093/icesjms/fsp204",1,1,1
"10.1016/j.jmarsys.2011.08.003",1,1,1
"10.1007/978-3-319-68496-3_36",1,1,1
"10.4028/www.scientific.net/amr.875-877.947",1,1,1
"10.1080/08927014.2011.626124",1,1,1
"10.1016/j.epidem.2011.03.001",1,1,1
"10.1029/2021gh000427",1,1,1
"10.3389/fphys.2011.00020",1,1,1
"10.1016/j.compenvurbsys.2012.08.003",1,1,1
"10.1016/j.resourpol.2015.06.003",1,1,1
"10.1177/00491241211014237",1,1,1
"10.1016/j.compenvurbsys.2019.101360",1,1,1
"10.1016/j.apgeog.2012.09.007",1,1,1
"10.1007/s11269-022-03064-w",1,1,1
"10.1109/tcyb.2021.3087663",1,1,1
"10.1142/s0219525907001008",1,1,1
"10.1142/s0219877012500265",1,1,1
"10.1016/j.jtbi.2016.08.039",1,1,1
"10.1016/s0304-3800(01)00228-9",1,1,1
"10.1177/0894439318824264",1,1,1
"10.1098/rsfs.2012.0008",1,1,1
"10.1142/s0218202516400030",1,1,1
"10.1007/s11695-019-04002-3",1,1,1
"10.1007/978-3-319-19033-4_9",1,1,1
"10.1504/ijdsde.2019.098411",1,1,1
"10.1007/s10758-012-9190-9",1,1,1
"10.1002/ijc.30933",1,1,1
"10.1109/tac.2022.3219340",1,1,1
"10.1016/j.scitotenv.2017.10.038",1,1,1
"10.1080/01441647.2017.1326538",1,1,1
"10.1007/s10479-013-1327-2",1,1,1
"10.1080/0376835x.2013.873346",1,1,1
"10.1016/j.anbehav.2012.08.029",1,1,1
"10.1016/j.jtbi.2010.02.030",1,1,1
"10.1108/aa-12-2017-181",1,1,1
"10.1109/tii.2019.2945371",1,1,1
"10.7307/ptt.v28i6.1999",1,1,1
"10.1186/s12862-019-1494-0",1,1,1
"10.1017/s1368980013000086",1,1,1
"10.1016/j.sysconle.2015.10.010",1,1,1
"10.1007/s12555-020-0663-7",1,1,1
"10.1109/tnnls.2018.2890119",1,1,1
"10.1016/j.jtbi.2005.06.029",1,1,1
"10.1007/s10015-009-0630-0",1,1,1
"10.1016/j.ifacol.2019.12.155",1,1,1
"10.1371/journal.pntd.0003068",1,1,1
"10.1017/gov.2022.37",1,1,1
"10.1017/dmp.2016.44",1,1,1
"10.3141/2023-02",1,1,1
"10.1111/add.13764",1,1,1
"10.1007/s11538-020-00731-0",1,1,1
"10.18564/jasss.2334",1,1,1
"10.1080/09535314.2012.728130",1,1,1
"10.1002/alr.21697",1,1,1
"10.1007/s11403-017-0198-z",1,1,1
"10.1016/j.automatica.2008.03.013",1,1,1
"10.1007/s12555-018-0148-0",1,1,1
"10.1016/j.engappai.2010.08.007",1,1,1
"10.1016/s0378-4754(02)00016-2",1,1,1
"10.1080/00028487.2012.760485",1,1,1
"10.1061/jtepbs.0000365",1,1,1
"10.4028/www.scientific.net/amm.65.251",1,1,1
"10.1109/tcyb.2019.2962086",1,1,1
"10.1016/j.jfranklin.2016.10.005",1,1,1
"10.1080/13696998.2020.1835306",1,1,1
"10.1109/mis.2020.3000180",1,1,1
"10.1016/j.cie.2009.05.015",1,1,1
"10.1002/rnc.3515",1,1,1
"10.1080/00207721.2016.1186247",1,1,1
"10.1016/j.eswa.2005.07.008",1,1,1
"10.1109/tnse.2022.3174098",1,1,1
"10.1007/s42973-023-00125-6",1,1,1
"10.3390/electronics12010089",1,1,1
"10.5220/0007310501290137",1,1,1
"10.1109/bife.2012.27",1,1,1
"10.1109/tsg.2012.2236368",1,1,1
"10.1177/0037549719861724",1,1,1
"10.1177/03611981221124597",1,1,1
"10.18564/jasss.3078",1,1,1
"10.1016/j.econmod.2018.11.005",1,1,1
"10.1093/beheco/aru044",1,1,1
"10.1038/s41598-018-20790-7",1,1,1
"10.18564/jasss.4007",1,1,1
"10.1016/j.automatica.2011.03.015",1,1,1
"10.1007/s10729-021-09556-2",1,1,1
"10.1007/s11069-013-0784-x",1,1,1
"10.1007/s10592-005-9111-8",1,1,1
"10.1177/0272989x221125418",1,1,1
"10.1002/ecs2.2060",1,1,1
"10.18400/tekderg.745510",1,1,1
"10.1007/s00191-019-00628-9",1,1,1
"10.3141/2269-15",1,1,1
"10.1016/j.matcom.2021.11.017",1,1,1
"10.1016/j.automatica.2016.01.004",1,1,1
"10.1007/s10462-010-9183-9",1,1,1
"10.1007/s10729-016-9383-1",1,1,1
"10.1016/j.scico.2011.09.002",1,1,1
"10.1109/oajpe.2020.3029805",1,1,1
"10.1007/s12555-017-0706-x",1,1,1
"10.1371/journal.pone.0288277",1,1,1
"10.1016/j.eswa.2010.05.009",1,1,1
"10.1017/s0263574708005092",1,1,1
"10.1007/978-981-287-990-5_45",1,1,1
"10.1515/ijnsns-2011-0015",1,1,1
"10.1016/j.ifacol.2020.12.1496",1,1,1
"10.7717/peerj.2812",1,1,1
"10.1016/j.ecolmodel.2016.08.003",1,1,1
"10.1177/1548512912465359",1,1,1
"10.1002/ijfe.2472",1,1,1
"10.1016/j.enpol.2020.111251",1,1,1
"10.1016/j.advengsoft.2022.103323",1,1,1
"10.1109/tii.2021.3126644",1,1,1
"10.23919/springsim.2019.8732874",2,0,0
"10.1016/j.vaccine.2012.03.065",1,1,1
"10.1109/tpwrs.2006.888949",1,1,1
"10.1007/s11238-015-9495-y",1,1,1
"10.1086/723219",1,1,1
"10.18564/jasss.3124",1,1,1
"10.1057/palgrave.jors.2602104",1,1,1
"10.1016/j.jii.2022.100354",1,1,1
"10.1587/transinf.2017edp7382",1,1,1
"10.3233/af-190215",1,1,1
"10.3390/s17092135",1,1,1
"10.1037/aca0000132",1,1,1
"10.1007/978-3-319-54072-6_18",1,1,1
"10.1002/hep.32272",1,1,1
"10.1016/j.ecolmodel.2022.110071",1,1,1
"10.18564/jasss.2080",1,1,1
"10.1016/j.jocs.2017.03.013",1,1,1
"10.1142/s0218348x06003295",1,1,1
"10.1109/smc.2018.00606",1,1,1
"10.1016/j.ifacol.2020.12.231",1,1,1
"10.1016/j.ecolmodel.2019.108892",1,1,1
"10.1177/1059712315592040",1,1,1
"10.1016/j.dss.2013.01.019",1,1,1
"10.1109/tcns.2020.3027787",1,1,1
"10.1086/697582",1,1,1
"10.1109/axmedis.2005.6",1,1,1
"10.1177/03611981221090511",1,1,1
"10.1142/s0129626415400046",1,1,1
"10.1109/access.2023.3239684",1,1,1
"10.3233/idt-180325",1,1,1
"10.1371/journal.pcbi.1009120",1,1,1
"10.1111/1365-2664.12863",1,1,1
"10.1016/j.pocean.2018.04.007",1,1,1
"10.1109/tnnls.2022.3227101",1,1,1
"10.1016/s0965-9978(02)00039-x",1,1,1
"10.1016/j.compenvurbsys.2009.10.005",1,1,1
"10.1109/4236.769419",2,0,0
"10.1128/aac.01435-19",1,1,1
"10.1061/(asce)co.1943-7862.0002437",1,1,1
"10.1016/j.ecolecon.2018.12.008",1,1,1
"10.1177/0958305x221120257",1,1,1
"10.4028/www.scientific.net/amm.411-414.145",1,1,1
"10.1080/13658816.2013.771740",1,1,1
"10.3389/fdata.2021.662186",1,1,1
"10.18564/jasss.4204",1,1,1
"10.1109/access.2020.2997899",1,1,1
"10.18564/jasss.4796",1,1,1
"10.1016/j.enpol.2020.111876",1,1,1
"10.5194/isprsarchives-xl-2-87-2014",1,1,1
"10.1109/tsg.2015.2404334",1,1,1
"10.1093/icvts/ivac128",1,1,1
"10.1109/tnnls.2016.2536649",1,1,1
"10.1108/k-10-2017-0397",1,1,1
"10.18564/jasss.4742",1,1,1
"10.1139/f93-012",1,1,1
"10.1016/j.simpat.2015.05.001",1,1,1
"10.1007/s11069-020-04496-6",1,1,1
"10.1371/journal.pone.0182188",1,1,1
"10.1007/978-3-319-47253-9_35",1,1,1
"10.3390/en11010024",1,1,1
"10.1016/j.eswa.2006.09.020",1,1,1
"10.1142/s2301385020500016",1,1,1
"10.1080/00207721.2016.1226984",1,1,1
"10.1080/15472450.2014.936294",1,1,1
"10.1007/s40273-020-00962-y",1,1,1
"10.3390/systems9020041",1,1,1
"10.3354/meps08035",1,1,1
"10.1186/1471-2148-13-235",1,1,1
"10.1016/j.ecoinf.2020.101077",1,1,1
"10.1007/s10588-012-9133-y",1,1,1
"10.1007/s10729-014-9279-x",1,1,1
"10.1038/s41598-020-79000-y",1,1,1
"10.4304/jcp.2.3.21-33",1,1,1
"10.1002/rnc.6602",1,1,1
"10.1007/s10588-021-09352-x",1,1,1
"10.1016/j.isatra.2018.11.006",1,1,1
"10.1016/j.xkme.2020.07.011",1,1,1
"10.1016/j.amc.2022.127176",1,1,1
"10.1111/2041-210x.13612",1,1,1
"10.1007/s10489-012-0371-y",1,1,1
"10.1371/journal.pcbi.1009844",1,1,1
"10.1109/access.2023.3273787",1,1,1
"10.1002/asjc.2773",1,1,1
"10.1016/j.jtbi.2015.03.020",1,1,1
"10.3130/jaabe.14.371",1,1,1
"10.1007/978-1-4615-0893-9",2,0,0
"10.1016/j.cities.2022.103617",1,1,1
"10.1007/s10588-016-9230-4",1,1,1
"10.1007/s10506-007-9044-2",1,1,1
"10.1088/1748-3182/9/2/025012",1,1,1
"10.1016/j.compeleceng.2009.01.004",1,1,1
"10.1109/tits.2022.3229336",1,1,1
"10.1109/titb.2005.855564",1,1,1
"10.1007/s10489-021-02615-9",1,1,1
"10.3390/jmmp4040103",1,1,1
"10.1049/cth2.12106",1,1,1
"10.1371/journal.pone.0142453",1,1,1
"10.1007/s12205-017-0868-3",1,1,1
"10.18564/jasss.3870",1,1,1
"10.1136/oemed-2019-106121",1,1,1
"10.1007/978-3-030-30391-4_8",1,1,1
"10.1109/tnn.2010.2050601",1,1,1
"10.1890/13-0833.1",1,1,1
"10.1109/tac.2017.2732823",1,1,1
"10.1007/978-3-030-50371-0_32",1,1,1
"10.1080/00207543.2021.2020927",1,1,1
"10.3390/su11061563",1,1,1
"10.20965/jdr.2018.p1257",1,1,1
"10.1016/j.cie.2006.02.012",1,1,1
"10.1080/01402382.2014.996378",1,1,1
"10.1057/jos.2014.11",1,1,1
"10.1109/access.2020.2965556",1,1,1
"10.1016/j.surg.2022.08.048",1,1,1
"10.1007/s11095-016-2071-5",1,1,1
"10.5588/ijtld.15.0158",1,1,1
"10.4018/ijcac.2021010104",1,1,1
"10.1111/oik.09108",1,1,1
"10.1016/j.automatica.2022.110675",1,1,1
"10.1016/j.jedc.2022.104362",1,1,1
"10.1038/s41598-019-40583-w",1,1,1
"10.1007/s40273-021-01125-3",1,1,1
"10.1007/s00267-013-0208-4",1,1,1
"10.1007/978-3-030-05453-3_4",1,1,1
"10.1007/978-3-319-19704-3_26",1,1,1
"10.1016/j.autcon.2012.06.004",1,1,1
"10.1038/s41370-020-0216-4",1,1,1
"10.1016/j.neucom.2017.12.001",1,1,1
"10.1016/j.ssci.2022.105967",1,1,1
"10.3141/2410-08",1,1,1
"10.1111/brv.12729",1,1,1
"10.1080/15732479.2019.1569072",1,1,1
"10.1142/s0218539314500314",1,1,1
"10.3390/en11030656",1,1,1
"10.1002/asjc.3157",1,1,1
"10.1016/j.future.2016.08.015",1,1,1
"10.1007/s00191-016-0489-x",1,1,1
"10.1016/j.ecolmodel.2011.08.024",1,1,1
"10.3390/su12145840",1,1,1
"10.1109/blackseacom54372.2022.9858316",1,1,1
"10.3390/s19245498",2,0,0
"10.1016/j.neucom.2015.06.082",1,1,1
"10.1080/09538259.2018.1458494",1,1,1
"10.1186/s12859-022-04799-4",1,1,1
"10.1016/j.ecolmodel.2014.07.014",1,1,1
"10.1109/icalt.2019.00042",1,1,1
"10.1245/s10434-015-4738-2",1,1,1
"10.1016/j.ref.2022.08.003",1,1,1
"10.1007/s10845-008-0206-1",1,1,1
"10.3390/su141610094",1,1,1
"10.1109/icais.2002.1048179",1,1,1
"10.1002/ajcp.12052",1,1,1
"10.4149/cai_2017_6_1312",1,1,1
"10.1177/0278364910384753",1,1,1
"10.1016/j.procs.2015.05.267",1,1,1
"10.1136/bmj.i2793",1,1,1
"10.1016/j.compenvurbsys.2010.06.005",1,1,1
"10.1016/j.aap.2015.08.019",1,1,1
"10.1371/journal.pone.0167010",1,1,1
"10.1080/09537280410001662475",1,1,1
"10.1016/j.future.2011.04.006",1,1,1
"10.1080/0951192x.2019.1690683",1,1,1
"10.3233/jifs-222490",1,1,1
"10.2478/jaiscr-2023-0008",1,1,1
"10.1007/s11069-017-2876-5",1,1,1
"10.1080/23789689.2022.2029324",1,1,1
"10.1016/s2542-5196(19)30012-9",1,1,1
"10.1377/hlthaff.2015.0631",1,1,1
"10.1007/s00500-021-06282-3",1,1,1
"10.1002/rnc.3170",1,1,1
"10.1086/432035",1,1,1
"10.1007/978-3-030-00350-0_18",1,1,1
"10.1016/j.epidem.2023.100699",1,1,1
"10.1109/tac.2007.895897",1,1,1
"10.1109/tap.2007.891559",1,1,1
"10.1016/s0167-4870(01)00063-0",1,1,1
"10.1109/isdea.2013.499",1,1,1
"10.3390/ijerph192114011",1,1,1
"10.1142/s0218126620501121",1,1,1
"10.1016/j.cie.2021.107401",1,1,1
"10.1016/j.neucom.2022.11.061",1,1,1
"10.1016/j.enbuild.2012.10.025",1,1,1
"10.1007/s00265-016-2086-2",1,1,1
"10.1016/j.ijepes.2021.107109",1,1,1
"10.1371/journal.pone.0102201",1,1,1
"10.18564/jasss.3451",1,1,1
"10.1515/ttj-2016-0022",1,1,1
"10.1007/s13177-020-00237-y",1,1,1
"10.1068/b34110",1,1,1
"10.1155/2018/9610430",1,1,1
"10.1109/tac.2015.2495579",1,1,1
"10.20965/jaciii.2011.p0204",1,1,1
"10.1186/s12879-020-05501-w",1,1,1
"10.1007/s10015-011-0899-7",1,1,1
"10.1007/s40745-022-00426-4",2,0,0
"10.1016/j.physa.2007.02.016",1,1,1
"10.3233/mgs-2006-2413",1,1,1
"10.1016/j.apenergy.2018.08.083",1,1,1
"10.3934/mbe.2013.10.625",1,1,1
"10.1093/beheco/araa125",1,1,1
"10.1080/0376835x.2013.871197",1,1,1
"10.1016/j.cola.2020.101020",1,1,1
"10.1158/1055-9965.epi-22-0019",1,1,1
"10.1016/j.annepidem.2022.06.005",1,1,1
"10.1016/j.egyr.2022.09.079",1,1,1
"10.1108/ijius-01-2013-0001",1,1,1
"10.1098/rspa.2020.0501",1,1,1
"10.1007/s11390-016-1688-5",1,1,1
"10.1016/j.eswa.2012.08.058",1,1,1
"10.1016/j.ecolmodel.2008.10.020",1,1,1
"10.1093/jae/ejk012",1,1,1
"10.1016/j.apenergy.2019.114140",1,1,1
"10.1890/07-1012.1",1,1,1
"10.1061/(asce)co.1943-7862.0001315",1,1,1
"10.7326/m19-0322",1,1,1
"10.1016/j.ijepes.2021.106795",1,1,1
"10.5334/gh.830",1,1,1
"10.1007/978-3-319-43488-9_5",1,1,1
"10.1108/09727981011084968",1,1,1
"10.1073/pnas.251460998",1,1,1
"10.1093/comjnl/bxy078",1,1,1
"10.3141/2270-15",1,1,1
"10.1007/s10270-022-01008-x",1,1,1
"10.1371/journal.pcbi.1010612",1,1,1
"10.1088/1742-5468/aac14a",1,1,1
"10.1073/pnas.2112182119",1,1,1
"10.1016/s0378-8733(02)00019-9",1,1,1
"10.1007/s11538-019-00595-z",1,1,1
"10.1109/aupec52110.2021.9597830",1,1,1
"10.1007/s42967-019-00031-y",1,1,1
"10.1016/j.jedc.2023.104650",1,1,1
"10.1016/j.biosystems.2013.03.007",1,1,1
"10.1002/2050-7038.12886",1,1,1
"10.1111/j.1467-9914.2010.00501.x",1,1,1
"10.1080/00207721.2014.901581",1,1,1
"10.1016/j.mcm.2006.01.009",1,1,1
"10.1119/1.5084922",1,1,1
"10.1021/es049659l",1,1,1
"10.1186/s12888-018-1969-3",1,1,1
"10.1111/j.1365-2656.2006.01074.x",1,1,1
"10.1080/09528130701478629",1,1,1
"10.1002/int.21733",1,1,1
"10.1109/ictai.2010.72",1,1,1
"10.1016/j.energy.2015.12.042",1,1,1
"10.1016/j.eswa.2021.116063",1,1,1
"10.1007/s13369-014-1553-1",1,1,1
"10.1007/s12555-021-0030-3",1,1,1
"10.1145/3001886.3001888",1,1,1
"10.1080/10400435.2019.1666930",1,1,1
"10.1016/j.agsy.2015.12.014",1,1,1
"10.1186/s12913-017-2758-2",1,1,1
"10.1155/2017/5307219",1,1,1
"10.1186/s13567-018-0557-3",1,1,1
"10.1016/j.trd.2020.102231",1,1,1
"10.1155/2014/519547",1,1,1
"10.1177/1091142118816744",1,1,1
"10.1142/s0218202521500226",1,1,1
"10.1007/s12553-014-0086-7",1,1,1
"10.3390/s19224998",1,1,1
"10.4028/www.scientific.net/amm.97-98.623",1,1,1
"10.1016/j.softx.2023.101443",1,1,1
"10.1016/j.cacint.2023.100106",1,1,1
"10.1371/journal.pone.0281807",1,1,1
"10.1068/a44663",1,1,1
"10.1016/j.biosystems.2007.09.003",1,1,1
"10.1109/tac.2020.3000987",1,1,1
"10.1016/j.ins.2013.11.012",1,1,1
"10.1016/j.cja.2020.05.001",1,1,1
"10.1016/j.jval.2021.07.017",1,1,1
"10.1111/1475-6773.12497",1,1,1
"10.1080/09537287.2015.1128010",1,1,1
"10.1016/j.automatica.2013.02.024",1,1,1
"10.1016/j.anbehav.2021.12.012",1,1,1
"10.3390/en13143715",1,1,1
"10.1136/bmjopen-2021-049251",1,1,1
"10.1007/s10237-019-01145-1",1,1,1
"10.3390/app9081630",1,1,1
"10.1186/s12918-018-0559-9",1,1,1
"10.3233/web-190414",1,1,1
"10.1177/0361198118799169",1,1,1
"10.1155/2022/3935143",1,1,1
"10.1093/logcom/10.4.583",1,1,1
"10.1002/asjc.2897",1,1,1
"10.1016/j.procs.2018.07.103",1,1,1
"10.1155/2014/107601",1,1,1
"10.3390/cancers15102750",1,1,1
"10.1046/j.1523-1739.2002.00225.x",1,1,1
"10.1109/tro.2015.2450412",1,1,1
"10.1016/j.jenvman.2018.08.094",1,1,1
"10.1080/00207540802356770",1,1,1
"10.1109/icc.2008.581",1,1,1
"10.1155/2022/8581215",1,1,1
"10.1016/j.enpol.2020.112019",1,1,1
"10.1016/j.egyr.2021.03.035",1,1,1
"10.1515/rjnamm.2009.021",1,1,1
"10.1080/19401493.2017.1332687",1,1,1
"10.1166/asl.2017.10298",1,1,1
"10.3846/13923730.2014.890645",1,1,1
"10.1371/journal.pcbi.1006710",1,1,1
"10.1371/journal.pcbi.1001021",1,1,1
"10.1109/ecbs.2002.999820",1,1,1
"10.1016/j.jtbi.2015.05.034",1,1,1
"10.3934/mbe.2020063",1,1,1
"10.1111/j.1440-1711.2006.01425.x",1,1,1
"10.3390/math11020479",1,1,1
"10.1007/978-3-319-64798-2_2",1,1,1
"10.1016/j.agsy.2013.08.005",1,1,1
"10.1007/s10115-013-0635-9",1,1,1
"10.1016/j.isatra.2016.07.004",1,1,1
"10.1007/978-3-030-45778-5_30",1,1,1
"10.1016/j.cogsci.2004.07.002",1,1,1
"10.1080/00207543.2017.1336679",1,1,1
"10.1098/rsbl.2014.0198",1,1,1
"10.1016/j.engappai.2014.10.006",1,1,1
"10.1007/s00586-010-1647-8",1,1,1
"10.1016/j.enbuild.2020.110182",1,1,1
"10.1080/17474230701201349",1,1,1
"10.1016/j.isatra.2018.12.033",1,1,1
"10.1007/978-3-319-40162-1_24",1,1,1
"10.1109/tnnls.2020.3010690",1,1,1
"10.1016/j.eswa.2007.02.031",1,1,1
"10.22059/poll.2018.260705.466",1,1,1
"10.1108/md-06-2018-0666",1,1,1
"10.1007/s10654-023-00974-w",1,1,1
"10.1371/journal.pmed.1002517",1,1,1
"10.1177/23969873231165086",1,1,1
"10.1109/tlt.2014.2367493",1,1,1
"10.1016/j.compenvurbsys.2015.11.001",1,1,1
"10.1007/978-3-030-96627-0_9",1,1,1
"10.1016/j.jjie.2014.06.001",1,1,1
"10.18564/jasss.2559",1,1,1
"10.3390/en14082183",1,1,1
"10.7717/peerj.5342",1,1,1
"10.1109/lra.2020.2970574",1,1,1
"10.1007/s11269-020-02703-4",1,1,1
"10.1016/j.simpat.2019.102040",1,1,1
"10.3390/ijerph17093075",1,1,1
"10.1016/j.drugpo.2021.103345",1,1,1
"10.1109/tpwrs.2020.3036110",1,1,1
"10.3389/fmicb.2020.01951",1,1,1
"10.3390/s22249811",1,1,1
"10.1016/j.ecocom.2015.10.002",1,1,1
"10.3141/2390-14",1,1,1
"10.1007/978-3-319-59650-1_49",1,1,1
"10.1287/opre.2017.1590",1,1,1
"10.1111/jeb.13523",1,1,1
"10.1016/j.ssci.2018.10.010",1,1,1
"10.1016/j.jfranklin.2018.04.022",1,1,1
"10.23919/jsee.2023.000045",1,1,1
"10.1007/s11761-010-0061-8",1,1,1
"10.1080/00207721003768167",1,1,1
"10.1080/00207179.2021.1917777",1,1,1
"10.1163/1568553053148637",1,1,1
"10.1111/1365-2664.12101",1,1,1
"10.1080/00140139.2020.1739326",1,1,1
"10.3390/su15010264",1,1,1
"10.1002/rnc.6568",1,1,1
"10.1109/tevc.2008.2011741",1,1,1
"10.1109/access.2019.2941496",1,1,1
"10.1016/j.ecolmodel.2009.12.001",1,1,1
"10.1016/j.eswa.2015.05.056",1,1,1
"10.1111/j.2006.0030-1299.14909.x",1,1,1
"10.3390/s21237867",1,1,1
"10.3390/su15010290",1,1,1
"10.1016/j.jbusres.2016.03.052",1,1,1
"10.1068/a4438",1,1,1
"10.1038/s41598-022-18797-2",1,1,1
"10.1007/s10439-016-1707-2",1,1,1
"10.1111/j.1365-2656.2010.01737.x",1,1,1
"10.1007/s12559-020-09801-w",1,1,1
"10.1109/tvt.2020.3023733",1,1,1
"10.1108/jat-11-2015-0032",1,1,1
"10.1007/s10682-005-5378-y",1,1,1
"10.1016/s1470-2045(21)00403-4",1,1,1
"10.1186/s40294-015-0009-0",1,1,1
"10.18564/jasss.4107",1,1,1
"10.1016/j.jal.2016.11.022",1,1,1
"10.1002/rnc.3413",1,1,1
"10.1093/icesjms/fsac109",1,1,1
"10.1007/s12555-014-0320-0",1,1,1
"10.1016/j.ins.2021.06.080",1,1,1
"10.1186/s12911-018-0678-7",1,1,1
"10.1109/ems.2017.31",1,1,1
"10.1109/wicsa.2008.26",1,1,1
"10.1016/j.marpolbul.2017.12.004",1,1,1
"10.7148/2013-0689",1,1,1
"10.22075/ijnaa.2019.4178",1,1,1
"10.1016/j.nucengdes.2009.11.025",1,1,1
"10.3390/su14063252",1,1,1
"10.1111/1365-2656.12653",1,1,1
"10.1109/tac.2021.3137791",1,1,1
"10.1142/s0219024916500400",1,1,1
"10.1097/cej.0000000000000727",1,1,1
"10.1016/j.neucom.2021.06.098",1,1,1
"10.1007/978-3-031-14926-9_30",1,1,1
"10.4018/ijcini.2020100105",1,1,1
"10.1111/nrm.12171",1,1,1
"10.1007/978-3-030-31277-0_17",1,1,1
"10.1016/j.engappai.2010.01.026",1,1,1
"10.13106/jafeb.2021.vol8.no3.0155",1,1,1
"10.1016/j.jclepro.2016.11.184",1,1,1
"10.1109/ictai.2011.31",1,1,1
"10.1016/j.sbspro.2011.04.437",1,1,1
"10.1007/s10660-017-9278-3",1,1,1
"10.1080/00207179.2015.1060361",1,1,1
"10.1016/j.esr.2019.100372",1,1,1
"10.1098/rsif.2018.0041",1,1,1
"10.3390/electronics10121370",1,1,1
"10.1371/journal.pcbi.1002715",1,1,1
"10.1016/j.jtbi.2020.110204",1,1,1
"10.1046/j.1365-2656.2003.00742.x",1,1,1
"10.1080/14735903.2021.1907991",1,1,1
"10.1016/j.automatica.2007.07.004",1,1,1
"10.17310/ntj.2010.4.05",1,1,1
"10.1007/s00285-012-0619-5",1,1,1
"10.1504/ijcat.2017.082267",1,1,1
"10.1371/journal.pone.0165082",1,1,1
"10.3389/fevo.2022.982507",1,1,1
"10.1162/106454698568477",1,1,1
"10.1016/j.ecolmodel.2010.09.041",1,1,1
"10.1002/rnc.5815",1,1,1
"10.1016/j.rser.2017.04.004",1,1,1
"10.1109/lcsys.2022.3223305",1,1,1
"10.3389/fenvs.2015.00017",1,1,1
"10.3934/nhm.2023066",1,1,1
"10.1002/hec.3975",1,1,1
"10.1016/j.asoc.2019.105761",1,1,1
"10.1016/j.ssci.2018.02.016",1,1,1
"10.1128/jvi.74.7.2990-3000.2000",1,1,1
"10.1177/2309499017705022",1,1,1
"10.1007/s10641-016-0508-7",1,1,1
"10.1371/journal.pone.0199593",1,1,1
"10.1016/j.ifacol.2015.05.144",1,1,1
"10.3991/ijoe.v14i04.8364",1,1,1
"10.1109/access.2021.3070071",1,1,1
"10.1016/j.ijdrr.2021.102669",1,1,1
"10.1136/bmj.l5515",1,1,1
"10.1371/journal.pone.0256926",1,1,1
"10.1016/j.artint.2007.04.008",1,1,1
"10.3390/en14134031",1,1,1
"10.3233/ida-150714",1,1,1
"10.1109/icma.2007.4304141",1,1,1
"10.1016/j.ecolmodel.2017.05.025",1,1,1
"10.1109/tac.2022.3184652",1,1,1
"10.1016/s0305-0548(03)00112-6",1,1,1
"10.3141/2206-05",1,1,1
"10.1007/s11071-017-4020-1",1,1,1
"10.1007/978-3-319-61566-0_91",1,1,1
"10.3389/fphys.2016.00165",1,1,1
"10.1016/j.epidem.2022.100658",1,1,1
"10.1016/j.eswa.2008.01.070",1,1,1
"10.1109/jsyst.2017.2778063",1,1,1
"10.3390/app8030337",1,1,1
"10.1017/aer.2019.11",1,1,1
"10.3390/healthcare9111412",1,1,1
"10.1017/s0269888909000204",1,1,1
"10.1007/s10586-015-0500-6",1,1,1
"10.3141/2533-05",1,1,1
"10.1016/j.jenvman.2015.11.056",1,1,1
"10.24136/eq.2022.005",1,1,1
"10.1016/j.robot.2007.08.006",1,1,1
"10.1016/j.compeleceng.2019.04.016",1,1,1
"10.18564/jasss.3467",1,1,1
"10.1109/tac.2016.2609281",1,1,1
"10.3389/fimmu.2015.00561",1,1,1
"10.1371/journal.pone.0079852",1,1,1
"10.1007/s13253-019-00363-5",1,1,1
"10.1017/s0047279407001213",1,1,1
"10.3390/drones7030193",1,1,1
"10.1002/rnc.2803",1,1,1
"10.1093/icesjms/fsac104",1,1,1
"10.1016/j.ifacol.2022.09.676",1,1,1
"10.1080/0032472031000148306",1,1,1
"10.1177/2399808319874805",1,1,1
"10.1371/journal.pone.0138092",1,1,1
"10.3390/land10020107",1,1,1
"10.1007/s00500-022-07222-5",1,1,1
"10.4028/www.scientific.net/amr.753-755.1875",1,1,1
"10.1016/j.jfranklin.2015.03.015",1,1,1
"10.1016/0047-2727(94)90030-2",1,1,1
"10.1016/j.dss.2009.09.001",1,1,1
"10.1007/s10588-015-9202-0",1,1,1
"10.1016/j.cam.2017.12.013",1,1,1
"10.1016/j.econedurev.2016.10.001",1,1,1
"10.1016/j.sysconle.2012.04.006",1,1,1
"10.1016/j.jmatprotec.2006.04.039",1,1,1
"10.3390/socsci11070304",1,1,1
"10.1086/668594",1,1,1
"10.3233/978-1-61499-779-5-67",1,1,1
"10.1007/s11403-015-0162-8",1,1,1
"10.1111/j.1475-5890.2014.12023.x",1,1,1
"10.1207/s15327957pspr0604_08",1,1,1
"10.1016/s0304-3800(97)00128-2",1,1,1
"10.1016/j.actatropica.2015.06.025",1,1,1
"10.3170/2008-8-18384",1,1,1
"10.3390/computers5030014",1,1,1
"10.1038/s41598-023-29286-5",1,1,1
"10.1155/2013/967483",1,1,1
"10.1109/access.2019.2904663",1,1,1
"10.3233/web-150326",1,1,1
"10.1016/j.sysconle.2019.04.010",1,1,1
"10.1016/j.cirp.2018.04.016",1,1,1
"10.1080/00207543.2022.2063085",1,1,1
"10.1007/s11069-022-05286-y",1,1,1
"10.1142/s0218213011000152",1,1,1
"10.1080/00324728.2021.1959943",1,1,1
"10.1177/0037549711433392",1,1,1
"10.1007/978-3-319-16766-4_10",1,1,1
"10.3390/s22207939",1,1,1
"10.1007/s10980-021-01310-x",1,1,1
"10.1038/nclimate1447",1,1,1
"10.3233/ais-2012-0149",1,1,1
"10.1201/b16318",3,0,0
"10.1177/0037549716668259",1,1,1
"10.1109/tcyb.2016.2591518",1,1,1
"10.12694/scpe.v15i3.1016",1,1,1
"10.1137/19m1273426",1,1,1
"10.1080/13696998.2019.1580714",1,1,1
"10.1109/coginf.2004.1327483",1,1,1
"10.1111/exsy.12263",1,1,1
"10.1016/j.fishres.2006.03.020",1,1,1
"10.1016/j.simpat.2017.05.006",1,1,1
"10.3141/2536-02",1,1,1
"10.1016/j.trc.2012.10.008",1,1,1
"10.1057/eej.2010.43",1,1,1
"10.3141/2570-12",1,1,1
"10.1109/tro.2023.3258690",2,0,0
"10.1080/23311916.2019.1565630",1,1,1
"10.1016/j.ecolmodel.2004.04.035",1,1,1
"10.1098/rsif.2022.0170",1,1,1
"10.1007/s10015-020-00649-9",1,1,1
"10.18564/jasss.5081",1,1,1
"10.1038/s41558-021-01205-4",1,1,1
"10.1117/12.619472",1,1,1
"10.1016/j.ecocom.2008.08.001",1,1,1
"10.1109/access.2023.3283503",1,1,1
"10.1016/j.eswa.2022.116711",1,1,1
"10.1109/access.2020.3030635",1,1,1
"10.1016/j.ifacol.2016.10.228",1,1,1
"10.1109/tnnls.2021.3087481",1,1,1
"10.1177/1687814018795785",1,1,1
"10.1177/0361198121994838",1,1,1
"10.1111/roiw.12070",1,1,1
"10.1109/4235.956712",1,1,1
"10.1016/j.biocon.2014.02.016",1,1,1
"10.1002/bse.2488",1,1,1
"10.3390/en16124638",1,1,1
"10.1007/978-3-319-57285-7_9",1,1,1
"10.1007/s10021-019-00423-4",1,1,1
"10.1007/s11771-006-0123-4",1,1,1
"10.1080/00207179.2019.1707291",1,1,1
"10.1016/j.landusepol.2022.106267",1,1,1
"10.1007/s10980-007-9148-9",1,1,1
"10.1109/access.2021.3074125",1,1,1
"10.1007/s11538-018-0412-8",1,1,1
"10.1371/journal.pntd.0004507",1,1,1
"10.1016/j.apenergy.2017.05.140",1,1,1
"10.1016/j.biocon.2003.12.006",1,1,1
"10.1080/00045608.2013.846152",1,1,1
"10.2495/ut060281",1,1,1
"10.1137/21m1394680",1,1,1
"10.1109/access.2021.3114226",1,1,1
"10.1155/2015/236285",1,1,1
"10.1016/j.envsoft.2013.05.005",1,1,1
"10.1111/ele.13165",1,1,1
"10.1002/rnc.3474",1,1,1
"10.1016/j.jhin.2018.05.002",1,1,1
"10.1023/a:1011294719852",1,1,1
"10.18564/jasss.4771",1,1,1
"10.1371/journal.pone.0141295",1,1,1
"10.1109/wcica.2008.4593139",1,1,1
"10.1371/journal.pone.0123450",1,1,1
"10.1016/j.jfranklin.2016.08.027",1,1,1
"10.1093/ageing/afz154",1,1,1
"10.1016/j.cie.2017.03.027",1,1,1
"10.1080/08839510490509090",1,1,1
"10.1007/s10750-007-9043-z",1,1,1
"10.3390/en11030568",1,1,1
"10.1016/j.marpol.2012.05.031",1,1,1
"10.1016/j.eswa.2010.10.055",1,1,1
"10.1111/j.1600-0587.2011.07200.x",1,1,1
"10.3389/fpsyt.2021.674263",1,1,1
"10.3928/23258160-20150730-12",1,1,1
"10.4028/www.scientific.net/amm.71-78.4333",1,1,1
"10.3390/s21072393",1,1,1
"10.1002/ece3.3660",1,1,1
"10.1016/j.ecolmodel.2014.09.022",1,1,1
"10.1080/09537287.2010.489252",1,1,1
"10.1080/13658816.2015.1030751",1,1,1
"10.1109/lra.2023.3248440",1,1,1
"10.1007/978-3-319-47253-9_17",1,1,1
"10.1016/j.sysconle.2014.12.005",1,1,1
"10.1002/int.20230",1,1,1
"10.1007/978-3-030-03928-8_8",1,1,1
"10.1111/meca.12145",1,1,1
"10.1371/journal.pone.0126752",1,1,1
"10.3103/s0147688218060059",1,1,1
"10.1016/j.leaqua.2010.10.007",1,1,1
"10.3390/su15086826",1,1,1
"10.1007/s10845-007-0052-6",1,1,1
"10.1109/sccc.2013.9",1,1,1
"10.1007/bf00317908",1,1,1
"10.3389/fevo.2020.00007",1,1,1
"10.1016/j.gim.2022.05.016",1,1,1
"10.1109/tcyb.2021.3062035",1,1,1
"10.1609/aimag.v33i3.2427",1,1,1
"10.1002/cplx.20289",1,1,1
"10.20998/2074-272x.2022.6.03",1,1,1
"10.1109/tcyb.2019.2956316",1,1,1
"10.1002/tee.22804",1,1,1
"10.1111/jeb.12301",1,1,1
"10.1016/s0165-1889(00)00035-x",1,1,1
"10.1109/access.2022.3218719",1,1,1
"10.3103/s0146411608040020",1,1,1
"10.1145/1293731.1293736",1,1,1
"10.1111/eva.12255",1,1,1
"10.1016/j.robot.2007.07.009",1,1,1
"10.1017/nws.2015.7",1,1,1
"10.1111/ijsw.12553",1,1,1
"10.3233/mgs-150226",1,1,1
"10.1007/978-3-319-32689-4_44",1,1,1
"10.1016/j.jtbi.2016.05.036",1,1,1
"10.3233/mgs-2010-0142",1,1,1
"10.3389/fmicb.2017.01865",1,1,1
"10.4324/9781315748771",6,0,0
"10.1161/strokeaha.113.001240",1,1,1
"10.18564/jasss.4196",1,1,1
"10.1016/j.compenvurbsys.2014.09.004",1,1,1
"10.3390/fi15010036",1,1,1
"10.1111/cobi.13058",1,1,1
"10.1016/j.amc.2019.04.079",1,1,1
"10.1155/2020/8867820",1,1,1
"10.1109/mcom.005.2200904",2,0,0
"10.1007/s10552-017-0965-0",1,1,1
"10.1109/tsmc.2020.2980295",1,1,1
"10.4018/jgim.299323",1,1,1
"10.1016/j.jfranklin.2015.03.026",1,1,1
"10.1097/j.pain.0000000000000715",1,1,1
"10.1016/j.ecolmodel.2019.108924",1,1,1
"10.1002/sdr.417",1,1,1
"10.1007/s10489-014-0521-5",1,1,1
"10.18564/jasss.2760",1,1,1
"10.1128/aac.01626-10",1,1,1
"10.1109/tac.2020.2998933",1,1,1
"10.1002/asjc.1410",1,1,1
"10.1371/journal.pone.0132576",1,1,1
"10.1111/oik.02884",1,1,1
"10.1145/3178264.3178290",1,1,1
"10.1061/(asce)cp.1943-5487.0000202",1,1,1
"10.1002/ecs2.3353",1,1,1
"10.18564/jasss.2522",1,1,1
"10.1007/s12652-020-01812-7",1,1,1
"10.3233/ifs-162212",1,1,1
"10.1080/13675567.2022.2138290",1,1,1
"10.1109/tac.2008.930184",1,1,1
"10.1007/s10439-011-0363-9",1,1,1
"10.1017/s0890060404040090",1,1,1
"10.3390/s20216205",1,1,1
"10.3233/mgs-2006-2207",1,1,1
"10.1111/pirs.12488",1,1,1
"10.1016/j.mcm.2005.02.011",1,1,1
"10.1158/1055-9965.epi-16-0786",1,1,1
"10.1007/978-3-030-02586-1_1",1,1,1
"10.1007/s10980-017-0495-x",1,1,1
"10.21629/jsee.2019.04.10",1,1,1
"10.1186/2192-113x-3-3",1,1,1
"10.3389/fmars.2023.1155227",1,1,1
"10.1109/access.2022.3232097",1,1,1
"10.1109/compsacw.2014.77",1,1,1
"10.1177/0894439318768454",1,1,1
"10.4137/cin.s38122",1,1,1
"10.1109/tcyb.2021.3072031",1,1,1
"10.1016/j.ins.2010.06.005",1,1,1
"10.1016/j.eneco.2022.106020",1,1,1
"10.1016/s0167-9236(99)00066-4",1,1,1
"10.1016/j.ecolmodel.2019.108824",1,1,1
"10.1006/jtbi.1997.0472",1,1,1
"10.1002/asjc.2287",1,1,1
"10.1136/hrt.2010.201939",1,1,1
"10.1108/ecam-04-2021-0330",1,1,1
"10.1016/j.cstp.2018.08.001",1,1,1
"10.1080/08839510802379600",1,1,1
"10.1541/ieejjia.22007962",1,1,1
"10.1371/journal.pone.0023019",1,1,1
"10.1007/s10458-006-6105-y",1,1,1
"10.1148/radiol.2463070224",1,1,1
"10.1097/sla.0000000000002507",1,1,1
"10.1109/igarss.2009.5417698",1,1,1
"10.1371/journal.pone.0098205",1,1,1
"10.1371/journal.pone.0245787",1,1,1
"10.1007/s11071-022-07999-y",1,1,1
"10.1016/j.aap.2023.107194",1,1,1
"10.1016/j.ecolmodel.2011.02.020",1,1,1
"10.1016/j.jairtraman.2019.101705",1,1,1
"10.14736/kyb-2018-2-0304",1,1,1
"10.1002/sys.21555",1,1,1
"10.1080/23789689.2019.1710071",1,1,1
"10.1016/j.ijid.2021.04.029",1,1,1
"10.1007/978-3-319-69131-2_34",1,1,1
"10.1016/j.automatica.2016.02.002",1,1,1
"10.1080/00222216.2022.2073492",1,1,1
"10.1177/03611981211011165",1,1,1
"10.1163/156853902320262790",1,1,1
"10.1016/j.foodres.2018.01.052",1,1,1
"10.1016/j.ijdrr.2021.102462",1,1,1
"10.1016/s0169-023x(01)00058-1",1,1,1
"10.1109/tcyb.2020.3041267",1,1,1
"10.1061/(asce)cp.1943-5487.0000069",1,1,1
"10.1007/s12571-015-0524-z",1,1,1
"10.1177/10597123221137090",1,1,1
"10.1155/2020/7981791",1,1,1
"10.1109/tcss.2022.3196737",2,0,0
"10.1016/j.rser.2018.04.054",1,1,1
"10.1016/j.epsr.2020.107007",1,1,1
"10.3390/su10061879",1,1,1
"10.1016/j.econmod.2017.05.004",1,1,1
"10.1016/j.envsci.2018.03.005",1,1,1
"10.1108/ijes-05-2018-0031",1,1,1
"10.1109/tac.2008.929396",1,1,1
"10.1007/s11075-021-01155-0",1,1,1
"10.1007/s10916-021-01772-1",1,1,1
"10.1016/j.swevo.2018.12.004",1,1,1
"10.1016/s0898-1221(03)90036-8",1,1,1
"10.1016/j.jss.2012.11.027",1,1,1
"10.1007/978-3-030-27477-1_19",1,1,1
"10.1080/00207721.2017.1318971",1,1,1
"10.1007/s10472-023-09872-z",1,1,1
"10.1109/tia.2017.2671427",1,1,1
"10.1007/s10614-012-9334-y",1,1,1
"10.1007/s10845-005-1661-6",1,1,1
"10.1177/03611981231152464",1,1,1
"10.1007/s11424-016-4245-y",1,1,1
"10.1016/j.ijpe.2019.05.018",1,1,1
"10.1186/1752-0509-8-18",1,1,1
"10.1007/s10439-022-03078-w",1,1,1
"10.3390/info12030103",1,1,1
"10.1001/jamahealthforum.2021.1749",1,1,1
"10.1109/tcyb.2020.3034697",1,1,1
"10.1007/978-3-031-21203-1_13",1,1,1
"10.1080/00213624.2018.1469936",1,1,1
"10.5018/economics-ejournal.ja.2018-15",1,1,1
"10.1002/cplx.21385",1,1,1
"10.1214/16-aap1227",1,1,1
"10.1109/tciaig.2009.2034638",1,1,1
"10.1016/j.leukres.2017.09.009",1,1,1
"10.1007/s00521-013-1505-9",1,1,1
"10.1007/s10878-020-00546-8",1,1,1
"10.1108/ijpdlm-02-2022-0044",1,1,1
"10.1093/jnci/djab119",1,1,1
"10.1002/lt.21703",1,1,1
"10.1177/0037549710396276",1,1,1
"10.1016/j.jtbi.2013.09.001",1,1,1
"10.1016/j.automatica.2011.01.078",1,1,1
"10.1002/cav.1598",1,1,1
"10.3141/2071-10",1,1,1
"10.3390/e22040386",1,1,1
"10.3390/math11153364",1,1,1
"10.1016/j.jfranklin.2021.07.015",1,1,1
"10.1016/j.pcd.2022.03.013",1,1,1
"10.1007/s11403-019-00266-1",1,1,1
"10.1007/s10588-021-09347-8",1,1,1
"10.1111/cdoe.12437",1,1,1
"10.1111/j.1095-8649.1997.tb06096.x",1,1,1
"10.1109/tac.2019.2946205",1,1,1
"10.1002/ecj.10258",1,1,1
"10.1080/23311916.2021.1938795",1,1,1
"10.1109/tiv.2022.3163147",1,1,1
"10.1109/mt-its49943.2021.9529288",1,1,1
"10.3390/su12072831",1,1,1
"10.1177/0037549710384124",1,1,1
"10.1142/s0129183112500313",1,1,1
"10.1049/iet-cta.2014.0634",1,1,1
"10.1007/s12273-017-0355-2",1,1,1
"10.1016/j.ecolmodel.2005.06.011",1,1,1
"10.3389/fpsyg.2018.01167",1,1,1
"10.1057/eej.2008.29",1,1,1
"10.1109/access.2018.2872755",1,1,1
"10.1177/0022002710383663",1,1,1
"10.1109/jsyst.2021.3135236",1,1,1
"10.1109/compsac.2017.224",1,1,1
"10.1086/655466",1,1,1
"10.1016/j.epsr.2021.107357",1,1,1
"10.1016/j.cie.2015.05.025",1,1,1
"10.3389/fenvs.2015.00055",1,1,1
"10.1111/ajt.15239",1,1,1
"10.1016/j.aap.2022.106568",1,1,1
"10.1007/s11113-008-9086-5",1,1,1
"10.1061/(asce)up.1943-5444.0000349",1,1,1
"10.1007/s10884-016-9526-6",1,1,1
"10.1016/j.neucom.2021.09.044",1,1,1
"10.1108/rpj-11-2017-0239",1,1,1
"10.1007/s12555-017-0231-y",1,1,1
"10.3354/meps12629",1,1,1
"10.3390/ijerph192416393",1,1,1
"10.1016/j.jocs.2019.06.003",1,1,1
"10.1016/j.procs.2015.12.343",1,1,1
"10.1002/asjc.1327",1,1,1
"10.1109/tcyb.2019.2948424",1,1,1
"10.3233/wor-2012-0650-2274",1,1,1
"10.1038/s41598-020-76746-3",1,1,1
"10.1007/978-981-13-8679-4_21",1,1,1
"10.1061/(asce)co.1943-7862.0001987",1,1,1
"10.1177/0361198120949531",1,1,1
"10.1016/j.eswa.2009.05.049",1,1,1
"10.1109/jsen.2011.2159489",1,1,1
"10.1007/s10586-018-2055-9",1,1,1
"10.1016/j.procs.2016.05.369",1,1,1
"10.1002/int.22536",1,1,1
"10.1002/ece3.9528",1,1,1
"10.1016/j.semarthrit.2019.01.006",1,1,1
"10.1080/15732479.2021.1924797",1,1,1
"10.7717/peerj.13472",1,1,1
"10.20965/ijat.2019.p0691",1,1,1
"10.1007/s00607-022-01082-5",1,1,1
"10.1109/tcns.2020.3038839",1,1,1
"10.18564/jasss.2577",1,1,1
"10.3141/2619-05",1,1,1
"10.1016/j.chaos.2020.109999",1,1,1
"10.1016/j.compeleceng.2018.02.011",1,1,1
"10.1371/journal.pone.0259970",1,1,1
"10.1007/978-981-32-9042-6_47",1,1,1
"10.1007/s13253-021-00459-x",1,1,1
"10.1093/beheco/arw056",1,1,1
"10.3897/natureconservation.5.4611",1,1,1
"10.1086/674826",1,1,1
"10.1016/j.ifacol.2016.07.860",1,1,1
"10.1109/sieds.2008.4559721",1,1,1
"10.1108/aeat-02-2021-0058",1,1,1
"10.5812/hepatmon.37435",1,1,1
"10.1177/03611981221144289",1,1,1
"10.1038/srep32097",1,1,1
"10.1023/b:amai.0000034529.83643.ce",1,1,1
"10.1001/jamaoncol.2020.2922",1,1,1
"10.1504/ejie.2007.014108",1,1,1
"10.1016/j.ecolmodel.2011.05.025",1,1,1
"10.1002/sdr.1477",1,1,1
"10.1080/14703297.2016.1189346",1,1,1
"10.18564/jasss.4566",1,1,1
"10.2202/1932-0183.1175",1,1,1
"10.1007/s11284-014-1181-y",1,1,1
"10.7717/peerj-cs.531",1,1,1
"10.1002/mma.7797",1,1,1
"10.1371/journal.pone.0279545",1,1,1
"10.1093/aje/kwz199",1,1,1
"10.1016/j.jtbi.2022.111271",1,1,1
"10.1016/j.jval.2021.02.009",1,1,1
"10.3233/mgs-130211",1,1,1
"10.1164/rccm.201310-1846oc",1,1,1
"10.1016/j.jedc.2020.103855",1,1,1
"10.1038/s41598-022-07272-7",1,1,1
"10.1007/s10750-005-1204-3",1,1,1
"10.1002/sres.2292",1,1,1
"10.1007/s10462-012-9371-x",1,1,1
"10.1053/j.gastro.2015.04.045",1,1,1
"10.1128/jvi.68.12.8321-8330.1994",1,1,1
"10.1163/22105832-00802004",1,1,1
"10.1111/ecog.01194",1,1,1
"10.18564/jasss.4190",1,1,1
"10.1111/risa.14144",1,1,1
"10.1016/j.ins.2016.01.063",1,1,1
"10.1109/tcyb.2020.2991761",1,1,1
"10.1371/journal.pone.0253498",1,1,1
"10.1103/physreve.78.046106",1,1,1
"10.1016/j.jedc.2022.104405",1,1,1
"10.1111/evo.12275",1,1,1
"10.1007/s42001-021-00106-y",1,1,1
"10.1177/0037549711404714",1,1,1
"10.5220/0005904701860193",1,1,1
"10.3390/insects11050317",1,1,1
"10.1016/j.ins.2012.10.007",1,1,1
"10.1111/evo.12883",1,1,1
"10.1109/compsacw.2014.73",1,1,1
"10.1103/physreve.89.012809",1,1,1
"10.1093/biostatistics/kxp027",1,1,1
"10.3390/cancers14122951",1,1,1
"10.18564/jasss.3901",1,1,1
"10.1080/17477778.2022.2128911",1,1,1
"10.1111/iwj.13645",1,1,1
"10.1016/j.foodpol.2011.09.002",1,1,1
"10.1155/2019/2163925",1,1,1
"10.1109/waina.2013.95",1,1,1
"10.1371/journal.pone.0226825",1,1,1
"10.1007/s00265-002-0545-4",1,1,1
"10.3390/app10113780",1,1,1
"10.1109/tpwrd.2011.2116047",1,1,1
"10.1117/12.2585760",1,1,1
"10.1061/(asce)cp.1943-5487.0000532",1,1,1
"10.1109/access.2020.3036668",1,1,1
"10.1002/oby.22989",1,1,1
"10.3166/ejc.18.162-181",1,1,1
"10.1016/j.epidem.2017.09.001",1,1,1
"10.1073/pnas.1801383115",1,1,1
"10.1109/icwl.2008.26",1,1,1
"10.1016/j.tranpol.2021.11.019",1,1,1
"10.1111/j.1755-0998.2009.02719.x",1,1,1
"10.1002/ajhb.20857",1,1,1
"10.1111/j.0030-1299.2004.13063.x",1,1,1
"10.1016/j.epidem.2017.03.007",1,1,1
"10.1109/access.2020.2987348",1,1,1
"10.1371/journal.pone.0275247",1,1,1
"10.1002/ajp.22287",1,1,1
"10.1016/j.automatica.2019.108558",1,1,1
"10.1016/j.ejor.2004.03.040",1,1,1
"10.1098/rspb.2008.1535",1,1,1
"10.1016/j.procs.2016.08.230",1,1,1
"10.1086/677206",1,1,1
"10.1177/0894439313511388",1,1,1
"10.1007/978-3-319-19638-1_33",1,1,1
"10.1177/11769351221140102",1,1,1
"10.1016/j.aap.2019.01.007",1,1,1
"10.1016/j.engappai.2013.11.012",1,1,1
"10.1007/s11771-011-0818-z",1,1,1
"10.1371/journal.pone.0179643",1,1,1
"10.1057/jos.2014.1",1,1,1
"10.1007/s10980-018-00768-6",1,1,1
"10.1080/03949370.2011.601762",1,1,1
"10.1046/j.1365-2419.1998.00072.x",1,1,1
"10.1016/s0166-3615(03)00101-5",1,1,1
"10.1016/j.ijdrr.2021.102289",1,1,1
"10.1098/rsif.2015.0812",1,1,1
"10.1093/icb/32.2.154",2,0,0
"10.1016/j.jenvman.2022.114917",1,1,1
"10.1007/s10754-015-9168-y",1,1,1
"10.1016/j.fusengdes.2016.04.043",1,1,1
"10.1007/s10888-017-9366-6",1,1,1
"10.1103/physreve.86.051132",1,1,1
"10.1177/138826271001200201",1,1,1
"10.1080/23322039.2017.1381370",1,1,1
"10.1016/j.engappai.2014.12.003",1,1,1
"10.1016/j.sbspro.2011.04.440",1,1,1
"10.1371/journal.pcbi.1005876",1,1,1
"10.1016/j.ecss.2020.106797",1,1,1
"10.1002/etc.3576",1,1,1
"10.1109/aict50176.2020.9368665",1,1,1
"10.1093/cje/bel034",1,1,1
"10.1002/asmb.2157",1,1,1
"10.1016/j.jenvman.2019.01.023",1,1,1
"10.1142/s0218213011000528",1,1,1
"10.1177/15501329221082415",1,1,1
"10.1016/j.socnet.2010.11.003",1,1,1
"10.1002/ps.6587",1,1,1
"10.1073/pnas.0702241104",1,1,1
"10.1049/smc2.12049",1,1,1
"10.1080/08874417.2016.1261377",1,1,1
"10.1007/s10015-022-00806-2",1,1,1
"10.1515/bis-2014-0005",1,1,1
"10.4137/cin.s13013",2,0,0
"10.1109/taes.2022.3157660",1,1,1
"10.18564/jasss.3260",1,1,1
"10.1109/pct.2007.4538442",1,1,1
"10.1002/eej.20517",1,1,1
"10.1016/j.apenergy.2012.07.021",1,1,1
"10.1086/318626",1,1,1
"10.1145/2517028",1,1,1
"10.1136/bmjopen-2018-026525",1,1,1
"10.1117/12.411779",1,1,1
"10.1080/0022250x.2016.1205049",1,1,1
"10.1109/tsg.2017.2750542",1,1,1
"10.1080/00207179.2015.1033758",1,1,1
"10.3390/app10124343",1,1,1
"10.1016/j.eswa.2013.02.021",1,1,1
"10.1504/ijguc.2012.051420",1,1,1
"10.1093/beheco/arl095",1,1,1
"10.1016/j.ecolmodel.2020.109310",1,1,1
"10.1016/j.automatica.2019.108509",1,1,1
"10.1080/00207179.2012.727473",1,1,1
"10.3390/sym14010090",1,1,1
"10.1163/156855302320535999",1,1,1
"10.1007/1-4020-4995-1_1",1,1,1
"10.1007/s10458-006-0011-1",1,1,1
"10.1016/j.neucom.2019.02.018",1,1,1
"10.1016/j.energy.2013.02.002",1,1,1
"10.1016/j.sysconle.2013.07.008",1,1,1
"10.1016/j.techfore.2016.01.018",1,1,1
"10.2307/5970",1,1,1
"10.1155/2020/1360491",1,1,1
"10.1109/tac.2014.2337451",1,1,1
"10.1007/s10845-013-0837-8",1,1,1
"10.1016/j.avsg.2023.02.013",1,1,1
"10.1016/j.procs.2019.08.228",1,1,1
"10.1080/0144929x.2016.1212095",1,1,1
"10.1109/icecet52533.2021.9698465",1,1,1
"10.1109/access.2023.3248628",1,1,1
"10.1016/j.automatica.2012.02.032",1,1,1
"10.1177/0272989x14545788",1,1,1
"10.1007/s11431-012-4890-x",1,1,1
"10.17310/ntj.2000.3.01",1,1,1
"10.1111/j.1574-0862.2007.00261.x",1,1,1
"10.3897/jucs.73924",1,1,1
"10.1109/fuzzy.2006.1681702",1,1,1
"10.1016/j.biosystems.2020.104290",1,1,1
"10.1007/978-3-030-17771-3_17",1,1,1
"10.3233/978-1-61499-405-3-392",1,1,1
"10.1016/j.jaa.2020.101204",1,1,1
"10.1016/j.jnca.2015.05.014",1,1,1
"10.1145/3121112",1,1,1
"10.1109/wsc48552.2020.9384123",1,1,1
"10.2306/scienceasia1513-1874.2014.40.306",1,1,1
"10.1109/eiconrus.2019.8656866",1,1,1
"10.3390/e24020154",1,1,1
"10.1016/j.matcom.2020.10.023",1,1,1
"10.1007/s11192-022-04496-2",1,1,1
"10.1016/j.jinf.2019.12.010",1,1,1
"10.18564/jasss.3733",1,1,1
"10.1007/s10916-015-0378-0",1,1,1
"10.1093/aob/mcaa014",1,1,1
"10.1016/j.simpat.2021.102302",1,1,1
"10.1007/s13218-014-0307-2",1,1,1
"10.1016/j.compbiomed.2021.104369",1,1,1
"10.1007/s40273-023-01270-x",1,1,1
"10.1109/access.2017.2769063",1,1,1
"10.2514/2.5471",1,1,1
"10.1016/j.ecolmodel.2019.108800",1,1,1
"10.1061/(asce)0733-947x(2009)135:6(338)",1,1,1
"10.1016/j.cja.2021.05.009",1,1,1
"10.1002/acr.22933",1,1,1
"10.1007/s00198-020-05802-5",1,1,1
"10.1007/978-3-319-01952-9_2",2,0,0
"10.1109/tii.2022.3141428",1,1,1
"10.1016/j.landurbplan.2018.09.023",1,1,1
"10.1098/rsfs.2012.0033",1,1,1
"10.1109/wsc.2010.5679053",1,1,1
"10.1111/j.1365-2419.2011.00597.x",1,1,1
"10.1017/aap.2019.6",1,1,1
"10.1080/19427867.2023.2205190",1,1,1
"10.1177/0308518x16653402",1,1,1
"10.1371/journal.pone.0129888",1,1,1
"10.1007/s00285-018-1208-z",1,1,1
"10.1016/j.ifacol.2017.08.092",1,1,1
"10.1007/s10682-022-10222-4",1,1,1
"10.1007/s11625-018-0593-y",1,1,1
"10.1007/s10846-022-01743-9",1,1,1
"10.1007/s12080-017-0338-z",1,1,1
"10.1007/978-3-030-96993-6_53",1,1,1
"10.1016/j.automatica.2009.11.012",1,1,1
"10.1504/ijcnds.2019.100642",1,1,1
"10.4000/cybergeo.23381",1,1,1
"10.1109/tnse.2019.2943023",1,1,1
"10.7183/0002-7316.76.1.163",1,1,1
"10.1177/875647930600300203",1,1,1
"10.4018/jdet.2011040103",1,1,1
"10.1103/physreve.84.041120",1,1,1
"10.1016/j.jenvman.2017.04.036",1,1,1
"10.1109/icmas.1998.699246",1,1,1
"10.1080/21691401.2017.1394872",1,1,1
"10.1006/jeth.1994.1012",1,1,1
"10.1007/s00521-017-2977-9",1,1,1
"10.3389/frobt.2021.771520",1,1,1
"10.1371/journal.pone.0166323",1,1,1
"10.1371/journal.pcbi.1003070",1,1,1
"10.1016/j.renene.2019.04.094",1,1,1
"10.1007/s11403-018-0226-7",1,1,1
"10.1587/transfun.e102.a.351",1,1,1
"10.1007/s10955-014-0923-0",1,1,1
"10.3233/ais-180480",1,1,1
"10.1631/fitee.2200073",1,1,1
"10.1016/j.resconrec.2021.105442",1,1,1
"10.1007/s13369-017-3018-9",1,1,1
"10.1063/1.5142849",1,1,1
"10.1080/13658810600830806",1,1,1
"10.1016/j.ecolind.2009.03.004",1,1,1
"10.1007/s00168-016-0770-9",1,1,1
"10.1186/s12544-020-00409-7",1,1,1
"10.1134/s1995080220120240",1,1,1
"10.1080/00036846.2015.1021456",1,1,1
"10.1109/access.2023.3298601",2,0,0
"10.1016/j.cose.2012.02.002",1,1,1
"10.1136/bmj.e670",1,1,1
"10.1002/rnc.5872",1,1,1
"10.1016/j.jclepro.2022.131035",1,1,1
"10.1016/j.compenvurbsys.2014.02.006",1,1,1
"10.1371/journal.pone.0203177",1,1,1
"10.3233/978-1-61499-578-4-120",1,1,1
"10.3390/e24091296",1,1,1
"10.1109/tac.2017.2673411",1,1,1
"10.1002/isaf.1463",1,1,1
"10.1038/s41598-021-03282-z",1,1,1
"10.1186/s12966-017-0553-4",1,1,1
"10.1017/s0950268810000300",1,1,1
"10.1111/fog.12094",1,1,1
"10.1002/evan.21443",1,1,1
"10.1017/s0047279419000424",1,1,1
"10.1177/0361198118777084",1,1,1
"10.1109/icl.2012.6402179",1,1,1
"10.1016/j.ijpe.2007.09.010",1,1,1
"10.1007/978-3-319-10422-5_10",1,1,1
"10.1016/j.esr.2021.100734",1,1,1
"10.1007/978-3-319-93698-7_27",1,1,1
"10.1016/j.ecocom.2004.11.006",1,1,1
"10.1080/00207721.2020.1825873",1,1,1
"10.1016/j.engappai.2019.07.013",1,1,1
"10.1109/access.2022.3223663",1,1,1
"10.1111/j.1540-5885.2011.00792.x",1,1,1
"10.1016/j.robot.2023.104480",1,1,1
"10.1016/j.ecoleng.2011.08.010",1,1,1
"10.1016/j.eswa.2015.04.029",1,1,1
"10.1109/jsyst.2019.2942780",1,1,1
"10.1377/hlthaff.2019.01483",1,1,1
"10.1016/j.ecolmodel.2005.11.006",1,1,1
"10.1007/978-3-319-45408-5_3",1,1,1
"10.1016/j.jas.2008.05.006",1,1,1
"10.1515/ijnsns-2018-0391",1,1,1
"10.1080/10400435.2006.10131909",1,1,1
"10.1109/iciss.2008.31",1,1,1
"10.5849/forsci.15-018",1,1,1
"10.3389/frwa.2021.686329",1,1,1
"10.1007/978-3-319-45117-6_27",1,1,1
"10.1080/19427867.2021.2000571",1,1,1
"10.3390/buildings12122171",1,1,1
"10.1111/mec.13296",1,1,1
"10.1016/0736-5845(95)00008-9",1,1,1
"10.1016/j.robot.2017.11.003",1,1,1
"10.1155/2022/5800097",1,1,1
"10.3390/healthcare8040469",1,1,1
"10.1016/j.procs.2014.05.438",1,1,1
"10.1111/j.1474-919x.2007.00778.x",1,1,1
"10.1177/1035304620964272",1,1,1
"10.1371/journal.pone.0255438",1,1,1
"10.1002/psp.359",1,1,1
"10.1007/s10458-012-9214-9",1,1,1
"10.1007/s10614-009-9171-9",1,1,1
"10.1016/j.eswa.2013.10.033",1,1,1
"10.1371/journal.pone.0236559",1,1,1
"10.1016/j.ifacol.2022.05.035",1,1,1
"10.1007/978-3-319-24598-0_13",1,1,1
"10.1080/0951192x.2015.1066862",1,1,1
"10.1007/s00146-013-0530-7",1,1,1
"10.1145/3366030.3366076",1,1,1
"10.3390/v14030605",1,1,1
"10.1111/nph.15681",1,1,1
"10.1080/00207543.2018.1442943",1,1,1
"10.1016/j.ecolmodel.2015.06.036",1,1,1
"10.18564/jasss.4752",1,1,1
"10.1016/j.egyr.2020.11.118",1,1,1
"10.1016/j.ecolmodel.2006.12.007",1,1,1
"10.1109/tcss.2017.2783332",1,1,1
"10.1007/s12555-015-0407-2",1,1,1
"10.1038/s41598-021-93538-5",1,1,1
"10.3390/en11113056",1,1,1
"10.1016/j.ifacol.2020.12.1521",1,1,1
"10.1016/j.jclepro.2017.05.012",1,1,1
"10.1016/j.jebo.2009.05.025",1,1,1
"10.1007/s12562-022-01640-y",1,1,1
"10.1628/001522110x537355",1,1,1
"10.1093/beheco/arv046",1,1,1
"10.1016/j.compenvurbsys.2013.09.001",1,1,1
"10.1109/tvt.2022.3184043",1,1,1
"10.1145/2815502",1,1,1
"10.1016/j.econmod.2016.03.018",1,1,1
"10.1007/s10588-009-9057-3",1,1,1
"10.3390/en15010084",1,1,1
"10.1186/2193-9012-2-23",1,1,1
"10.1007/s00191-014-0385-1",1,1,1
"10.18564/jasss.4266",1,1,1
"10.1007/s00521-010-0357-9",1,1,1
"10.1016/j.marenvres.2022.105591",1,1,1
"10.1016/j.jtte.2017.09.003",1,1,1
"10.1109/tpwrs.2011.2177866",1,1,1
"10.1287/trsc.1100.0367",1,1,1
"10.1016/j.ins.2009.08.006",1,1,1
"10.1086/669615",1,1,1
"10.1108/wje-08-2020-0358",1,1,1
"10.1007/s00267-004-0036-7",1,1,1
"10.1016/j.amc.2022.127328",1,1,1
"10.1016/j.eap.2021.03.014",1,1,1
"10.1109/icra48506.2021.9560893",1,1,1
"10.3130/jaabe.13.381",1,1,1
"10.1016/j.ifacol.2022.10.184",1,1,1
"10.1109/tgrs.2013.2244604",1,1,1
"10.1108/17563780810857158",1,1,1
"10.1111/oik.08078",1,1,1
"10.1155/2022/6750757",1,1,1
"10.1016/j.ijpe.2019.08.006",1,1,1
"10.1186/s12916-019-1452-0",1,1,1
"10.3233/978-1-61499-440-4-271",2,0,0
"10.20965/jaciii.2014.p0113",1,1,1
"10.1093/conphys/coac044",1,1,1
"10.1177/1065912907305681",1,1,1
"10.1371/journal.pone.0112668",1,1,1
"10.1177/0361198119838260",1,1,1
"10.1023/a:1024404214782",1,1,1
"10.1109/ucc.2015.90",1,1,1
"10.4018/irmj.287908",1,1,1
"10.1016/j.jebo.2022.02.012",1,1,1
"10.1111/1365-2664.12210",1,1,1
"10.1016/j.promfg.2020.03.032",1,1,1
"10.1093/jnci/djy193",1,1,1
"10.21629/jsee.2017.03.11",1,1,1
"10.1007/s10707-018-00340-z",1,1,1
"10.1145/3507906",1,1,1
"10.1109/tits.2015.2506642",1,1,1
"10.1016/j.ecolmodel.2011.03.009",1,1,1
"10.1109/tits.2016.2519103",1,1,1
"10.1007/s10614-023-10379-2",1,1,1
"10.1371/journal.pntd.0009146",1,1,1
"10.31449/inf.v44i3.2962",1,1,1
"10.3233/idt-170296",1,1,1
"10.1016/j.engappai.2009.08.004",1,1,1
"10.1007/s40846-021-00647-7",1,1,1
"10.1109/jiot.2021.3058116",1,1,1
"10.1016/j.heliyon.2018.e00590",1,1,1
"10.1186/1471-2105-8-s1-s2",1,1,1
"10.1007/s40808-022-01551-y",1,1,1
"10.1016/j.envsoft.2011.08.012",1,1,1
"10.1109/iccsit.2009.5234796",1,1,1
"10.1109/tcyb.2023.3245139",1,1,1
"10.1007/s10479-017-2554-8",1,1,1
"10.1109/tcyb.2016.2524408",1,1,1
"10.1016/j.sysconle.2011.04.008",1,1,1
"10.3390/systems5010004",1,1,1
"10.18564/jasss.5077",1,1,1
"10.1016/j.simpat.2008.08.015",1,1,1
"10.1108/afr-12-2015-0056",1,1,1
"10.1371/journal.pone.0236716",1,1,1
"10.1111/micc.12393",1,1,1
"10.1080/09537287.2010.543561",1,1,1
"10.1007/s13042-020-01140-4",1,1,1
"10.3390/s110706533",1,1,1
"10.3389/frwa.2023.1020080",1,1,1
"10.1109/icit.2019.8755010",1,1,1
"10.1016/s2468-2667(20)30006-2",1,1,1
"10.1016/j.ifacol.2021.08.167",1,1,1
"10.1007/s10710-017-9300-5",1,1,1
"10.1007/s13042-019-00976-9",1,1,1
"10.1177/1094428113493119",1,1,1
"10.1093/eurpub/8.3.241",1,1,1
"10.1007/s12555-014-0031-6",1,1,1
"10.1002/rnc.3830",1,1,1
"10.1016/j.seares.2006.03.004",1,1,1
"10.1016/j.enpol.2015.08.030",1,1,1
"10.1016/j.compag.2011.06.004",1,1,1
"10.17341/gazimmfd.1059970",1,1,1
"10.1111/j.1744-7348.2009.00363.x",1,1,1
"10.1007/s11403-015-0155-7",1,1,1
"10.1080/13658816.2017.1421764",1,1,1
"10.1016/j.icte.2019.10.002",1,1,1
"10.1109/access.2020.3037798",1,1,1
"10.1038/s41598-022-12015-9",1,1,1
"10.1016/j.jtbi.2011.07.019",1,1,1
"10.3390/en12234448",1,1,1
"10.1007/s10588-015-9195-8",1,1,1
"10.1016/j.physa.2015.02.077",1,1,1
"10.1111/risa.12440",1,1,1
"10.1080/08839510050119262",1,1,1
"10.1016/j.joi.2011.12.005",1,1,1
"10.1063/5.0019971",1,1,1
"10.1371/journal.pone.0112492",1,1,1
"10.3390/electronics11182853",1,1,1
"10.1016/j.compbiomed.2020.104040",1,1,1
"10.1109/access.2020.3007219",1,1,1
"10.1093/aob/mcy226",1,1,1
"10.3934/era.2023010",1,1,1
"10.1007/s11356-017-8812-0",1,1,1
"10.3390/app7121300",1,1,1
"10.1371/journal.pone.0252754",1,1,1
"10.1371/journal.pone.0068785",1,1,1
"10.1038/s41598-021-84893-4",1,1,1
"10.1016/j.ejca.2020.05.004",1,1,1
"10.1080/15568318.2014.885622",1,1,1
"10.1016/j.epidem.2018.05.009",1,1,1
"10.1016/j.ecolmodel.2012.07.002",1,1,1
"10.3390/land4040914",1,1,1
"10.20998/2074-272x.2023.4.04",1,1,1
"10.1504/ijem.2006.011165",1,1,1
"10.1016/j.procs.2017.11.171",1,1,1
"10.1016/j.simpat.2018.09.012",1,1,1
"10.1016/j.enpol.2010.02.049",1,1,1
"10.1007/s11431-015-5975-0",1,1,1
"10.1016/j.actatropica.2013.08.004",1,1,1
"10.1016/j.mcm.2008.07.023",1,1,1
"10.1080/01969722.2011.610270",1,1,1
"10.1002/rnc.2779",1,1,1
"10.1109/tac.2021.3108517",1,1,1
"10.1111/risa.13842",1,1,1
"10.1080/10438599.2015.1076199",1,1,1
"10.4018/jiit.2005070102",1,1,1
"10.1016/j.jtbi.2011.04.024",1,1,1
"10.1016/j.biosystems.2004.05.021",1,1,1
"10.1016/j.jmarsys.2009.07.005",1,1,1
"10.1109/lra.2020.2967317",1,1,1
"10.1109/tsmc.2016.2573824",1,1,1
"10.1007/s12652-019-01242-0",1,1,1
"10.1177/0037549714544081",1,1,1
"10.1109/tcns.2022.3210746",1,1,1
"10.1177/1729881417717472",1,1,1
"10.1109/access.2023.3276721",1,1,1
"10.1109/tac.2015.2426273",1,1,1
"10.1016/j.chb.2015.01.032",1,1,1
"10.1016/j.epsr.2014.01.009",1,1,1
"10.1109/ssci51031.2022.10022236",1,1,1
"10.1016/j.automatica.2022.110583",1,1,1
"10.1016/j.infsof.2021.106567",1,1,1
"10.1016/j.fishres.2005.07.008",1,1,1
"10.1111/j.0030-1299.2008.16976.x",1,1,1
"10.1080/21680566.2023.2212324",1,1,1
"10.3390/info9050107",1,1,1
"10.1016/j.epidem.2022.100616",1,1,1
"10.1007/s10980-012-9787-3",1,1,1
"10.1080/00036846.2021.1934388",1,1,1
"10.1007/s12061-019-09297-4",1,1,1
"10.1080/00207721.2023.2241958",1,1,1
"10.1016/s0952-1976(02)00015-5",1,1,1
"10.1007/s10115-006-0049-z",1,1,1
"10.1155/2019/1980363",1,1,1
"10.1080/00207721.2014.998745",1,1,1
"10.1016/j.pocean.2018.02.017",1,1,1
"10.1002/ece3.3357",1,1,1
"10.3747/co.26.4795",1,1,1
"10.1016/j.compbiomed.2021.104995",1,1,1
"10.1109/tte.2021.3133316",1,1,1
"10.3233/978-1-61499-264-6-380",1,1,1
"10.1016/j.cnsns.2013.07.018",1,1,1
"10.1080/0951192x.2016.1224389",1,1,1
"10.1111/risa.13215",1,1,1
"10.1016/j.jtbi.2018.10.019",1,1,1
"10.1332/174426413x672210",1,1,1
"10.1007/s10489-022-04225-5",1,1,1
"10.1109/tcyb.2018.2864625",1,1,1
"10.1016/j.ejcon.2018.12.005",1,1,1
"10.1038/s41598-022-12417-9",1,1,1
"10.3390/su14159624",1,1,1
"10.1109/icrtccm.2017.47",1,1,1
"10.1186/s12936-015-1012-9",1,1,1
"10.1016/j.jbankfin.2017.08.008",1,1,1
"10.1093/icesjms/fsy172",1,1,1
"10.21037/apm-21-2797",1,1,1
"10.1017/nie.2020.31",1,1,1
"10.1016/j.econmod.2018.06.016",1,1,1
"10.1080/00779954.2022.2063164",1,1,1
"10.1016/j.jtrangeo.2017.04.007",1,1,1
"10.1103/physreve.80.026113",1,1,1
"10.1016/j.artmed.2013.12.005",1,1,1
"10.1007/s00191-006-0026-4",1,1,1
"10.18564/jasss.1902",1,1,1
"10.1177/0309524x211044507",1,1,1
"10.1007/978-981-99-0479-2_101",1,1,1
"10.1016/j.ecolmodel.2009.08.016",1,1,1
"10.1016/j.ecoinf.2016.01.001",1,1,1
"10.1186/s40100-019-0121-0",1,1,1
"10.1109/tcsi.2023.3273814",2,0,0
"10.1016/j.compenvurbsys.2018.03.009",1,1,1
"10.3390/app12157568",1,1,1
"10.1162/artl_a_00260",1,1,1
"10.1109/tac.2015.2411912",1,1,1
"10.1016/j.ehb.2014.08.004",1,1,1
"10.18564/jasss.2402",1,1,1
"10.1016/j.eswa.2010.10.035",1,1,1
"10.1038/s41598-020-60986-4",1,1,1
"10.3934/dcds.2021126",1,1,1
"10.3390/su12156027",1,1,1
"10.3389/fcomp.2021.642321",1,1,1
"10.1002/ecs2.2052",1,1,1
"10.3168/jds.2013-7158",1,1,1
"10.1016/j.procs.2016.07.468",1,1,1
"10.1016/j.simpat.2022.102493",1,1,1
"10.1177/2329488416629093",1,1,1
"10.36680/j.itcon.2022.039",1,1,1
"10.1016/j.trb.2021.05.002",1,1,1
"10.1016/j.ecolmodel.2023.110346",1,1,1
"10.1016/j.mcm.2010.11.084",1,1,1
"10.1201/9781351073462",10,0,0
"10.1177/105971239600400303",1,1,1
"10.1007/s12080-015-0264-x",1,1,1
"10.1504/ijmic.2008.018181",1,1,1
"10.1016/s0304-3800(02)00275-2",1,1,1
"10.1016/j.epsr.2019.04.029",1,1,1
"10.1117/12.417331",1,1,1
"10.4028/www.scientific.net/amm.309.241",1,1,1
"10.1177/0033354920927845",1,1,1
"10.1111/j.1945-1474.2011.00166.x",1,1,1
"10.1016/j.ecoinf.2010.09.003",1,1,1
"10.1007/s12293-012-0088-9",1,1,1
"10.1007/978-3-319-58943-5_26",1,1,1
"10.1016/j.procs.2014.05.497",1,1,1
"10.1371/journal.pone.0124821",1,1,1
"10.3354/meps09409",1,1,1
"10.1080/02533839.2006.9671130",1,1,1
"10.1016/s0933-3657(98)00022-0",1,1,1
"10.1016/j.ecolind.2009.03.007",1,1,1
"10.1080/10798587.2017.1305647",1,1,1
"10.1080/17421772.2014.884822",1,1,1
"10.1155/2021/2940218",1,1,1
"10.1109/oajpe.2023.3236429",1,1,1
"10.1061/(asce)0733-947x(2002)128:6(537)",1,1,1
"10.1108/oir-04-2015-0126",1,1,1
"10.1103/physreve.97.032416",1,1,1
"10.1111/1365-2656.13686",1,1,1
"10.1093/comnet/cnv030",1,1,1
"10.1186/s12889-017-4528-9",1,1,1
"10.1142/s0219525913500239",1,1,1
"10.3390/s111110880",1,1,1
"10.1002/2050-7038.12475",1,1,1
"10.1016/j.ress.2021.107495",1,1,1
"10.1093/cid/cit946",1,1,1
"10.1155/2019/8591623",1,1,1
"10.1093/plankt/fbn066",1,1,1
"10.1007/978-3-319-24309-2_11",1,1,1
"10.1109/access.2018.2804929",1,1,1
"10.1016/j.apenergy.2018.01.057",1,1,1
"10.1371/journal.pmed.1002630",1,1,1
"10.1155/2015/902602",1,1,1
"10.3390/computation6040058",1,1,1
"10.1186/s12889-020-10153-1",1,1,1
"10.1186/s13036-017-0063-6",1,1,1
"10.1139/cjce-2013-0313",1,1,1
"10.3389/fonc.2022.987546",1,1,1
"10.1016/j.enbuild.2021.110846",1,1,1
"10.1109/tvt.2022.3232815",1,1,1
"10.1016/j.msard.2013.04.001",1,1,1
"10.1177/0894439312451106",1,1,1
"10.1007/s13218-011-0152-5",1,1,1
"10.1098/rstb.2021.0411",1,1,1
"10.1002/dac.644",1,1,1
"10.1126/science.205.4410.972",1,1,1
"10.1057/s41273-017-0055-z",1,1,1
"10.1155/2015/964871",1,1,1
"10.1016/j.envsci.2013.07.002",1,1,1
"10.1109/mis.2009.42",1,1,1
"10.1109/wi-iat.2015.91",1,1,1
"10.1109/access.2017.2762356",1,1,1
"10.1186/1479-5868-10-67",1,1,1
"10.3233/978-1-61499-544-9-603",1,1,1
"10.1080/00207179.2012.703331",1,1,1
"10.3390/math9151801",1,1,1
"10.18267/j.pep.750",1,1,1
"10.1177/0958928717753581",1,1,1
"10.1109/lra.2023.3245412",1,1,1
"10.3389/fimmu.2017.01692",1,1,1
"10.1016/j.jtrangeo.2018.04.005",1,1,1
"10.3390/ijerph16091592",1,1,1
"10.1109/tsmc.2016.2573584",1,1,1
"10.1371/journal.pone.0065803",1,1,1
"10.3390/w11112216",1,1,1
"10.1016/j.addbeh.2021.107094",1,1,1
"10.1016/j.ins.2013.09.015",1,1,1
"10.1007/s11721-012-0068-1",1,1,1
"10.1016/j.neucom.2016.08.025",1,1,1
"10.1007/978-3-030-92843-8_1",1,1,1
"10.1371/journal.pone.0022355",1,1,1
"10.1017/ice.2022.174",1,1,1
"10.1016/j.solener.2014.05.012",1,1,1
"10.1177/1063293x9600400108",1,1,1
"10.1371/journal.pone.0147237",1,1,1
"10.1007/s11431-010-4030-4",1,1,1
"10.1007/s12667-013-0076-2",1,1,1
"10.1109/tac.2012.2199176",1,1,1
"10.1109/access.2019.2950302",1,1,1
"10.2507/ijsimm16(1)co4",1,1,1
"10.1002/asjc.1599",1,1,1
"10.3390/en13092141",1,1,1
"10.1177/105971230601400306",1,1,1
"10.1002/cav.1974",1,1,1
"10.1016/j.ecocom.2022.100987",1,1,1
"10.1186/1756-3305-7-308",1,1,1
"10.1007/978-3-319-23850-0_6",1,1,1
"10.1016/j.envsoft.2010.04.009",1,1,1
"10.1109/access.2019.2895643",1,1,1
"10.1007/978-3-319-30298-0_57",1,1,1
"10.1016/j.jval.2014.06.010",1,1,1
"10.1016/j.envsoft.2014.05.019",1,1,1
"10.1109/access.2020.3028967",1,1,1
"10.1016/j.techfore.2018.03.008",1,1,1
"10.3390/en15103736",1,1,1
"10.1186/s41469-020-00084-x",1,1,1
"10.1002/rnc.2906",1,1,1
"10.1002/acr.24519",1,1,1
"10.3390/en14133838",1,1,1
"10.1038/s41598-021-85302-6",1,1,1
"10.1016/j.comgeo.2022.101902",1,1,1
"10.1080/00207721.2022.2090637",1,1,1
"10.1137/17m1162603",1,1,1
"10.1603/en12325",1,1,1
"10.1016/j.healthplace.2013.12.004",1,1,1
"10.1021/acs.est.7b04732",1,1,1
"10.1049/stg2.12113",2,0,0
"10.1109/tac.2013.2257616",1,1,1
"10.1007/s10588-020-09314-9",1,1,1
"10.1111/jeb.13481",1,1,1
"10.1016/j.energy.2021.121948",1,1,1
"10.1016/j.biosystems.2006.02.004",1,1,1
"10.1109/tcyb.2019.2908874",1,1,1
"10.1016/j.ecolmodel.2022.109876",1,1,1
"10.1016/j.jcp.2023.111953",1,1,1
"10.1016/j.pnucene.2022.104565",1,1,1
"10.1111/jcal.12099",1,1,1
"10.1016/j.ecolmodel.2013.11.024",1,1,1
"10.1016/j.ecolmodel.2016.09.023",1,1,1
"10.1007/978-0-387-35698-3",2,0,0
"10.1016/j.asoc.2012.10.020",1,1,1
"10.1016/j.vaccine.2022.12.071",1,1,1
"10.1177/0018578720985436",1,1,1
"10.1016/j.simpat.2017.03.004",1,1,1
"10.1111/tops.12175",1,1,1
"10.1093/geronb/gbw016",1,1,1
"10.1007/s11239-023-02814-w",1,1,1
"10.1109/tsg.2022.3172757",1,1,1
"10.1080/08111146.2023.2167818",1,1,1
"10.1007/s10940-021-09527-4",1,1,1
"10.1016/j.jtbi.2011.10.037",1,1,1
"10.1016/j.eswa.2007.01.031",1,1,1
"10.1136/bmjgh-2020-003727",1,1,1
"10.1016/j.pocean.2010.09.008",1,1,1
"10.1109/words.2005.20",1,1,1
"10.1111/j.1600-0706.2012.20496.x",1,1,1
"10.1016/j.automatica.2021.109576",1,1,1
"10.1097/j.pain.0000000000000350",1,1,1
"10.1007/978-3-319-27343-3_17",1,1,1
"10.4028/www.scientific.net/amr.255-260.2116",1,1,1
"10.1007/s10588-008-9024-4",1,1,1
"10.1016/j.swevo.2018.02.012",1,1,1
"10.1108/jstpm-05-2017-0023",1,1,1
"10.1126/science.aaa5139",1,1,1
"10.1016/j.scs.2018.01.016",1,1,1
"10.1016/j.sysconle.2016.03.007",1,1,1
"10.3390/su12229478",1,1,1
"10.1002/asjc.2273",1,1,1
"10.3389/fevo.2021.698041",1,1,1
"10.1177/03611981221102154",1,1,1
"10.1166/asl.2010.1124",1,1,1
"10.1080/00207543.2010.524257",1,1,1
"10.1016/j.buildenv.2022.109349",1,1,1
"10.4304/jcp.8.10.2598-2606",1,1,1
"10.1016/j.ecolmodel.2005.10.005",1,1,1
"10.1016/j.ijdrr.2021.102437",1,1,1
"10.1016/j.eap.2022.05.003",1,1,1
"10.1038/s41436-020-0751-3",1,1,1
"10.1109/tpwrs.2019.2904729",1,1,1
"10.1371/journal.pone.0245096",1,1,1
"10.3390/s130100426",1,1,1
"10.1016/j.comcom.2021.07.010",1,1,1
"10.3389/fphys.2016.00090",1,1,1
"10.1038/s41598-023-27711-3",1,1,1
"10.1504/ijahuc.2008.017001",1,1,1
"10.1098/rsif.2013.0533",1,1,1
"10.1007/s10479-007-0206-0",1,1,1
"10.1007/s10916-012-9844-0",1,1,1
"10.1377/hlthaff.2020.00794",1,1,1
"10.1016/j.ifacol.2021.11.027",1,1,1
"10.1080/09511920701268874",1,1,1
"10.1007/s10845-005-4370-2",1,1,1
"10.1016/j.automatica.2016.06.025",1,1,1
"10.1016/j.energy.2022.125353",1,1,1
"10.1162/evco_a_00062",1,1,1
"10.1007/s10586-018-1960-2",1,1,1
"10.1016/j.envsoft.2014.09.015",1,1,1
"10.1142/s0219525908001441",1,1,1
"10.1007/978-3-319-99608-0_64",1,1,1
"10.1659/mrd-journal-d-21-00067",1,1,1
"10.3233/aic-201581",1,1,1
"10.3390/en13246674",1,1,1
"10.1007/s00498-018-0212-6",1,1,1
"10.1016/j.athoracsur.2014.04.076",1,1,1
"10.1023/b:port.0000025394.78857.13",1,1,1
"10.1137/100812719",1,1,1
"10.4269/ajtmh.1996.55.165",1,1,1
"10.1007/s11518-006-0019-8",1,1,1
"10.1002/ijc.30602",1,1,1
"10.2214/ajr.07.3611",1,1,1
"10.1098/rspb.2022.1910",1,1,1
"10.1007/s12080-020-00491-6",1,1,1
"10.1007/s11538-018-0504-5",1,1,1
"10.1007/978-3-319-39387-2_11",1,1,1
"10.1016/j.rtbm.2019.100376",1,1,1
"10.1007/s13235-022-00485-5",1,1,1
"10.2214/ajr.15.15823",1,1,1
"10.1016/j.neucom.2021.02.067",1,1,1
"10.1890/08-1971.1",1,1,1
"10.1111/deci.12472",1,1,1
"10.3934/mbe.2013.10.75",1,1,1
"10.1002/ps.5621",1,1,1
"10.1016/j.epsr.2019.01.002",1,1,1
"10.1109/fas-w.2016.44",1,1,1
"10.1086/427733",1,1,1
"10.1109/scam.2001.972666",1,1,1
"10.3390/math11030721",1,1,1
"10.1007/978-3-030-98260-7_30",1,1,1
"10.1086/668013",1,1,1
"10.1109/sitis.2014.96",1,1,1
"10.1177/0272989x17698685",1,1,1
"10.1016/j.biosystems.2019.04.005",1,1,1
"10.1109/tits.2019.2918204",1,1,1
"10.1016/j.simpat.2010.04.008",1,1,1
"10.1016/j.enconman.2019.112330",1,1,1
"10.1109/tnnls.2022.3177461",1,1,1
"10.1016/j.eswa.2006.01.045",1,1,1
"10.4018/jiit.2006010101",1,1,1
"10.1080/10106049.2015.1128485",1,1,1
"10.1016/j.fss.2020.03.018",1,1,1
"10.1111/nph.16041",1,1,1
"10.1371/journal.pcbi.1007109",1,1,1
"10.1016/j.neucom.2017.01.109",1,1,1
"10.1016/j.simpat.2017.12.002",1,1,1
"10.3389/fpls.2022.886867",1,1,1
"10.3390/app13010200",1,1,1
"10.1080/0022250x.2022.2124246",1,1,1
"10.1109/tac.2013.2293452",1,1,1
"10.1111/j.1467-9914.2012.00552.x",1,1,1
"10.1016/j.oceaneng.2022.111328",1,1,1
"10.1007/s11424-011-9158-1",1,1,1
"10.1007/s10888-008-9101-4",1,1,1
"10.1016/j.ecolmodel.2011.06.012",1,1,1
"10.1007/s11146-022-09907-y",1,1,1
"10.1002/int.20183",1,1,1
"10.3390/su11195391",1,1,1
"10.1371/journal.pone.0058141",1,1,1
"10.3390/w15010114",1,1,1
"10.1016/j.automatica.2023.111075",1,1,1
"10.1063/1.4974827",1,1,1
"10.3233/mgs-2008-4305",1,1,1
"10.1016/j.adhoc.2016.09.019",1,1,1
"10.1109/tii.2014.2378691",1,1,1
"10.1098/rsbl.2019.0481",1,1,1
"10.1016/j.ecolmodel.2008.09.018",1,1,1
"10.3390/su132313196",1,1,1
"10.1080/13658816.2022.2069774",1,1,1
"10.1016/j.jpsychires.2015.08.013",1,1,1
"10.1504/ijem.2005.008742",1,1,1
"10.1016/j.inffus.2016.10.002",1,1,1
"10.1016/j.isatra.2012.03.001",1,1,1
"10.1016/j.simpat.2016.09.007",1,1,1
"10.1016/j.jval.2020.10.015",1,1,1
"10.1177/0309132515627021",1,1,1
"10.1016/j.amepre.2010.11.017",1,1,1
"10.1080/03007995.2021.1908244",1,1,1
"10.1186/s12913-022-07859-w",1,1,1
"10.1007/s11135-014-0107-7",1,1,1
"10.3390/su14148550",1,1,1
"10.1016/j.automatica.2021.110096",1,1,1
"10.3354/meps13211",1,1,1
"10.1007/978-3-319-92537-0_47",1,1,1
"10.1016/j.envsoft.2008.07.005",1,1,1
"10.1177/0309524x221075583",1,1,1
"10.1016/j.retrec.2021.101075",1,1,1
"10.1071/rj14063",1,1,1
"10.1016/j.cja.2023.01.010",1,1,1
"10.1080/01969721003778527",1,1,1
"10.1142/s0219525911003190",1,1,1
"10.1515/jisys-2022-0017",1,1,1
"10.1016/j.jclepro.2017.02.137",1,1,1
"10.1007/s00285-017-1097-6",1,1,1
"10.3390/su15054275",1,1,1
"10.1007/s40565-017-0327-7",1,1,1
"10.1007/s11403-017-0188-1",1,1,1
"10.18564/jasss.2308",1,1,1
"10.1016/j.envsoft.2015.12.009",1,1,1
"10.1016/j.amepre.2019.03.017",1,1,1
"10.1007/s00191-006-0031-7",1,1,1
"10.1186/s12913-022-08820-7",1,1,1
"10.1016/j.ecolmodel.2014.11.021",1,1,1
"10.1080/00207721.2019.1616127",1,1,1
"10.1016/j.jmarsys.2010.02.014",1,1,1
"10.1016/j.compchemeng.2018.09.027",1,1,1
"10.1890/0012-9615(2001)071[0557:amfsvd]2.0.co;2",1,1,1
"10.1158/1055-9965.epi-17-0378",1,1,1
"10.1142/s0129183197000412",1,1,1
"10.1177/0037549721999083",1,1,1
"10.18564/jasss.1905",1,1,1
"10.1061/(asce)cp.1943-5487.0000651",1,1,1
"10.1109/tits.2006.888619",1,1,1
"10.1016/j.ecolmodel.2023.110295",1,1,1
"10.1371/journal.pcbi.1004474",1,1,1
"10.1007/s10100-011-0210-y",1,1,1
"10.1016/j.asr.2017.07.013",1,1,1
"10.3233/978-1-61499-658-3-995",1,1,1
"10.1007/s00285-016-1021-5",1,1,1
"10.1111/jai.12557",1,1,1
"10.1109/icuas54217.2022.9836166",1,1,1
"10.1016/j.sysconle.2017.10.006",1,1,1
"10.3390/math9233111",1,1,1
"10.1086/660014",1,1,1
"10.1007/978-3-030-85739-4_23",1,1,1
"10.1093/logcom/8.3.293",1,1,1
"10.1111/j.1466-8238.2009.00511.x",1,1,1
"10.1097/phh.0000000000001233",1,1,1
"10.1016/j.sysconle.2016.09.010",1,1,1
"10.12681/mms.27407",1,1,1
"10.1023/b:jint.0000026083.64909.e4",1,1,1
"10.1016/j.csi.2014.02.002",1,1,1
"10.1016/j.sysconle.2014.04.004",1,1,1
"10.1007/s11036-017-0934-6",1,1,1
"10.1145/3564928",1,1,1
"10.1109/tac.2010.2076250",1,1,1
"10.1145/3338530",1,1,1
"10.3390/machines11080828",1,1,1
"10.1080/01691864.2022.2126730",1,1,1
"10.1016/j.resourpol.2022.102618",1,1,1
"10.1109/tcst.2014.2309911",1,1,1
"10.1111/ele.14148",1,1,1
"10.1111/1365-2435.13149",1,1,1
"10.1007/s11277-014-1942-5",1,1,1
"10.1086/669091",1,1,1
"10.1109/tcyb.2020.2991427",1,1,1
"10.1007/s12205-012-0367-5",1,1,1
"10.1080/08111146.2019.1709169",1,1,1
"10.1109/tem.2020.2995141",1,1,1
"10.1080/00207179.2019.1701712",1,1,1
"10.23889/ijpds.v8i1.2122",1,1,1
"10.1007/s13278-017-0424-7",1,1,1
"10.1016/j.agsy.2021.103271",1,1,1
"10.3141/2303-08",1,1,1
"10.3354/meps11706",1,1,1
"10.1007/s00442-012-2475-9",1,1,1
"10.1007/s00168-011-0472-2",1,1,1
"10.1016/s0020-0255(01)00067-6",1,1,1
"10.1111/risa.13955",1,1,1
"10.3390/systems10050155",1,1,1
"10.1109/tii.2011.2166781",1,1,1
"10.1093/cid/ciaa1346",1,1,1
"10.1161/jaha.120.020330",1,1,1
"10.1016/j.aap.2017.07.001",1,1,1
"10.1109/tro.2018.2858292",1,1,1
"10.1109/ds-rt.2012.21",1,1,1
"10.2427/7537",1,1,1
"10.1007/s10489-012-0392-6",1,1,1
"10.1016/j.mbs.2020.108436",1,1,1
"10.1177/1729881420940217",1,1,1
"10.1016/j.jbusres.2007.02.012",1,1,1
"10.1186/2193-1801-2-s1-s12",1,1,1
"10.1016/j.jedc.2020.104032",1,1,1
"10.1109/tcst.2010.2046418",1,1,1
"10.1007/s10745-018-0035-6",1,1,1
"10.1016/j.aei.2023.102096",1,1,1
"10.1016/j.pocean.2016.10.012",1,1,1
"10.1002/rnc.4340",1,1,1
"10.1186/s40174-016-0069-y",1,1,1
"10.1002/cav.1613",1,1,1
"10.1109/tcst.2021.3053541",1,1,1
"10.1016/j.orp.2017.12.001",1,1,1
"10.1049/ell2.12640",1,1,1
"10.1007/s00265-006-0197-x",1,1,1
"10.1016/j.patcog.2022.108790",1,1,1
"10.1628/001522108x337620",1,1,1
"10.1016/j.anbehav.2019.11.014",1,1,1
"10.1155/2021/5582140",1,1,1
"10.1371/journal.pcbi.1008633",1,1,1
"10.1111/exsy.12995",1,1,1
"10.1007/s10588-023-09373-8",1,1,1
"10.3390/resources7030042",1,1,1
"10.1016/j.ifacol.2020.12.999",1,1,1
"10.1061/(asce)te.1943-5436.0000696",1,1,1
"10.1016/j.robot.2012.02.004",1,1,1
"10.4028/www.scientific.net/amr.108-111.903",1,1,1
"10.1177/138826271301500406",1,1,1
"10.1111/jeb.13138",1,1,1
"10.1109/ihmsc.2014.99",1,1,1
"10.1016/j.autcon.2013.05.010",1,1,1
"10.1111/j.1365-2575.2004.00165.x",1,1,1
"10.1016/j.jeoa.2022.100402",1,1,1
"10.1186/1471-2105-14-s8-s8",1,1,1
"10.1016/j.jii.2018.05.001",1,1,1
"10.1038/srep24169",1,1,1
"10.1016/j.ecss.2015.01.010",1,1,1
"10.1007/s00442-008-1012-3",1,1,1
"10.1109/jsen.2022.3202437",1,1,1
"10.1007/s11432-017-9109-9",1,1,1
"10.1109/tii.2020.2994032",1,1,1
"10.1155/2022/1396368",1,1,1
"10.1016/j.watres.2015.06.014",1,1,1
"10.1139/cjce-2019-0320",1,1,1
"10.3141/2255-08",1,1,1
"10.1016/j.cognition.2019.05.008",1,1,1
"10.1109/tnnls.2017.2726354",1,1,1
"10.4018/ijiit.2019010104",1,1,1
"10.1109/tcss.2021.3092694",1,1,1
"10.1002/aqc.2938",1,1,1
"10.1016/j.ecolmodel.2022.110207",1,1,1
"10.1080/00207179.2013.820353",1,1,1
"10.1016/j.matcom.2019.09.015",1,1,1
"10.1109/tac.2020.3012525",1,1,1
"10.1016/s1514-0326(11)60003-2",1,1,1
"10.1016/j.ecolmodel.2007.10.002",1,1,1
"10.1049/stg2.12067",1,1,1
"10.1016/j.ecolmodel.2019.04.009",1,1,1
"10.1016/j.physa.2015.05.004",1,1,1
"10.1016/j.ecolmodel.2007.04.011",1,1,1
"10.1111/oik.09926",1,1,1
"10.1108/jbim-12-2019-0528",1,1,1
"10.1177/1932296820967011",1,1,1
"10.1371/journal.pmed.1003534",1,1,1
"10.1007/s10489-015-0651-4",1,1,1
"10.3389/fbioe.2021.734258",1,1,1
"10.1161/jaha.114.001031",1,1,1
"10.1016/j.eswa.2011.01.104",1,1,1
"10.1145/3288155.3288192",1,1,1
"10.1016/j.jfranklin.2019.07.011",1,1,1
"10.3390/electronics12081894",1,1,1
"10.1136/sextrans-2018-053558",1,1,1
"10.3141/2066-01",1,1,1
"10.18564/jasss.1837",1,1,1
"10.1080/1540496x.2018.1559141",1,1,1
"10.1111/evo.13005",1,1,1
"10.1177/23780231221117888",1,1,1
"10.1393/ncc/i2009-10321-0",0,2,0
"10.1109/cts.2007.4621749",1,1,1
"10.1097/ju.0000000000002490",1,1,1
"10.1007/s10682-017-9888-1",1,1,1
"10.1016/j.ecolmodel.2013.09.028",1,1,1
"10.1109/ems.2013.12",1,1,1
"10.1007/s11403-019-00280-3",1,1,1
"10.21629/jsee.2018.02.12",1,1,1
"10.3389/fmars.2022.946114",1,1,1
"10.1111/fog.12087",1,1,1
"10.1016/j.amc.2013.12.020",1,1,1
"10.1016/j.jtbi.2021.110958",1,1,1
"10.4316/aece.2013.02004",1,1,1
"10.1186/bcr1369",1,1,1
"10.1080/17421772.2022.2125177",1,1,1
"10.1145/3358695.3361842",1,1,1
"10.1016/j.ins.2016.01.085",1,1,1
"10.1016/j.compenvurbsys.2016.04.004",1,1,1
"10.1080/17429145.2011.552794",1,1,1
"10.1080/17487870.2018.1469984",1,1,1
"10.1108/k-06-2020-0352",1,1,1
"10.1080/1747423x.2011.558596",1,1,1
"10.1016/j.jebo.2010.05.005",1,1,1
"10.1007/s101100050039",1,1,1
"10.1007/s11721-021-00205-6",1,1,1
"10.3390/su12072604",1,1,1
"10.1109/iiki.2014.54",1,1,1
"10.1016/j.neucom.2009.09.019",1,1,1
"10.1111/j.1600-0706.2013.01201.x",1,1,1
"10.1016/j.mcm.2013.03.005",1,1,1
"10.1016/j.ecolind.2016.02.032",1,1,1
"10.1016/j.ecolmodel.2020.109209",1,1,1
"10.1080/15710882.2011.633088",1,1,1
"10.1109/access.2019.2946706",1,1,1
"10.5194/isprs-archives-xlii-4-w4-325-2017",1,1,1
"10.30638/eemj.2014.116",1,1,1
"10.1061/(asce)cp.1943-5487.0001053",1,1,1
"10.1111/lsq.12129",1,1,1
"10.1016/j.automatica.2015.02.028",1,1,1
"10.1207/s15327744joce133&4_03",1,1,1
"10.3233/ia-190039",1,1,1
"10.3390/vaccines10101716",1,1,1
"10.3390/en12224276",1,1,1
"10.1007/s11403-019-00249-2",1,1,1
"10.1002/asjc.2996",1,1,1
"10.1111/1365-2656.12239",1,1,1
"10.1155/2020/1361583",1,1,1
"10.1109/mis.2019.2942580",1,1,1
"10.1007/s10640-011-9458-x",1,1,1
"10.1016/j.compchemeng.2013.08.012",1,1,1
"10.1016/s0304-3800(99)00124-6",1,1,1
"10.1016/j.automatica.2013.04.037",1,1,1
"10.1016/s0304-3800(99)00078-2",1,1,1
"10.1016/j.compind.2012.10.010",1,1,1
"10.1016/j.jtrangeo.2017.02.012",1,1,1
"10.1007/s11067-011-9161-z",1,1,1
"10.1080/00207179.2021.2002415",1,1,1
"10.1016/s0921-8009(98)00057-3",1,1,1
"10.1016/s0020-0255(02)00268-2",1,1,1
"10.1109/wetice.2009.33",1,1,1
"10.1002/oca.2100",1,1,1
"10.1016/j.biosystems.2007.04.001",1,1,1
"10.1177/0037549713518598",1,1,1
"10.1016/j.epsr.2023.109158",1,1,1
"10.1016/s0304-3800(98)00180-x",1,1,1
"10.1016/j.autcon.2013.12.002",1,1,1
"10.1109/72.935087",1,1,1
"10.18564/jasss.1760",1,1,1
"10.1007/s00158-023-03636-3",1,1,1
"10.18564/jasss.3940",1,1,1
"10.2478/ttj-2022-0027",1,1,1
"10.1007/s11036-012-0408-9",1,1,1
"10.1111/nrm.12292",1,1,1
"10.1142/s0219525920500095",1,1,1
"10.1002/eap.1814",1,1,1
"10.4018/ijisss.2021070101",1,1,1
"10.3390/en15103575",1,1,1
"10.1016/j.ejor.2004.10.015",1,1,1
"10.1109/lcsys.2020.2989077",1,1,1
"10.1016/j.jval.2017.04.020",1,1,1
"10.1111/jeb.12590",1,1,1
"10.1002/rnc.4652",1,1,1
"10.1111/pirs.12550",1,1,1
"10.1007/s11403-017-0194-3",1,1,1
"10.1109/tac.2018.2882172",1,1,1
"10.1371/journal.pntd.0008521",1,1,1
"10.1016/j.envsoft.2015.06.001",1,1,1
"10.1186/s13058-016-0752-y",1,1,1
"10.1111/jeb.13054",1,1,1
"10.1177/0278364920933655",1,1,1
"10.1016/j.jengtecman.2010.06.006",1,1,1
"10.3390/su12072904",1,1,1
"10.1109/tits.2022.3216288",1,1,1
"10.1080/00140139208967837",1,1,1
"10.3390/su12072673",1,1,1
"10.1109/icraect.2017.68",1,1,1
"10.1007/s10340-022-01531-2",1,1,1
"10.3233/ica-220694",1,1,1
"10.1016/j.jenvp.2016.06.003",1,1,1
"10.1115/1.4055057",2,0,0
"10.1007/s11116-011-9339-8",1,1,1
"10.2214/ajr.12.8968",1,1,1
"10.1023/b:apin.0000011142.91514.57",1,1,1
"10.1377/hlthaff.2012.1019",1,1,1
"10.1016/j.ijresmar.2014.09.002",1,1,1
"10.1111/oik.05567",1,1,1
"10.18637/jss.v079.i10",1,1,1
"10.3233/idt-2007-1401",1,1,1
"10.1016/j.cnsns.2019.104987",1,1,1
"10.1080/15325008.2016.1158216",1,1,1
"10.1080/00051144.2020.1863544",1,1,1
"10.3233/jifs-169792",1,1,1
"10.1109/cscwd.2009.4968069",1,1,1
"10.2507/ijsimm16(1)7.371",1,1,1
"10.1016/j.telpol.2021.102243",1,1,1
"10.1108/imds-05-2015-0220",1,1,1
"10.5367/000000010791305563",1,1,1
"10.1142/s0219649220500215",1,1,1
"10.1016/j.simpat.2023.102723",1,1,1
"10.3141/2003-01",1,1,1
"10.1139/l11-001",1,1,1
"10.1016/j.biocon.2020.108613",1,1,1
"10.1109/tfuzz.2022.3143000",1,1,1
"10.3390/ijerph15122696",1,1,1
"10.1080/00036846.2011.633895",1,1,1
"10.1016/j.engappai.2013.12.014",1,1,1
"10.3390/en12122244",1,1,1
"10.3934/nhm.2015.10.527",1,1,1
"10.3390/fi9030035",1,1,1
"10.18564/jasss.2834",1,1,1
"10.3389/fbuil.2019.00077",1,1,1
"10.1016/s0304-3800(98)00190-2",1,1,1
"10.1007/978-3-030-24741-6_4",1,1,1
"10.1142/s0219525916500041",1,1,1
"10.3141/2490-13",1,1,1
"10.1142/s1793962318500162",1,1,1
"10.1080/00207721.2020.1797229",1,1,1
"10.3390/electronics8020207",1,1,1
"10.1371/journal.pone.0064941",1,1,1
"10.1016/j.trc.2015.03.034",1,1,1
"10.1007/s00521-011-0624-4",1,1,1
"10.1109/tac.2012.2191179",1,1,1
"10.1177/0272989x211013306",1,1,1
"10.1029/2020ef001918",1,1,1
"10.1371/journal.pone.0275241",1,1,1
"10.1371/journal.pcbi.1010952",1,1,1
"10.1016/j.measurement.2020.107559",1,1,1
"10.1109/access.2019.2954591",1,1,1
"10.1109/tac.2018.2867341",1,1,1
"10.1016/j.simpat.2021.102445",1,1,1
"10.1109/tcst.2015.2478078",1,1,1
"10.1007/s40261-016-0410-2",1,1,1
"10.3233/mgs-170260",1,1,1
"10.1002/psp.351",1,1,1
"10.1111/risa.13277",1,1,1
"10.1080/23311916.2016.1256084",1,1,1
"10.1377/hlthaff.19.1.72",1,1,1
"10.1109/tcyb.2015.2451695",1,1,1
"10.1111/1365-2664.13024",1,1,1
"10.1109/tnnls.2013.2293499",1,1,1
"10.1007/s10015-011-0921-0",1,1,1
"10.1007/s10071-021-01561-w",1,1,1
"10.3233/mgs-2010-0140",1,1,1
"10.1016/j.jocs.2015.03.005",1,1,1
"10.1089/apc.2020.0151",1,1,1
"10.1109/wkdd.2010.122",1,1,1
"10.1002/int.21554",1,1,1
"10.1080/02773945.2012.724513",1,1,1
"10.1115/1.4023353",1,1,1
"10.1148/radiol.2017162359",1,1,1
"10.1007/s12065-020-00386-9",1,1,1
"10.1007/s11761-023-00359-7",1,1,1
"10.1177/00375497211068820",1,1,1
"10.1016/j.apenergy.2020.115358",1,1,1
"10.1109/icma.2007.4303754",1,1,1
"10.1016/j.epsr.2010.07.019",1,1,1
"10.3390/en9020101",1,1,1
"10.2749/101686612x13363869853455",1,1,1
"10.1016/j.jclepro.2020.120050",1,1,1
"10.1016/j.clgc.2020.10.001",1,1,1
"10.3928/01913913-20110823-02",1,1,1
"10.3354/esr00804",1,1,1
"10.1016/j.epsr.2022.108760",1,1,1
"10.1007/s40815-023-01493-2",2,0,0
"10.1016/j.compenvurbsys.2014.07.003",1,1,1
"10.1007/s00432-022-04034-w",1,1,1
"10.1007/s11269-012-0185-z",1,1,1
"10.21629/jsee.2019.04.16",1,1,1
"10.1007/s12061-023-09538-7",1,1,1
"10.1007/s10340-013-0513-y",1,1,1
"10.1007/s10144-007-0074-0",1,1,1
"10.24132/csrn.2019.2902.2.4",2,0,0
"10.1515/comp-2020-0202",1,1,1
"10.1109/tac.2016.2555484",1,1,1
"10.1016/j.apenergy.2012.10.011",1,1,1
"10.1002/ajp.20052",1,1,1
"10.1016/s0007-8506(07)60610-6",1,1,1
"10.1109/tie.2019.2946545",1,1,1
"10.1109/tsipn.2023.3266950",1,1,1
"10.1137/110850116",1,1,1
"10.1016/j.ins.2008.11.012",1,1,1
"10.1002/eap.1805",1,1,1
"10.1016/j.jtbi.2014.11.013",1,1,1
"10.1109/tac.2017.2713339",1,1,1
"10.4018/ijcwt.319708",1,1,1
"10.1016/j.procs.2016.09.140",1,1,1
"10.1086/649867",1,1,1
"10.1016/j.aej.2023.07.065",1,1,1
"10.1049/iet-cta.2012.1034",1,1,1
"10.1371/journal.pone.0057777",1,1,1
"10.1016/j.procs.2015.07.182",1,1,1
"10.1177/0738894215613035",1,1,1
"10.3390/en15051919",1,1,1
"10.1111/j.1467-789x.2012.00999.x",1,1,1
"10.1080/00343404.2019.1622663",1,1,1
"10.1002/cac2.12459",1,1,1
"10.3390/v14050967",1,1,1
"10.3390/systems11020072",1,1,1
"10.1016/j.eswa.2017.05.011",1,1,1
"10.1007/s10845-022-02065-1",1,1,1
"10.3354/meps10462",1,1,1
"10.1007/s10796-012-9343-3",1,1,1
"10.1108/ejm-10-2015-0752",1,1,1
"10.3233/ia-210123",1,1,1
"10.3354/meps13853",1,1,1
"10.1080/17421772.2013.835439",1,1,1
"10.1002/ep.13895",1,1,1
"10.1007/s11768-020-00029-5",1,1,1
"10.1002/rnc.5860",1,1,1
"10.3354/meps06979",1,1,1
"10.1080/13658816.2012.715163",1,1,1
"10.1016/j.entcs.2016.09.011",1,1,1
"10.4324/9781315270838",2,0,0
"10.1016/j.tranpol.2006.11.001",1,1,1
"10.1016/s0262-8856(02)00102-6",1,1,1
"10.1049/iet-cta.2015.1068",1,1,1
"10.1016/j.amc.2016.10.006",1,1,1
"10.1002/mma.5406",1,1,1
"10.1002/er.7358",1,1,1
"10.18564/jasss.4411",1,1,1
"10.1007/s10472-016-9516-8",1,1,1
"10.1177/0037549717732408",1,1,1
"10.1108/17410391011061799",1,1,1
"10.1142/s0219525914500106",1,1,1
"10.1371/journal.pmed.1002506",1,1,1
"10.1310/hct1102-80",1,1,1
"10.1111/j.1939-7445.2008.00013.x",1,1,1
"10.1016/j.future.2021.04.018",1,1,1
"10.1016/j.eswa.2006.02.009",1,1,1
"10.1016/s0304-3975(02)00445-0",1,1,1
"10.1371/journal.pone.0239798",1,1,1
"10.1186/s12916-020-01866-6",1,1,1
"10.1017/s0269888913000428",1,1,1
"10.1145/3540202",1,1,1
"10.2495/ut060771",1,1,1
"10.1093/ibd/izz267",1,1,1
"10.3233/idt-160268",1,1,1
"10.3390/jsan2030557",1,1,1
"10.1016/j.jocs.2017.08.006",1,1,1
"10.1016/j.sysconle.2021.105065",1,1,1
"10.1080/13873954.2011.601419",1,1,1
"10.1109/access.2021.3069337",1,1,1
"10.1002/sej.1271",1,1,1
"10.1016/j.neucom.2020.03.115",1,1,1
"10.1016/j.techsoc.2021.101756",1,1,1
"10.1109/tnse.2022.3233899",1,1,1
"10.1007/s10614-008-9127-5",1,1,1
"10.1007/978-3-319-01952-9_8",2,0,0
"10.3934/mbe.2021263",1,1,1
"10.1016/j.pocean.2020.102341",1,1,1
"10.1177/1756284820953364",1,1,1
"10.1007/s11538-010-9582-8",1,1,1
"10.3354/aei00093",1,1,1
"10.1093/icesjms/fsm171",1,1,1
"10.1109/tits.2017.2685143",1,1,1
"10.1109/robio.2009.5420763",1,1,1
"10.1080/00207721.2014.998743",1,1,1
"10.1002/mma.8532",1,1,1
"10.1007/s10846-013-9998-0",1,1,1
"10.1016/j.apenergy.2022.119351",1,1,1
"10.1007/978-3-319-74002-7_6",1,1,1
"10.1007/s12064-008-0031-2",1,1,1
"10.1016/j.simpat.2018.09.007",1,1,1
"10.1111/eva.13331",1,1,1
"10.1016/j.enpol.2017.09.037",1,1,1
"10.1080/00207179.2013.792006",1,1,1
"10.1007/s10846-008-9285-7",1,1,1
"10.2196/18917",1,1,1
"10.1177/0739456x18776062",1,1,1
"10.1002/sim.6193",1,1,1
"10.1007/s11252-020-01074-3",1,1,1
"10.1109/codas.2001.945156",1,1,1
"10.1007/978-3-319-40159-1_1",1,1,1
"10.1093/icesjms/fsy039",1,1,1
"10.1016/j.ecolmodel.2010.11.029",1,1,1
"10.1016/j.jedc.2010.11.001",1,1,1
"10.1142/s0218213008004230",1,1,1
"10.1016/j.jclepro.2019.118778",1,1,1
"10.1016/j.ifacol.2016.10.414",1,1,1
"10.3354/meps185113",1,1,1
"10.1177/0001839215609083",1,1,1
"10.1016/j.jpdc.2010.06.005",1,1,1
"10.1007/s10614-012-9352-9",1,1,1
"10.1016/j.landusepol.2013.10.025",1,1,1
"10.1016/j.ecolmodel.2015.02.018",1,1,1
"10.1016/j.ecolmodel.2017.05.017",1,1,1
"10.1006/jtbi.2002.2526",1,1,1
"10.3390/ijerph17249442",1,1,1
"10.2307/3802565",1,1,1
"10.1016/j.trb.2018.06.002",1,1,1
"10.1016/j.enbuild.2017.08.052",1,1,1
"10.1186/1471-2148-9-159",1,1,1
"10.1007/s00198-021-06010-5",1,1,1
"10.1111/cgf.12328",1,1,1
"10.1016/j.jval.2020.05.016",1,1,1
"10.1016/0378-4754(85)90027-8",1,1,1
"10.1034/j.1600-0706.2000.880322.x",1,1,1
"10.2196/24192",1,1,1
"10.1186/s12918-017-0443-z",1,1,1
"10.1109/lra.2021.3118091",1,1,1
"10.1080/00207179.2014.971432",1,1,1
"10.1016/j.ecolmodel.2015.11.022",1,1,1
"10.1007/s11721-018-0160-2",1,1,1
"10.1111/eff.12337",1,1,1
"10.1111/j.0824-7935.2004.00255.x",1,1,1
"10.3354/aei00397",1,1,1
"10.1016/s0304-3800(98)00139-2",1,1,1
"10.1007/s12080-020-00480-9",1,1,1
"10.18267/j.pep.766",1,1,1
"10.1155/2020/6946370",1,1,1
"10.1049/iet-cta.2013.0869",1,1,1
"10.1109/access.2023.3296741",2,0,0
"10.1109/lcsys.2022.3186900",1,1,1
"10.1139/cjce-2015-0023",1,1,1
"10.1007/978-3-030-19311-9_8",1,1,1
"10.1080/13658816.2011.626780",1,1,1
"10.1109/tro.2008.2002313",1,1,1
"10.1177/0969141316670422",1,1,1
"10.1109/tac.2007.895860",1,1,1
"10.18564/jasss.2186",1,1,1
"10.1016/j.ifacsc.2017.05.001",1,1,1
"10.1080/08839510701409052",1,1,1
"10.1162/artl_a_00351",1,1,1
"10.1007/s00354-016-0306-y",1,1,1
"10.1007/s10588-013-9164-z",1,1,1
"10.1016/j.ecolmodel.2014.10.031",1,1,1
"10.3934/dcdsb.2014.19.5i",1,1,1
"10.3390/sym12111804",1,1,1
"10.1080/13658816.2020.1718153",1,1,1
"10.1007/s11111-015-0234-7",1,1,1
"10.1016/j.cnsns.2013.11.010",1,1,1
"10.1061/(asce)te.1943-5436.0000718",1,1,1
"10.1086/688666",1,1,1
"10.7326/m21-2239",1,1,1
"10.1016/j.ssci.2019.09.026",1,1,1
"10.1016/j.comnet.2022.108987",1,1,1
"10.1016/j.fishres.2003.09.007",1,1,1
"10.46604/ijeti.2021.6825",1,1,1
"10.1007/s11227-022-04609-x",1,1,1
"10.1016/j.cie.2022.108406",1,1,1
"10.1016/j.ecolmodel.2018.09.003",1,1,1
"10.1002/ecs2.4265",1,1,1
"10.1080/15325008.2018.1527869",1,1,1
"10.1016/j.ejor.2017.05.028",1,1,1
"10.1371/journal.pone.0262462",1,1,1
"10.1109/eurosim.2013.95",1,1,1
"10.1007/978-3-642-19875-5_39",1,1,1
"10.5755/j01.itc.44.1.8768",1,1,1
"10.1016/j.arcontrol.2015.03.001",1,1,1
"10.1061/(asce)cp.1943-5487.0000680",1,1,1
"10.1016/j.enpol.2010.02.055",1,1,1
"10.3311/ppci.7926",1,1,1
"10.1080/03081060.2010.512219",1,1,1
"10.1016/j.ecolmodel.2004.04.030",1,1,1
"10.1007/s10845-011-0606-5",1,1,1
"10.1109/compsac.2016.63",1,1,1
"10.4018/jicte.2008010102",1,1,1
"10.1186/s12916-021-02155-6",1,1,1
"10.1016/j.isatra.2023.03.030",1,1,1
"10.1111/j.1475-4932.2012.00845.x",1,1,1
"10.1111/1365-2656.12490",1,1,1
"10.1093/comnet/cnw026",1,1,1
"10.1016/j.pocean.2013.02.001",1,1,1
"10.1155/2022/3937475",1,1,1
"10.1109/lcsys.2022.3182640",1,1,1
"10.3389/frobt.2019.00130",1,1,1
"10.1080/00207721.2018.1543733",1,1,1
"10.1093/icesjms/fss108",1,1,1
"10.1086/691436",1,1,1
"10.1016/j.procs.2016.05.331",1,1,1
"10.1016/j.automatica.2021.110088",1,1,1
"10.1007/s11657-022-01170-1",1,1,1
"10.1186/s12915-014-0052-x",1,1,1
"10.1007/s11229-019-02202-z",1,1,1
"10.3130/jaabe.8.81",1,1,1
"10.1016/j.cma.2018.03.036",1,1,1
"10.1007/978-3-319-49700-6_60",1,1,1
"10.1016/j.biosystems.2010.02.010",1,1,1
"10.1016/j.neucom.2015.04.111",1,1,1
"10.1515/ijfe-2018-0139",1,1,1
"10.1007/0-387-32015-6_3",1,1,1
"10.1016/j.neucom.2021.08.139",1,1,1
"10.1002/ecj.11684",1,1,1
"10.18564/jasss.3933",1,1,1
"10.1016/j.beproc.2019.103893",1,1,1
"10.1108/ijicc-02-2017-0013",1,1,1
"10.1007/s00442-022-05171-2",1,1,1
"10.1016/j.ecolmodel.2017.07.012",1,1,1
"10.1016/j.ast.2022.108091",1,1,1
"10.1007/s11403-007-0027-x",1,1,1
"10.3233/mgs-2007-3206",1,1,1
"10.1049/rpg2.12466",1,1,1
"10.1016/j.econmod.2023.106381",1,1,1
"10.3390/app10020726",1,1,1
"10.3390/s21144835",1,1,1
"10.1080/00207179.2011.602834",1,1,1
"10.1109/jiot.2021.3075901",1,1,1
"10.1016/j.cgh.2017.07.011",1,1,1
"10.1109/tia.2019.2904566",1,1,1
"10.3390/su13094936",1,1,1
"10.1080/0020754042000197694",1,1,1
"10.1109/tii.2019.2933227",1,1,1
"10.1016/j.ecolmodel.2016.06.017",1,1,1
"10.1007/s11187-019-00269-z",1,1,1
"10.3390/en8077381",1,1,1
"10.1016/j.healthplace.2011.01.001",1,1,1
"10.1142/s0218126621300051",1,1,1
"10.3233/fi-2011-378",1,1,1
"10.1109/access.2020.2967061",1,1,1
"10.1109/dexa.2008.57",1,1,1
"10.1007/s10846-018-0824-6",1,1,1
"10.1109/tcns.2019.2893665",1,1,1
"10.1155/2013/250586",1,1,1
"10.3390/app11188368",1,1,1
"10.1016/j.enpol.2011.04.007",1,1,1
"10.1177/0037549711406912",1,1,1
"10.1007/s10614-015-9557-9",1,1,1
"10.1111/1365-2656.12369",1,1,1
"10.1080/23302674.2021.1958949",1,1,1
"10.3390/en8087930",1,1,1
"10.1145/3194658.3194684",1,1,1
"10.1016/j.eswa.2023.120567",1,1,1
"10.1007/s10015-019-00574-6",1,1,1
"10.1109/bwcca.2012.118",1,1,1
"10.1016/j.ress.2012.07.002",1,1,1
"10.18564/jasss.4612",1,1,1
"10.1136/bmj.m3588",1,1,1
"10.1007/s10109-007-0052-2",1,1,1
"10.1016/j.prevetmed.2012.09.012",1,1,1
"10.3233/kes-2010-0203",1,1,1
"10.1007/s13218-013-0258-z",1,1,1
"10.1109/iccit.2008.243",1,1,1
"10.1002/etc.4391",1,1,1
"10.1080/13658816.2016.1243243",1,1,1
"10.1109/entnet.2001.981989",1,1,1
"10.1016/j.epsr.2021.107270",1,1,1
"10.1073/pnas.022618299",1,1,1
"10.1016/j.indmarman.2008.09.004",1,1,1
"10.1111/j.1461-0248.2011.01696.x",1,1,1
"10.1109/tcyb.2021.3125503",1,1,1
"10.1016/j.eururo.2017.11.037",1,1,1
"10.1016/s0166-445x(00)00117-x",1,1,1
"10.1007/978-3-319-57105-8_3",1,1,1
"10.1109/tcsi.2023.3255559",1,1,1
"10.1007/s00170-010-3148-7",1,1,1
"10.1016/j.artint.2012.03.007",1,1,1
"10.1002/sys.21433",1,1,1
"10.1016/j.apenergy.2021.117908",1,1,1
"10.1680/tran.9.00029",1,1,1
"10.1177/0272989x221097386",1,1,1
"10.1016/j.jmarsys.2008.02.002",1,1,1
"10.1109/tcyb.2022.3163623",1,1,1
"10.1038/srep01888",1,1,1
"10.1109/tac.2017.2692527",1,1,1
"10.1016/j.dss.2007.11.005",1,1,1
"10.1002/hec.4258",1,1,1
"10.1166/asl.2015.6286",1,1,1
"10.1016/j.proeng.2013.09.223",1,1,1
"10.1177/2047487319898021",1,1,1
"10.1080/00207721.2013.871367",1,1,1
"10.1016/s0925-5273(00)00082-7",1,1,1
"10.1111/oik.07567",1,1,1
"10.1080/09638199.2015.1069884",1,1,1
"10.1007/s10745-021-00273-6",1,1,1
"10.1109/tcyb.2022.3225361",2,0,0
"10.1371/journal.pone.0289690",1,1,1
"10.1016/j.envsoft.2012.12.012",1,1,1
"10.1016/j.ins.2018.01.040",1,1,1
"10.1023/a:1006746727151",1,1,1
"10.1007/978-3-319-61572-1_13",1,1,1
"10.1108/02644401111131876",1,1,1
"10.1007/s10336-021-01863-3",1,1,1
"10.1007/s11235-011-9658-2",1,1,1
"10.3354/meps13079",1,1,1
"10.1016/j.jtbi.2004.06.031",1,1,1
"10.1080/18756891.2013.761774",1,1,1
"10.1111/j.1530-0277.2001.tb02386.x",1,1,1
"10.1214/18-ejp194",1,1,1
"10.1080/23311916.2018.1466382",1,1,1
"10.1088/2632-072x/acd21b",1,1,1
"10.1016/j.compenvurbsys.2017.01.007",1,1,1
"10.1080/00207179.2017.1293847",1,1,1
"10.1007/s40273-022-01236-5",1,1,1
"10.1016/j.ergon.2008.08.008",1,1,1
"10.1109/access.2013.2280086",1,1,1
"10.1007/s10441-019-09360-0",1,1,1
"10.1023/a:1010033827337",1,1,1
"10.1159/000443635",1,1,1
"10.1007/s11403-012-0102-9",1,1,1
"10.1016/j.sysconle.2013.09.009",1,1,1
"10.3390/sym10020048",1,1,1
"10.1109/iciinfs.2009.5429831",1,1,1
"10.1073/pnas.1812829116",1,1,1
"10.1007/978-3-319-09492-2_9",1,1,1
"10.3390/app11052319",1,1,1
"10.1061/(asce)co.1943-7862.0001826",1,1,1
"10.1016/j.envsoft.2015.04.014",1,1,1
"10.1111/dme.13349",1,1,1
"10.1080/03081060.2015.1026102",1,1,1
"10.18564/jasss.2819",1,1,1
"10.1002/int.20079",1,1,1
"10.1017/s0031182013000310",1,1,1
"10.1007/978-3-319-65340-2_5",1,1,1
"10.1007/s13278-014-0185-5",1,1,1
"10.1016/j.apergo.2015.03.019",1,1,1
"10.3390/electronics11071071",1,1,1
"10.1016/j.simpat.2008.06.010",1,1,1
"10.1016/s0303-2647(01)00129-0",1,1,1
"10.1080/21642583.2020.1808109",1,1,1
"10.1007/s40314-022-01868-5",1,1,1
"10.1109/tcss.2018.2859189",1,1,1
"10.1080/13608746.2014.947700",1,1,1
"10.1080/13696998.2022.2088965",1,1,1
"10.1016/j.anbehav.2007.09.013",1,1,1
"10.1111/j.1465-7295.2009.00262.x",1,1,1
"10.1016/j.jebo.2011.02.012",1,1,1
"10.1049/iet-cta.2016.0814",1,1,1
"10.1080/17477778.2020.1813641",1,1,1
"10.1007/s12555-012-0507-1",1,1,1
"10.1016/j.ecolmodel.2006.12.032",1,1,1
"10.3141/1921-14",1,1,1
"10.1080/17477778.2022.2043792",1,1,1
"10.1016/j.matcom.2022.03.019",1,1,1
"10.1007/s00285-017-1143-4",1,1,1
"10.1016/j.tra.2005.05.003",1,1,1
"10.1007/s11071-023-08496-6",1,1,1
"10.23919/jsee.2022.000150",1,1,1
"10.1108/imds-03-2014-0074",1,1,1
"10.1007/s11629-016-3984-5",1,1,1
"10.1103/physreve.58.133",1,1,1
"10.1016/j.envdev.2014.07.003",1,1,1
"10.1007/s10100-015-0388-5",1,1,1
"10.1016/j.envsoft.2010.01.012",1,1,1
"10.1016/j.drugpo.2020.103032",1,1,1
"10.1007/s00477-012-0680-z",1,1,1
"10.3934/mbe.2013.10.1265",1,1,1
"10.1016/j.jocs.2015.04.019",1,1,1
"10.1016/j.enpol.2015.02.032",1,1,1
"10.1016/j.ecolmodel.2017.02.013",1,1,1
"10.1111/eip.12770",1,1,1
"10.1016/j.eswa.2013.01.048",1,1,1
"10.1080/1747423x.2019.1687769",1,1,1
"10.1111/ele.12467",1,1,1
"10.1007/s10569-018-9873-1",1,1,1
"10.1186/s12976-020-00123-w",1,1,1
"10.1155/2021/4486149",1,1,1
"10.1016/j.ress.2007.06.007",1,1,1
"10.1109/mwc.2012.6231155",1,1,1
"10.1109/eiconrus.2019.8657080",1,1,1
"10.1016/j.ecocom.2018.08.009",1,1,1
"10.1016/j.physa.2004.04.109",1,1,1
"10.1016/j.jtbi.2016.11.013",1,1,1
"10.1007/s00285-019-01391-y",1,1,1
"10.1016/j.jairtraman.2021.102061",1,1,1
"10.1002/asjc.1172",1,1,1
"10.3354/meps11757",1,1,1
"10.1016/j.ifacol.2020.11.060",1,1,1
"10.1016/j.trc.2014.05.016",1,1,1
"10.1139/cjfas-2014-0406",1,1,1
"10.1080/1120009x.2019.1665874",1,1,1
"10.3233/jifs-190962",1,1,1
"10.1142/s0218194010004785",1,1,1
"10.1007/978-3-319-27343-3_10",1,1,1
"10.3390/ijerph182010834",1,1,1
"10.1155/2022/9815847",1,1,1
"10.3934/mbe.2022257",1,1,1
"10.1016/j.neucom.2017.01.087",1,1,1
"10.1001/jamaophthalmol.2023.1463",1,1,1
"10.1002/ajcp.12132",1,1,1
"10.1016/j.aap.2020.105771",1,1,1
"10.1016/j.ecolmodel.2017.08.025",1,1,1
"10.1109/tits.2022.3191290",1,1,1
"10.1155/2019/3297410",1,1,1
"10.1108/ijius-12-2018-0036",1,1,1
"10.3390/math10214111",1,1,1
"10.1057/jos.2013.26",1,1,1
"10.1038/s41366-019-0426-9",1,1,1
"10.1016/j.jedc.2022.104510",1,1,1
"10.1016/j.agsy.2020.102981",1,1,1
"10.1016/j.patrec.2007.06.021",1,1,1
"10.1162/106454602753694747",1,1,1
"10.18564/jasss.2528",1,1,1
"10.1377/hlthaff.2015.0095",1,1,1
"10.1139/z04-131",1,1,1
"10.1109/tii.2016.2612645",1,1,1
"10.1155/2017/4063184",1,1,1
"10.1016/j.ufug.2018.07.007",1,1,1
"10.1016/j.ijheatmasstransfer.2018.05.156",1,1,1
"10.1007/978-981-10-2663-8_18",1,1,1
"10.1109/saso.2018.00021",1,1,1
"10.1111/1365-2656.12658",1,1,1
"10.1108/k-11-2017-0415",1,1,1
"10.1016/j.jebo.2006.12.007",1,1,1
"10.2307/1941756",1,1,1
"10.1016/j.marpolbul.2023.114979",1,1,1
"10.1086/340611",1,1,1
"10.1016/j.automatica.2020.109084",1,1,1
"10.1016/j.ecolmodel.2005.12.001",1,1,1
"10.1158/0008-5472.can-14-2103",1,1,1
"10.1017/s1474747209990163",1,1,1
"10.1007/978-981-99-0479-2_18",1,1,1
"10.3390/s18072206",1,1,1
"10.1016/j.energy.2019.03.047",1,1,1
"10.1051/mmnp/20150611",1,1,1
"10.1016/j.entcs.2013.02.003",1,1,1
"10.1177/0272989x211009161",1,1,1
"10.3390/en13051152",1,1,1
"10.1080/00207721.2015.1100347",1,1,1
"10.7305/automatika.2016.03.1037",1,1,1
"10.1016/j.socnet.2018.05.002",1,1,1
"10.1155/2013/464703",1,1,1
"10.1007/s00334-019-00768-9",1,1,1
"10.1007/s12110-016-9275-6",1,1,1
"10.1177/0956797615602860",1,1,1
"10.1016/j.isatra.2022.04.018",1,1,1
"10.7148/2013-0124",1,1,1
"10.1142/s0219525914500040",1,1,1
"10.1016/j.enbuild.2011.12.026",1,1,1
"10.1080/13873954.2013.777748",1,1,1
"10.1109/isda.2005.31",1,1,1
"10.1890/04-1473",1,1,1
"10.1007/978-3-319-24141-8_20",1,1,1
"10.18564/jasss.4998",1,1,1
"10.3390/systems11040177",1,1,1
"10.1016/j.jhealeco.2008.06.006",1,1,1
"10.1111/j.1365-2419.2008.00482.x",1,1,1
"10.1016/j.ifacol.2021.08.059",1,1,1
"10.3233/ifs-2012-0517",1,1,1
"10.1007/s40815-023-01531-z",1,1,1
"10.1073/pnas.2020431118",1,1,1
"10.3390/drones5040124",1,1,1
"10.1111/j.1365-294x.2004.02326.x",1,1,1
"10.1177/0894439311417153",1,1,1
"10.1186/s12976-017-0072-7",1,1,1
"10.1016/j.amc.2021.126480",1,1,1
"10.1016/j.autcon.2019.103062",1,1,1
"10.1007/s12205-018-0132-5",1,1,1
"10.1007/s12061-017-9233-7",1,1,1
"10.1007/s11831-021-09628-0",1,1,1
"10.1155/2019/8436505",1,1,1
"10.1080/08958370600748430",1,1,1
"10.1007/s00285-018-1298-7",1,1,1
"10.1016/j.atmosenv.2017.06.046",1,1,1
"10.1016/j.eswa.2012.01.119",1,1,1
"10.1016/j.envsoft.2013.02.011",1,1,1
"10.1016/s1146-609x(02)01151-7",1,1,1
"10.1049/iet-its.2019.0677",1,1,1
"10.1007/s00191-021-00732-9",1,1,1
"10.1080/03036758.2022.2117830",1,1,1
"10.1007/s10588-017-9249-1",1,1,1
"10.3390/su142315840",1,1,1
"10.3390/machines11050524",1,1,1
"10.1007/978-981-19-4546-5_19",1,1,1
"10.1016/j.ins.2014.06.021",1,1,1
"10.1163/22105832-bja10010",1,1,1
"10.1038/s42256-021-00341-y",1,1,1
"10.1177/1548512917702832",1,1,1
"10.1080/1747423x.2011.558599",1,1,1
"10.1016/j.epsr.2014.06.001",1,1,1
"10.1016/j.trf.2012.01.004",1,1,1
"10.1007/s40313-021-00809-7",1,1,1
"10.1016/j.amepre.2022.10.011",1,1,1
"10.1016/j.ifacol.2022.10.037",1,1,1
"10.1007/978-3-319-67077-5_37",1,1,1
"10.1016/j.advwatres.2022.104311",1,1,1
"10.1109/tsmcb.2003.817077",1,1,1
"10.1080/00207540600871277",1,1,1
"10.1080/13873954.2010.481809",1,1,1
"10.3233/fi-2015-1218",1,1,1
"10.1016/j.ajsl.2021.01.002",1,1,1
"10.1109/jcai.2009.200",1,1,1
"10.1016/j.trc.2013.09.002",1,1,1
"10.1109/access.2022.3172285",1,1,1
"10.1002/sdr.1599",1,1,1
"10.1198/jasa.2009.ap07466",1,1,1
"10.1007/s10113-016-1093-1",1,1,1
"10.1109/tii.2016.2591918",1,1,1
"10.1007/s00265-012-1342-3",1,1,1
"10.1016/j.jtbi.2019.01.041",1,1,1
"10.1016/j.neucom.2014.11.069",1,1,1
"10.1016/j.jocs.2016.12.011",1,1,1
"10.1145/3393691.3394197",2,0,0
"10.1650/condor-17-126.1",1,1,1
"10.1558/jcsr.38669",1,1,1
"10.1007/s10549-020-05706-2",1,1,1
"10.1016/j.ifacol.2022.07.252",1,1,1
"10.1080/09537287.2013.798086",1,1,1
"10.1093/logcom/exv009",1,1,1
"10.1016/b978-1-85617-655-2.00002-x",2,0,0
"10.1002/eej.10227",1,1,1
"10.1016/j.respol.2019.103884",1,1,1
"10.1023/a:1011936121454",1,1,1
"10.1016/j.cie.2020.106679",1,1,1
"10.1057/jos.2012.25",1,1,1
"10.1023/a:1008869126852",1,1,1
"10.3846/transport.2020.13784",1,1,1
"10.1016/j.cam.2019.112572",1,1,1
"10.1109/jiot.2019.2950730",1,1,1
"10.1016/j.dss.2015.01.006",1,1,1
"10.1016/j.tele.2021.101656",1,1,1
"10.18564/jasss.2727",1,1,1
"10.1177/1059712317693889",1,1,1
"10.1007/s10472-022-09804-3",2,0,0
"10.1080/17477778.2022.2043791",1,1,1
"10.1007/978-3-319-39086-4_8",1,1,1
"10.1016/j.eswa.2019.03.056",1,1,1
"10.1109/tcsii.2022.3151708",1,1,1
"10.1016/j.applthermaleng.2016.03.177",1,1,1
"10.1049/iet-cta.2008.0479",1,1,1
"10.1142/s0129183198000108",1,1,1
"10.1007/978-3-319-40159-1_26",1,1,1
"10.1016/j.ecolmodel.2013.09.008",1,1,1
"10.1016/j.enpol.2016.11.041",1,1,1
"10.1109/tac.2014.2301576",1,1,1
"10.1016/j.jbusres.2020.01.067",1,1,1
"10.1007/s11403-017-0191-6",1,1,1
"10.1016/j.simpat.2019.101980",1,1,1
"10.1007/s10654-022-00878-1",1,1,1
"10.1007/s00265-005-0917-7",1,1,1
"10.3141/2553-03",1,1,1
"10.1109/ictai.2012.51",1,1,1
"10.1177/0272989x20961095",1,1,1
"10.1016/j.habitatint.2022.102647",1,1,1
"10.1086/285547",1,1,1
"10.1109/asc-icsc.2008.4675493",1,1,1
"10.1109/access.2017.2669438",1,1,1
"10.3389/fclim.2021.738286",1,1,1
"10.1177/0361198118786644",1,1,1
"10.1007/978-3-030-22885-9_15",1,1,1
"10.1038/s41598-018-30647-8",1,1,1
"10.1016/j.jenvman.2006.11.006",1,1,1
"10.1002/mcf2.10028",1,1,1
"10.1007/978-3-319-39324-7_11",1,1,1
"10.1109/tro.2022.3152691",1,1,1
"10.1016/j.jclepro.2019.02.128",1,1,1
"10.1007/s10015-019-00558-6",1,1,1
"10.1016/j.erss.2019.01.013",1,1,1
"10.1109/tits.2018.2849824",1,1,1
"10.1016/j.epidem.2022.100591",1,1,1
"10.1016/j.autcon.2011.05.006",1,1,1
"10.1016/j.amc.2013.01.034",1,1,1
"10.1080/00405000.2021.1880088",1,1,1
"10.1139/cjce-2018-0601",1,1,1
"10.1016/j.vaccine.2018.12.012",1,1,1
"10.1007/978-3-319-47253-9_20",1,1,1
"10.1038/s41598-020-61445-w",1,1,1
"10.1001/jamanetworkopen.2023.7888",1,1,1
"10.1136/bmjopen-2022-061340",1,1,1
"10.1109/tcsii.2022.3196042",1,1,1
"10.1016/j.lungcan.2019.11.024",1,1,1
"10.1007/s13748-012-0015-9",1,1,1
"10.1007/s11771-003-0022-x",1,1,1
"10.1016/j.fcr.2021.108166",1,1,1
"10.3389/fmars.2022.959366",1,1,1
"10.1139/z09-104",1,1,1
"10.1016/j.jval.2017.12.021",1,1,1
"10.1371/journal.pcbi.1005713",1,1,1
"10.1016/j.apenergy.2016.10.070",1,1,1
"10.3390/su12239795",1,1,1
"10.1126/science.abm6791",1,1,1
"10.21660/2019.55.4766",1,1,1
"10.1108/ijm-03-2015-0053",1,1,1
"10.1186/s12916-022-02631-7",1,1,1
"10.1109/services-1.2008.49",1,1,1
"10.4204/eptcs.369.5",1,1,1
"10.1080/00207721.2015.1135360",1,1,1
"10.1370/afm.2022",1,1,1
"10.1115/1.4024172",1,1,1
"10.1016/j.epsr.2022.108407",1,1,1
"10.1007/s10526-004-1114-8",1,1,1
"10.1016/j.physa.2013.05.043",1,1,1
"10.1097/qad.0b013e3283466fab",1,1,1
"10.1016/j.socscimed.2009.07.037",1,1,1
"10.1177/09589287221088174",1,1,1
"10.7166/27-3-1649",1,1,1
"10.1016/j.worlddev.2023.106253",1,1,1
"10.1177/03611981221112943",1,1,1
"10.1111/1475-6773.12027",1,1,1
"10.1145/3503823.3503905",1,1,1
"10.1016/j.chb.2014.12.030",1,1,1
"10.1002/etc.4093",1,1,1
"10.1007/s11538-008-9373-7",1,1,1
"10.1109/te.2008.925764",1,1,1
"10.1007/s10750-008-9345-9",1,1,1
"10.1098/rsif.2021.0903",1,1,1
"10.1007/978-3-319-91587-6_5",1,1,1
"10.1016/j.procs.2019.04.045",1,1,1
"10.1016/j.sysconle.2022.105134",1,1,1
"10.3354/meps11163",1,1,1
"10.1111/j.1365-2419.2007.00425.x",1,1,1
"10.1371/journal.pone.0115631",1,1,1
"10.1016/j.socscimed.2010.10.018",1,1,1
"10.1109/access.2023.3297136",2,0,0
"10.1177/0037549719846366",1,1,1
"10.1016/s0167-9473(02)00214-1",1,1,1
"10.1109/tsmca.2012.2227252",1,1,1
"10.4018/ijiit.2014100101",1,1,1
"10.1016/j.cogsys.2018.07.019",1,1,1
"10.1093/ietisy/e91-d.6.1604",1,1,1
"10.1016/j.jth.2018.12.001",1,1,1
"10.1109/sasow.2013.9",1,1,1
"10.1111/oik.03356",1,1,1
"10.1006/jtbi.2000.1078",1,1,1
"10.1109/tac.2018.2872197",1,1,1
"10.1109/tnnls.2023.3262799",1,1,1
"10.1016/j.cor.2009.02.028",1,1,1
"10.1007/s12652-016-0378-z",1,1,1
"10.1007/s11538-020-00730-1",1,1,1
"10.18564/jasss.3122",1,1,1
"10.2507/ijsimm18(3)474",1,1,1
"10.1016/j.neucom.2017.05.073",1,1,1
"10.3390/biomimetics8020222",1,1,1
"10.1007/s11071-021-06566-1",1,1,1
"10.1002/cncr.29561",1,1,1
"10.1080/00207179.2011.654264",1,1,1
"10.1109/jsen.2010.2068044",1,1,1
"10.1179/1942787514y.0000000051",1,1,1
"10.1016/j.buildenv.2014.11.037",1,1,1
"10.1016/j.ecolecon.2020.106875",1,1,1
"10.1068/a34251",1,1,1
"10.11130/jei.2016.31.2.353",1,1,1
"10.1109/tac.2013.2294618",1,1,1
"10.1007/s11192-016-2105-0",1,1,1
"10.1103/physreve.92.052708",1,1,1
"10.7148/2012-0064-0070",1,1,1
"10.5890/jeam.2018.09.005",1,1,1
"10.1061/(asce)co.1943-7862.0000286",1,1,1
"10.1016/j.biosystems.2021.104582",1,1,1
"10.3389/fphys.2021.808999",1,1,1
"10.1080/13658816.2019.1639185",1,1,1
"10.1177/1476127021993792",1,1,1
"10.1016/j.cie.2009.09.003",1,1,1
"10.1002/cnr2.1344",1,1,1
"10.1038/sj.bjc.6605071",1,1,1
"10.1186/1810-522x-52-32",1,1,1
"10.1371/journal.pone.0032566",1,1,1
"10.3390/w12041190",1,1,1
"10.1007/978-3-319-30298-0_49",1,1,1
"10.1016/j.bone.2010.03.009",1,1,1
"10.1016/j.compind.2014.12.003",1,1,1
"10.1016/j.jocs.2015.02.002",1,1,1
"10.1371/journal.pone.0152756",1,1,1
"10.1155/2015/908315",1,1,1
"10.1016/j.ecolmodel.2012.11.011",1,1,1
"10.1016/j.jtbi.2022.111370",1,1,1
"10.1093/cid/ciac340",1,1,1
"10.1049/iet-cta.2018.6107",1,1,1
"10.1016/j.eswa.2008.12.048",1,1,1
"10.1371/journal.pone.0208451",1,1,1
"10.1007/s00521-019-04072-5",1,1,1
"10.1371/journal.pntd.0009011",1,1,1
"10.4000/cybergeo.26522",1,1,1
"10.1016/j.eswa.2015.08.019",1,1,1
"10.5547/01956574.38.si1.cboh",1,1,1
"10.1109/tcyb.2020.3026001",1,1,1
"10.1191/0309133306pp469ra",1,1,1
"10.5751/es-12451-260240",1,1,1
"10.1016/j.entcs.2014.06.014",1,1,1
"10.1109/cimca.2008.98",1,1,1
"10.1109/tits.2021.3094215",1,1,1
"10.1109/tii.2022.3187747",1,1,1
"10.1016/j.ifacol.2019.11.163",1,1,1
"10.1007/s10479-020-03703-8",1,1,1
"10.1002/aic.14101",1,1,1
"10.1111/j.1475-5890.2008.00076.x",1,1,1
"10.1093/geront/gnq032",1,1,1
"10.1016/j.eswa.2009.06.098",1,1,1
"10.1016/j.measurement.2020.108192",1,1,1
"10.1117/12.910436",1,1,1
"10.1016/j.ecolmodel.2019.03.013",1,1,1
"10.1016/j.ssci.2018.04.023",1,1,1
"10.1016/j.ssci.2023.106071",1,1,1
"10.1109/wi-iat.2015.191",1,1,1
"10.1016/j.ecolmodel.2009.04.001",1,1,1
"10.1016/j.enconman.2015.06.021",1,1,1
"10.14736/kyb-2019-4-0714",1,1,1
"10.1080/0951192x.2011.652177",1,1,1
"10.1016/j.ecolmodel.2018.12.016",1,1,1
"10.1016/j.ecolmodel.2020.109225",1,1,1
"10.1016/j.foodpol.2022.102304",1,1,1
"10.4304/jcp.7.10.2564-2571",1,1,1
"10.1007/s00262-006-0218-7",1,1,1
"10.7717/peerj.11608",1,1,1
"10.3389/fonc.2022.883401",1,1,1
"10.1108/01439910610651392",1,1,1
"10.1073/pnas.2203019119",1,1,1
"10.1002/asjc.3074",1,1,1
"10.1186/s12879-022-07075-1",1,1,1
"10.1109/jetcas.2022.3142055",1,1,1
"10.1051/alr:2007002",1,1,1
"10.1016/j.biosystems.2010.03.007",1,1,1
"10.1016/j.rser.2014.05.056",1,1,1
"10.1007/s11424-020-0071-3",1,1,1
"10.1111/j.1365-2419.2012.00628.x",1,1,1
"10.1016/j.ecocom.2013.11.007",1,1,1
"10.3390/electronics12122722",1,1,1
"10.1016/j.physa.2021.126546",1,1,1
"10.1111/j.1524-475x.2012.00852.x",1,1,1
"10.1016/j.ijmachtools.2005.06.005",1,1,1
"10.1016/j.eswa.2012.01.001",1,1,1
"10.1016/j.jii.2020.100189",1,1,1
"10.1080/13696998.2023.2222035",1,1,1
"10.1016/j.jbi.2016.08.011",1,1,1
"10.1007/978-3-319-50983-9_3",1,1,1
"10.3390/info11100458",1,1,1
"10.1155/2020/8923197",1,1,1
"10.1016/j.comnet.2018.06.007",1,1,1
"10.1016/j.automatica.2014.02.019",1,1,1
"10.1103/physreve.97.062137",1,1,1
"10.1007/s00285-014-0798-3",1,1,1
"10.1046/j.1365-2729.1998.1420100.x",1,1,1
"10.1016/j.resconrec.2019.104538",1,1,1
"10.1080/01969722.2014.917235",1,1,1
"10.1016/j.automatica.2021.109657",1,1,1
"10.1016/j.softx.2023.101360",1,1,1
"10.1177/00202940221122195",1,1,1
"10.1016/j.ecolecon.2009.06.027",1,1,1
"10.1007/s00500-016-2302-z",1,1,1
"10.1016/j.jtbi.2017.11.014",1,1,1
"10.1016/j.jval.2021.11.1352",1,1,1
"10.4018/jitr.2015070104",1,1,1
"10.1016/j.ifacol.2019.12.145",1,1,1
"10.1016/j.jtbi.2008.01.032",1,1,1
"10.1109/access.2022.3184728",1,1,1
"10.1016/j.robot.2023.104486",1,1,1
"10.3233/mgs-210345",1,1,1
"10.1109/tsg.2013.2274391",1,1,1
"10.1002/cncr.32557",1,1,1
"10.1016/s0928-4931(00)00164-8",1,1,1
"10.1002/ece3.6770",1,1,1
"10.1002/etc.2500",1,1,1
"10.1109/mis.2005.9",1,1,1
"10.1038/srep46447",1,1,1
"10.4028/www.scientific.net/amm.235.141",1,1,1
"10.1016/j.ecolmodel.2005.03.023",1,1,1
"10.1016/j.eclinm.2022.101429",1,1,1
"10.1007/s11116-020-10137-5",1,1,1
"10.1371/journal.pone.0218256",1,1,1
"10.1177/0037549711425180",1,1,1
"10.1016/j.jclepro.2018.03.261",1,1,1
"10.1007/s11517-022-02514-2",1,1,1
"10.1098/rsbl.2013.1018",1,1,1
"10.1186/s12879-017-2464-z",1,1,1
"10.1016/j.trd.2022.103477",1,1,1
"10.20965/jaciii.2021.p0931",1,1,1
"10.1371/journal.pcbi.1007342",1,1,1
"10.1016/j.mbs.2014.02.001",1,1,1
"10.1080/03081060600810899",1,1,1
"10.1007/s00191-016-0466-4",1,1,1
"10.3763/asre.2009.0108",1,1,1
"10.1111/j.1539-6924.2011.01652.x",1,1,1
"10.1109/tvt.2019.2919681",1,1,1
"10.1186/1471-2105-14-s6-s2",1,1,1
"10.1103/physreve.106.034125",1,1,1
"10.1016/j.ijdrr.2021.102503",1,1,1
"10.1103/physreve.105.044301",1,1,1
"10.1007/978-3-540-85379-4_26",1,1,1
"10.1371/journal.pcbi.1009471",1,1,1
"10.1016/j.ecolmodel.2008.02.002",1,1,1
"10.1098/rsif.2014.0642",1,1,1
"10.1109/jiot.2023.3253693",1,1,1
"10.1080/01494929.2014.963276",1,1,1
"10.3390/su151310420",1,1,1
"10.1016/j.ins.2014.11.047",1,1,1
"10.1177/1046878109353470",1,1,1
"10.1080/17440572.2019.1662304",1,1,1
"10.3390/en11030640",1,1,1
"10.1007/s40313-013-0069-3",1,1,1
"10.1016/j.quascirev.2019.06.012",1,1,1
"10.1016/j.aap.2021.106355",1,1,1
"10.1109/mic.2005.132",1,1,1
"10.1103/physreve.99.022602",1,1,1
"10.1109/tcyb.2022.3208228",2,0,0
"10.1080/17517575.2018.1521998",1,1,1
"10.1111/roiw.12444",1,1,1
"10.1016/j.eswa.2004.12.012",1,1,1
"10.1177/0971721816640625",1,1,1
"10.1007/s11042-020-10388-5",1,1,1
"10.1016/j.ifacol.2021.08.132",1,1,1
"10.1109/jsyst.2009.2031012",1,1,1
"10.4028/www.scientific.net/amm.436.451",1,1,1
"10.2478/izajolp-2022-0009",1,1,1
"10.1109/tac.2022.3206603",1,1,1
"10.1080/21680566.2016.1142400",1,1,1
"10.1002/sres.2642",1,1,1
"10.1007/s10270-020-00807-4",1,1,1
"10.1016/j.automatica.2013.01.063",1,1,1
"10.1016/j.amepre.2021.11.007",1,1,1
"10.3390/info9050120",1,1,1
"10.7326/m19-1980",1,1,1
"10.1007/s12008-010-0113-5",1,1,1
"10.1016/j.sysconle.2021.105109",1,1,1
"10.1109/access.2020.2994198",1,1,1
"10.1016/b978-0-12-409548-9.11144-3",2,0,0
"10.1016/j.jtbi.2017.07.025",1,1,1
"10.5694/mja2.50845",1,1,1
"10.1142/s0218213013500267",1,1,1
"10.1007/978-3-030-97457-2_3",1,1,1
"10.4324/9780203993699",2,0,0
"10.1080/00207721.2016.1218570",1,1,1
"10.1109/tcns.2016.2555581",1,1,1
"10.1002/etep.1768",1,1,1
"10.1186/1742-4682-10-66",1,1,1
"10.1109/tcns.2022.3158745",1,1,1
"10.1134/s1019331622040219",1,1,1
"10.1016/j.ecolmodel.2014.03.009",1,1,1
"10.1023/a:1024451512597",1,1,1
"10.25318/82-003-x202001100002-eng",1,1,1
"10.1111/j.1558-5646.2012.01732.x",1,1,1
"10.1017/s0950268814001848",1,1,1
"10.1007/978-3-319-18944-4_6",1,1,1
"10.1016/j.ppees.2005.11.001",1,1,1
"10.1016/j.ins.2018.05.051",1,1,1
"10.1111/exsy.12345",1,1,1
"10.1109/jiot.2020.3035608",1,1,1
"10.1109/access.2019.2958974",1,1,1
"10.1007/s10796-012-9380-y",1,1,1
"10.1111/1758-2229.13099",1,1,1
"10.3141/2003-03",1,1,1
"10.1371/journal.pone.0269976",1,1,1
"10.1371/journal.pone.0097010",1,1,1
"10.1016/j.trc.2004.07.008",1,1,1
"10.1109/tcad.2022.3233019",2,0,0
"10.1016/j.compchemeng.2017.02.005",1,1,1
"10.1109/ictai.2017.00138",1,1,1
"10.1016/j.neucom.2018.06.011",1,1,1
"10.1016/j.engappai.2017.07.022",1,1,1
"10.3390/en8099817",1,1,1
"10.1128/jvi.02051-06",1,1,1
"10.1007/s11424-016-4298-y",1,1,1
"10.4028/www.scientific.net/amm.178-181.2604",1,1,1
"10.7866/hpe-rpe.23.2.7",1,1,1
"10.1080/09528131003712970",1,1,1
"10.1016/j.automatica.2013.04.021",1,1,1
"10.1016/j.physa.2009.11.042",1,1,1
"10.1001/jamahealthforum.2022.2419",1,1,1
"10.1016/0264-9993(93)90019-c",1,1,1
"10.3390/su13168850",1,1,1
"10.1109/tie.2017.2668983",1,1,1
"10.20965/jaciii.2011.p0212",1,1,1
"10.1080/24751839.2023.2182174",2,0,0
"10.1016/j.cities.2021.103345",1,1,1
"10.2307/3551340",1,1,1
"10.1016/j.jobe.2023.106807",1,1,1
"10.1080/00207179.2019.1613561",1,1,1
"10.1109/lcsys.2023.3287950",1,1,1
"10.1109/tcyb.2018.2819361",1,1,1
"10.1002/ett.4078",1,1,1
"10.1080/10438590802564808",1,1,1
"10.1007/s10015-016-0293-6",1,1,1
"10.1016/j.jinsphys.2017.08.005",1,1,1
"10.1061/(asce)me.1943-5479.0000487",1,1,1
"10.1016/j.compbiomed.2021.104374",1,1,1
"10.5198/jtlu.2020.1454",1,1,1
"10.3390/en13226133",1,1,1
"10.1016/j.jtbi.2015.09.036",1,1,1
"10.18564/jasss.4830",1,1,1
"10.1007/s10472-018-9584-z",1,1,1
"10.3390/en15082968",1,1,1
"10.1093/beheco/9.4.397",1,1,1
"10.1109/tnnls.2015.2511005",1,1,1
"10.1109/tia.2020.2986449",1,1,1
"10.18564/jasss.4226",1,1,1
"10.1109/tcyb.2020.3022535",1,1,1
"10.1109/access.2021.3128949",1,1,1
"10.1109/wsc.2006.322926",1,1,1
"10.1016/j.ecolmodel.2008.02.013",1,1,1
"10.1002/ece3.3732",1,1,1
"10.1016/j.landusepol.2020.104907",1,1,1
"10.1016/j.ypmed.2013.04.011",1,1,1
"10.1016/j.plrev.2016.07.005",1,1,1
"10.1142/s0219525905000543",1,1,1
"10.1145/3341161.3342904",1,1,1
"10.1016/j.ijpe.2021.108380",1,1,1
"10.1016/j.camwa.2013.02.010",1,1,1
"10.1016/j.physa.2020.124163",1,1,1
"10.1080/0022250x.2019.1704284",1,1,1
"10.1016/j.ecolmodel.2006.11.005",1,1,1
"10.1145/3552436",1,1,1
"10.1109/wsc.2005.1574351",1,1,1
"10.1109/tii.2023.3234606",2,0,0
"10.1016/j.ijepes.2014.01.012",1,1,1
"10.1080/716100277",1,1,1
"10.1186/1476-072x-12-58",1,1,1
"10.1145/3321707.3321763",1,1,1
"10.1061/jtepbs.teeng-7434",1,1,1
"10.1371/journal.pone.0175036",1,1,1
"10.1007/s11432-018-9732-7",1,1,1
"10.1016/j.procs.2014.05.105",1,1,1
"10.1016/j.jclepro.2018.11.179",1,1,1
"10.1109/access.2022.3192847",1,1,1
"10.1371/journal.pone.0284426",1,1,1
"10.1017/s0956792515000625",1,1,1
"10.1016/j.ijhcs.2004.03.001",1,1,1
"10.1109/iccae.2009.17",1,1,1
"10.1007/s10530-013-0407-1",1,1,1
"10.1016/j.techfore.2016.02.009",1,1,1
"10.1016/j.sysconle.2010.10.003",1,1,1
"10.1016/j.respol.2022.104585",1,1,1
"10.4304/jcp.5.5.773-781",1,1,1
"10.1007/s11071-020-05613-7",1,1,1
"10.1093/logcom/exn050",1,1,1
"10.1177/0361198119842824",1,1,1
"10.1007/978-3-319-27308-2_30",1,1,1
"10.1186/1742-4682-10-41",1,1,1
"10.1097/qad.0b013e32830e0137",1,1,1
"10.1109/tac.2022.3214472",2,0,0
"10.1016/0304-3800(93)90109-6",1,1,1
"10.1109/tac.2018.2797199",1,1,1
"10.1016/j.jtbi.2017.01.006",1,1,1
"10.3390/ijerph18189832",1,1,1
"10.1002/eap.2568",1,1,1
"10.1049/iet-cta.2016.0002",1,1,1
"10.1016/j.enpol.2021.112543",1,1,1
"10.1007/978-3-319-91587-6_7",1,1,1
"10.1007/s10310-010-0242-5",1,1,1
"10.1007/s11370-017-0244-7",1,1,1
"10.1111/emre.12563",1,1,1
"10.1007/s00521-012-1199-4",1,1,1
"10.1007/s10462-022-10348-5",1,1,1
"10.1016/j.ecolmodel.2020.109222",1,1,1
"10.1016/j.ecolecon.2017.03.043",1,1,1
"10.1109/sies.2008.4577710",1,1,1
"10.1007/s10584-007-9347-z",1,1,1
"10.1016/j.compag.2022.107591",1,1,1
"10.1016/j.simpat.2017.12.015",1,1,1
"10.1080/17421772.2010.493954",1,1,1
"10.1134/s0005117912020191",1,1,1
"10.1007/s11403-016-0184-x",1,1,1
"10.1007/s12205-018-0528-2",1,1,1
"10.1007/s10888-017-9365-7",1,1,1
"10.1017/s1751731109004248",1,1,1
"10.1086/683231",1,1,1
"10.1016/j.enbuild.2019.06.010",1,1,1
"10.1109/bwss.2010.28",1,1,1
"10.1177/0272989x211007842",1,1,1
"10.1016/j.jclepro.2019.118225",1,1,1
"10.1097/mlr.0000000000001772",1,1,1
"10.1016/j.techfore.2015.06.011",1,1,1
"10.1016/j.ifacol.2018.11.757",1,1,1
"10.1137/080719376",1,1,1
"10.1111/ens.12294",2,0,0
"10.1007/978-3-319-07581-5_1",1,1,1
"10.1115/detc2009-86951",2,0,0
"10.1109/tvcg.2019.2946769",1,1,1
"10.17559/tv-20160117100949",1,1,1
"10.1016/j.jmarsys.2009.12.009",1,1,1
"10.3390/heritage4030118",1,1,1
"10.1016/j.simpat.2023.102750",1,1,1
"10.1038/s41598-021-83492-7",1,1,1
"10.1016/j.ecoinf.2010.11.004",1,1,1
"10.1006/jpdc.2000.1718",1,1,1
"10.1177/0959651816655039",1,1,1
"10.1016/j.enbuild.2012.09.042",1,1,1
"10.1109/lcsys.2019.2944128",1,1,1
"10.1371/journal.pcbi.1004522",1,1,1
"10.1007/s11116-015-9644-8",1,1,1
"10.1007/s10619-009-7036-9",1,1,1
"10.1080/0951192x.2015.1067921",1,1,1
"10.1155/2021/2444363",1,1,1
"10.1155/2020/6857891",1,1,1
"10.1109/tpwrs.2012.2194314",1,1,1
"10.1007/978-3-319-51957-9_3",1,1,1
"10.1080/03081060.2011.565171",1,1,1
"10.1016/j.inffus.2009.09.002",1,1,1
"10.1680/tran.2007.160.3.125",1,1,1
"10.3354/meps12595",1,1,1
"10.1016/j.procs.2013.06.014",1,1,1
"10.1016/j.jval.2021.08.012",1,1,1
"10.1016/j.jtbi.2021.110715",1,1,1
"10.1016/j.apm.2012.10.054",1,1,1
"10.1109/icic.2009.57",1,1,1
"10.1186/s12918-017-0516-z",1,1,1
"10.1016/j.ijepes.2019.105660",1,1,1
"10.1007/978-3-319-75417-8_35",1,1,1
"10.1016/j.applthermaleng.2019.02.113",1,1,1
"10.3846/16111699.2012.701227",1,1,1
"10.1049/iet-cta.2014.0484",1,1,1
"10.1016/j.cma.2019.112700",1,1,1
"10.1117/12.279576",1,1,1
"10.1016/j.jval.2010.09.009",1,1,1
"10.12759/hsr.43.2018.1.285-307",1,1,1
"10.1061/(asce)co.1943-7862.0001421",1,1,1
"10.1007/s11721-017-0135-8",1,1,1
"10.1111/fme.12342",1,1,1
"10.1007/s10458-008-9060-y",1,1,1
"10.1080/13696998.2020.1721508",1,1,1
"10.1007/s10682-022-10166-9",1,1,1
"10.1109/access.2019.2941508",1,1,1
"10.1038/srep03112",1,1,1
"10.1371/journal.pcbi.1004707",1,1,1
"10.3390/su10030653",1,1,1
"10.1016/j.ecolmodel.2017.02.006",1,1,1
"10.1007/978-3-319-94120-2_49",1,1,1
"10.1016/j.procs.2016.05.523",1,1,1
"10.1177/089443902237319",1,1,1
"10.1080/17419166.2022.2097076",1,1,1
"10.1109/cdc51059.2022.9992846",1,1,1
"10.3390/app13085018",1,1,1
"10.2166/hydro.2019.007",1,1,1
"10.1007/s11071-022-07505-4",1,1,1
"10.1186/2194-3206-1-10",1,1,1
"10.1890/08-2235.1",1,1,1
"10.1016/j.jtrangeo.2011.05.006",1,1,1
"10.1111/gean.12000",1,1,1
"10.1155/2014/424537",1,1,1
"10.1016/j.simpat.2009.09.012",1,1,1
"10.1007/978-3-030-02607-3_42",1,1,1
"10.1109/tnnls.2016.2610140",1,1,1
"10.1016/j.automatica.2019.108501",1,1,1
"10.1016/j.ejor.2019.05.040",1,1,1
"10.1016/j.eswa.2014.04.048",1,1,1
"10.1111/j.1365-2664.2007.01439.x",1,1,1
"10.1016/j.ecolmodel.2013.08.006",1,1,1
"10.3390/app7111102",1,1,1
"10.1111/ddi.12460",1,1,1
"10.18564/jasss.2717",1,1,1
"10.1016/j.iot.2019.01.001",1,1,1
"10.1016/j.jsr.2022.01.002",1,1,1
"10.1155/2013/706919",1,1,1
"10.1007/s40571-018-0199-2",1,1,1
"10.5198/jtlu.2015.806",1,1,1
"10.1109/jsee.2012.00073",1,1,1
"10.1016/j.estger.2017.11.003",1,1,1
"10.3934/mbe.2008.5.743",1,1,1
"10.1016/j.jtbi.2007.05.030",1,1,1
"10.1109/tnse.2017.2691405",1,1,1
"10.1109/access.2021.3106233",1,1,1
"10.1093/icc/dtx029",1,1,1
"10.1007/s00181-015-1003-2",1,1,1
"10.3389/frobt.2022.1006786",1,1,1
"10.1108/s1049-258520190000027005",1,1,1
"10.1109/tcyb.2015.2424257",1,1,1
"10.1038/s41598-022-25480-z",1,1,1
"10.1080/13658816.2013.826360",1,1,1
"10.1109/lra.2022.3184795",1,1,1
"10.1890/08-0651.1",1,1,1
"10.1016/j.marpolbul.2023.114721",1,1,1
"10.1016/j.automatica.2012.08.018",1,1,1
"10.1086/688170",1,1,1
"10.1007/978-3-319-44944-9_31",1,1,1
"10.1007/s00198-020-05780-8",1,1,1
"10.1155/2021/6123989",1,1,1
"10.1142/s0219525910002633",1,1,1
"10.3897/neobiota.74.82394",1,1,1
"10.1016/j.procs.2019.12.180",1,1,1
"10.7866/hpe-rpe.17.3.1",1,1,1
"10.1016/j.simpat.2014.07.009",1,1,1
"10.1007/s00191-010-0196-y",1,1,1
"10.1002/sys.21434",1,1,1
"10.1016/j.compedu.2018.08.020",1,1,1
"10.1016/j.asoc.2019.105628",1,1,1
"10.1016/j.ecoinf.2010.08.003",1,1,1
"10.1053/j.gastro.2017.12.012",1,1,1
"10.1016/j.jedc.2010.06.018",1,1,1
"10.1108/jrf-03-2015-0029",1,1,1
"10.3390/en81112315",1,1,1
"10.1027/1614-2241/a000127",1,1,1
"10.1016/j.socnet.2015.11.001",1,1,1
"10.1080/00220380412331322841",1,1,1
"10.5198/jtlu.2021.1853",1,1,1
"10.1016/j.scs.2022.104263",1,1,1
"10.3901/cjme.2014.02.304",1,1,1
"10.1109/ieem.2017.8290097",2,0,0
"10.1016/j.swevo.2023.101229",1,1,1
"10.1016/j.softx.2020.100555",1,1,1
"10.3934/krm.2012.5.817",1,1,1
"10.1007/s12652-018-0944-7",1,1,1
"10.1016/j.ecolmodel.2015.01.011",1,1,1
"10.1016/j.ijepes.2020.106493",1,1,1
"10.1016/j.jtbi.2009.03.008",1,1,1
"10.1016/s0001-4575(03)00005-8",1,1,1
"10.3991/ijoe.v18i06.29565",1,1,1
"10.1016/j.ejcon.2021.04.003",1,1,1
"10.3390/en14092684",1,1,1
"10.1016/j.crvi.2008.08.010",1,1,1
"10.1016/j.biombioe.2022.106418",1,1,1
"10.1016/j.simpat.2022.102510",1,1,1
"10.4028/www.scientific.net/amr.186.489",1,1,1
"10.3390/app10155329",1,1,1
"10.1016/j.jclepro.2020.121247",1,1,1
"10.1017/s0021859608008022",1,1,1
"10.3141/2561-02",1,1,1
"10.1007/978-981-19-2635-8_65",1,1,1
"10.1016/j.eja.2013.09.019",1,1,1
"10.1016/j.ecolmodel.2010.01.009",1,1,1
"10.1016/j.foreco.2009.03.002",1,1,1
"10.1109/icmtma.2015.212",1,1,1
"10.3389/fimmu.2021.661990",1,1,1
"10.1111/ele.12430",1,1,1
"10.1109/access.2022.3158758",1,1,1
"10.1007/s11721-017-0142-9",1,1,1
"10.1016/j.biocon.2013.12.004",1,1,1
"10.1109/compsac.2019.10262",1,1,1
"10.1016/j.ecolmodel.2022.110215",1,1,1
"10.1007/s10270-017-0627-4",1,1,1
"10.1103/physreve.81.046111",1,1,1
"10.1111/hsc.12394",1,1,1
"10.1007/978-981-16-4884-7_42",1,1,1
"10.1016/j.ecss.2020.107035",1,1,1
"10.1155/2022/8265296",1,1,1
"10.1016/j.apm.2020.06.079",1,1,1
"10.1007/s00191-023-00811-z",1,1,1
"10.1007/s12555-021-0438-9",1,1,1
"10.1142/s0219877013400294",1,1,1
"10.1109/tste.2016.2539213",1,1,1
"10.1111/j.1461-0248.2010.01496.x",1,1,1
"10.1185/03007990802224762",1,1,1
"10.1016/j.eswa.2011.08.152",1,1,1
"10.1080/19439962.2022.2061095",1,1,1
"10.1111/1759-3441.12016",1,1,1
"10.1002/rnc.1847",1,1,1
"10.1109/iske.2008.4731130",1,1,1
"10.32604/iasc.2021.015461",1,1,1
"10.1016/j.ecolmodel.2020.109322",1,1,1
"10.1371/journal.pmed.1001582",1,1,1
"10.2495/cr080051",1,1,1
"10.1007/s10916-015-0350-z",1,1,1
"10.1142/s0219525920500022",1,1,1
"10.1016/j.ecolecon.2020.106687",1,1,1
"10.1007/978-3-319-19629-9_2",1,1,1
"10.1016/j.neucom.2016.06.019",1,1,1
"10.1177/0037549718800583",1,1,1
"10.1109/tits.2019.2903824",1,1,1
"10.1080/0952813x.2017.1292319",1,1,1
"10.1080/20548923.2018.1504490",1,1,1
"10.1109/tits.2018.2869085",1,1,1
"10.1016/j.ecolmodel.2017.10.017",1,1,1
"10.1109/ichqp53011.2022.9808715",1,1,1
"10.1186/s13677-018-0116-5",1,1,1
"10.1177/0894439310370084",1,1,1
"10.1115/1.4054722",2,0,0
"10.1016/j.ins.2006.08.007",1,1,1
"10.1080/07294360.2015.1011088",1,1,1
"10.1016/j.jmsy.2012.05.002",1,1,1
"10.1111/nrm.12305",1,1,1
"10.1080/00207179.2014.928947",1,1,1
"10.1177/0894439306293820",1,1,1
"10.1016/j.foodchem.2018.04.016",1,1,1
"10.1016/j.ecolmodel.2020.109393",1,1,1
"10.3390/w11020254",1,1,1
"10.1016/j.autcon.2019.102938",1,1,1
"10.1007/s00198-016-3772-7",1,1,1
"10.1016/j.entcs.2009.02.005",1,1,1
"10.1037/amp0000245",1,1,1
"10.1080/1365881031000135474",1,1,1
"10.1093/comnet/cny022",1,1,1
"10.1002/atr.161",1,1,1
"10.1109/icstcc50638.2020.9259694",1,1,1
"10.1016/j.ufug.2021.127435",1,1,1
"10.1001/jamanetworkopen.2022.18189",1,1,1
"10.1109/ds-rt.2009.29",1,1,1
"10.1097/qai.0000000000001354",1,1,1
"10.1016/j.ijcard.2011.09.066",1,1,1
"10.1086/339990",1,1,1
"10.3389/fams.2023.1058273",1,1,1
"10.1103/physreve.90.032817",1,1,1
"10.1109/tcss.2022.3163164",1,1,1
"10.1109/tcsi.2011.2106032",1,1,1
"10.1111/jiec.12234",1,1,1
"10.1007/s11071-015-2255-2",1,1,1
"10.1016/j.simpat.2016.10.007",1,1,1
"10.1016/j.compenvurbsys.2021.101662",1,1,1
"10.1016/j.promfg.2020.02.026",1,1,1
"10.1016/j.ajog.2016.10.012",1,1,1
"10.3390/systems10040105",1,1,1
"10.1109/tcyb.2018.2800297",1,1,1
"10.23919/springsim.2019.8732925",2,0,0
"10.1016/j.jpolmod.2013.10.014",1,1,1
"10.3390/land11050643",1,1,1
"10.1177/0022146514532817",1,1,1
"10.1109/iscid.2017.113",1,1,1
"10.1086/684158",1,1,1
"10.1016/j.jtte.2018.05.003",1,1,1
"10.1155/2020/4073273",1,1,1
"10.3846/16484142.2012.697442",1,1,1
"10.1080/00207179.2013.873952",1,1,1
"10.1016/j.anbehav.2014.07.022",1,1,1
"10.1017/s0950268815003180",1,1,1
"10.1109/tsmca.2011.2164522",1,1,1
"10.1163/22105832-00602005",1,1,1
"10.1080/00207171003736279",1,1,1
"10.1021/acs.est.6b01113",1,1,1
"10.1007/s10530-004-2954-y",1,1,1
"10.1098/rsos.150589",1,1,1
"10.1177/03611981231186988",1,1,1
"10.1007/s11424-012-0329-5",1,1,1
"10.1186/s12874-021-01395-7",1,1,1
"10.3390/jmse6040109",1,1,1
"10.1002/etc.614",1,1,1
"10.1007/978-3-319-19644-2_27",1,1,1
"10.1111/j.2041-210x.2010.00049.x",1,1,1
"10.1016/j.landusepol.2020.105237",1,1,1
"10.1007/s12555-020-0343-7",1,1,1
"10.1016/j.ccr.2014.07.017",1,1,1
"10.1109/iwcmc51323.2021.9498612",1,1,1
"10.1016/j.heliyon.2022.e09409",1,1,1
"10.1007/s11768-020-00007-x",1,1,1
"10.1007/s10614-020-10017-1",1,1,1
"10.1890/07-1900.1",1,1,1
"10.1007/978-3-319-74060-7_5",1,1,1
"10.1016/j.eswa.2011.11.108",1,1,1
"10.1016/j.landusepol.2012.06.017",1,1,1
"10.1080/14697688.2017.1380310",1,1,1
"10.1155/2016/2756046",1,1,1
"10.1109/taes.2018.2808118",1,1,1
"10.4186/ej.2018.22.4.177",1,1,1
"10.1109/access.2019.2946659",1,1,1
"10.17221/120/2019-agricecon",1,1,1
"10.1177/1687814019831913",1,1,1
"10.1007/s10614-010-9229-8",1,1,1
"10.2298/csis191220009g",1,1,1
"10.3390/ijerph19106284",1,1,1
"10.1007/s10956-016-9616-6",1,1,1
"10.1109/access.2019.2901837",1,1,1
"10.1007/s11098-018-1124-5",1,1,1
"10.1080/13696998.2020.1851556",1,1,1
"10.1016/j.ecolmodel.2018.01.006",1,1,1
"10.1016/j.jebo.2003.03.005",1,1,1
"10.1016/j.compind.2023.103981",1,1,1
"10.1109/melecon53508.2022.9842932",1,1,1
"10.1139/cjce-2017-0686",1,1,1
"10.1007/978-3-030-88081-1_20",1,1,1
"10.3389/fphar.2021.802942",1,1,1
"10.1080/00207543.2014.910623",1,1,1
"10.1016/j.scs.2022.103832",1,1,1
"10.1109/jsyst.2010.2048653",1,1,1
"10.1007/s00354-012-303-8",1,1,1
"10.1080/088395101753242688",1,1,1
"10.1016/j.eswa.2010.12.024",1,1,1
"10.1016/j.ecolmodel.2020.109139",1,1,1
"10.20965/jaciii.2011.p0165",1,1,1
"10.1016/j.eswa.2010.12.013",1,1,1
"10.3233/mgs-140220",1,1,1
"10.3141/2478-07",1,1,1
"10.1016/j.jss.2015.06.008",1,1,1
"10.1016/j.ifacol.2020.12.1588",1,1,1
"10.1007/s10961-016-9466-7",1,1,1
"10.1111/padr.12315",1,1,1
"10.1177/0272989x14543106",1,1,1
"10.3390/info3030331",1,1,1
"10.1109/tcyb.2019.2895044",1,1,1
"10.1111/j.1365-2486.2010.02366.x",1,1,1
"10.1016/j.simpat.2023.102789",1,1,1
"10.1145/2576768.2598239",1,1,1
"10.1080/13658816.2016.1158822",1,1,1
"10.1016/j.simpat.2014.09.005",1,1,1
"10.1007/s10614-017-9721-5",1,1,1
"10.1007/978-3-030-01159-8_19",1,1,1
"10.1016/j.ejor.2014.11.006",1,1,1
"10.1109/tro.2006.878948",1,1,1
"10.1007/978-3-319-91899-0_11",1,1,1
"10.3390/su11092542",1,1,1
"10.1016/j.ecolmodel.2010.01.015",1,1,1
"10.1057/jos.2012.26",1,1,1
"10.3390/s18010141",1,1,1
"10.1080/17477778.2022.2035275",1,1,1
"10.1080/00207179.2012.723136",1,1,1
"10.1016/j.apenergy.2017.03.047",1,1,1
"10.3390/app9061089",1,1,1
"10.1007/s11071-023-08493-9",1,1,1
"10.1016/j.ifacol.2022.09.401",1,1,1
"10.1007/978-3-319-72727-1_10",1,1,1
"10.17559/tv-20190131115411",1,1,1
"10.1155/2014/241684",1,1,1
"10.1002/rnc.3959",1,1,1
"10.1007/978-3-319-24309-2_9",1,1,1
"10.1002/ett.3941",1,1,1
"10.1007/978-0-85729-024-3_30",1,1,1
"10.1177/1090198113493090",1,1,1
"10.1038/s41598-020-66465-0",1,1,1
"10.1016/j.eswa.2014.02.032",1,1,1
"10.1089/pop.2021.0185",1,1,1
"10.1177/1043463110387268",1,1,1
"10.1109/tac.2019.2946338",1,1,1
"10.1016/j.apenergy.2012.04.022",1,1,1
"10.3390/math10234581",1,1,1
"10.1177/15485129231189286",1,1,1
"10.1016/j.prevetmed.2011.12.016",1,1,1
"10.1016/0306-4379(96)00008-7",1,1,1
"10.1016/j.neucom.2019.11.122",1,1,1
"10.1001/jamanetworkopen.2021.0361",1,1,1
"10.1109/tac.2013.2294621",1,1,1
"10.18564/jasss.3240",1,1,1
"10.1109/access.2021.3055284",1,1,1
"10.1016/j.ecolmodel.2005.08.025",1,1,1
"10.1109/icais.2009.19",1,1,1
"10.1080/03081060.2014.897128",1,1,1
"10.1371/journal.pmed.1003239",1,1,1
"10.1016/j.procs.2017.01.213",1,1,1
"10.1016/j.trpro.2020.02.014",1,1,1
"10.1111/evo.14431",1,1,1
"10.1002/aic.16661",1,1,1
"10.1046/j.1365-2664.2002.00737.x",1,1,1
"10.1049/iet-syb:20070073",1,1,1
"10.1016/j.ecolecon.2012.02.009",1,1,1
"10.1016/j.procs.2017.08.117",1,1,1
"10.1016/j.procs.2015.05.292",1,1,1
"10.1016/j.ast.2020.105910",1,1,1
"10.1504/ijstl.2023.132647",1,1,1
"10.3390/systems10060212",1,1,1
"10.1111/jai.12774",1,1,1
"10.1016/j.socscimed.2022.114960",1,1,1
"10.1111/j.1467-2979.2011.00413.x",1,1,1
"10.1142/s0219525918500121",1,1,1
"10.1093/ajae/aau119",1,1,1
"10.1007/s10489-014-0532-2",1,1,1
"10.1016/j.tranpol.2021.10.006",1,1,1
"10.1002/jia2.25690",1,1,1
"10.1109/tcss.2020.2986161",1,1,1
"10.1002/hec.4741",1,1,1
"10.1016/j.eswa.2022.119124",1,1,1
"10.1016/j.jobe.2020.101431",1,1,1
"10.1016/j.neucom.2023.126382",1,1,1
"10.1007/s42001-019-00049-5",1,1,1
"10.1049/cth2.12255",1,1,1
"10.1111/evo.13007",1,1,1
"10.1016/j.watres.2018.04.018",1,1,1
"10.1109/access.2017.2768439",1,1,1
"10.3233/978-1-61499-096-3-83",1,1,1
"10.1111/1365-2435.13602",1,1,1
"10.1155/2018/3568085",1,1,1
"10.1016/j.ins.2018.03.028",1,1,1
"10.1109/tase.2022.3183681",1,1,1
"10.1016/j.ins.2007.01.002",1,1,1
"10.1002/jia2.25499",1,1,1
"10.1371/journal.pmed.1002586",1,1,1
"10.1016/0304-3800(92)90059-n",1,1,1
"10.1007/s10980-005-1622-7",1,1,1
"10.1109/tcyb.2017.2713387",1,1,1
"10.1016/j.enconman.2018.08.111",1,1,1
"10.1007/s11069-017-3034-9",1,1,1
"10.1016/j.jtbi.2009.10.007",1,1,1
"10.1109/cw.2005.13",1,1,1
"10.1155/2015/457386",1,1,1
"10.1177/0160017620946095",1,1,1
"10.1142/s0129054112500220",1,1,1
"10.1016/s0304-3800(97)00084-7",1,1,1
"10.1016/j.cie.2019.04.054",1,1,1
"10.1080/14498596.2016.1147393",1,1,1
"10.1007/s00366-018-0583-9",1,1,1
"10.1016/j.vehcom.2020.100267",1,1,1
"10.1016/j.future.2019.04.037",1,1,1
"10.3390/app7101095",1,1,1
"10.1007/s10846-013-9996-2",1,1,1
"10.1111/j.2041-210x.2012.00193.x",1,1,1
"10.1016/j.asoc.2011.09.016",1,1,1
"10.1093/jigpal/jzq028",1,1,1
"10.1016/j.aap.2022.106878",1,1,1
"10.1016/j.scitotenv.2020.138030",1,1,1
"10.1142/s1793962318500526",1,1,1
"10.5751/es-09205-220206",1,1,1
"10.1097/01.ta.0000197389.94466.04",1,1,1
"10.1007/s11277-020-07418-8",1,1,1
"10.1016/j.jenvman.2014.11.028",1,1,1
"10.1587/transfun.e92.a.1558",1,1,1
"10.3389/fbuil.2019.00075",1,1,1
"10.1007/bf01061092",1,1,1
"10.1109/cbms.2017.157",1,1,1
"10.1186/1471-2458-6-213",1,1,1
"10.1016/s0167-9236(02)00146-x",1,1,1
"10.1177/0361198120948057",1,1,1
"10.1371/journal.pone.0205445",1,1,1
"10.1007/s42001-021-00127-7",1,1,1
"10.1016/j.ijpe.2015.12.013",1,1,1
"10.1080/24751839.2019.1620024",1,1,1
"10.1016/j.simpat.2017.12.012",1,1,1
"10.1016/s0167-739x(99)00119-3",1,1,1
"10.1163/156855306777951456",1,1,1
"10.1007/s11036-023-02183-x",1,1,1
"10.1016/j.ecolmodel.2009.04.030",1,1,1
"10.5751/es-06243-190231",1,1,1
"10.1186/1742-4682-8-33",1,1,1
"10.1080/07352166.2020.1851139",1,1,1
"10.1007/s11424-008-9117-7",1,1,1
"10.1109/tits.2009.2033128",1,1,1
"10.1016/j.joca.2015.05.029",1,1,1
"10.1002/suco.202100286",1,1,1
"10.1109/access.2023.3295829",2,0,0
"10.1007/s10845-011-0609-2",1,1,1
"10.1016/j.automatica.2014.10.127",1,1,1
"10.1007/s00422-021-00859-9",1,1,1
"10.1016/j.aej.2022.12.045",1,1,1
"10.1016/j.jfranklin.2020.07.029",1,1,1
"10.3390/electronics11172797",1,1,1
"10.3934/krm.2022032",1,1,1
"10.1098/rsif.2020.0987",1,1,1
"10.1016/j.micpro.2022.104431",1,1,1
"10.1177/03611981211006104",1,1,1
"10.1007/s10796-020-10076-7",1,1,1
"10.1590/s0101-81752008000100005",1,1,1
"10.1002/ijc.33716",1,1,1
"10.1109/tits.2022.3189554",1,1,1
"10.1049/itr2.12375",1,1,1
"10.1111/ecog.04516",1,1,1
"10.7326/0003-4819-157-9-201211060-00005",1,1,1
"10.1371/journal.pone.0211245",1,1,1
"10.1007/s11432-010-4140-4",1,1,1
"10.1177/0886260519900943",1,1,1
"10.1186/1471-2334-9-117",1,1,1
"10.3233/jifs-222305",1,1,1
"10.1016/j.ecolmodel.2020.109009",1,1,1
"10.1109/tcyb.2022.3165212",2,0,0
"10.1155/2019/8201396",1,1,1
"10.1109/tcyb.2017.2702635",1,1,1
"10.1057/jos.2013.21",1,1,1
"10.1007/s00034-016-0313-8",1,1,1
"10.1093/beheco/13.3.427",1,1,1
"10.1016/j.hal.2015.11.011",1,1,1
"10.3390/f9040214",1,1,1
"10.1016/j.eswa.2007.07.054",1,1,1
"10.4018/joeuc.2018100105",1,1,1
"10.1109/tii.2005.843825",1,1,1
"10.3390/ijerph17093119",1,1,1
"10.1016/j.compeleceng.2022.107749",1,1,1
"10.1007/s00521-013-1491-y",1,1,1
"10.1016/j.engappai.2016.01.002",1,1,1
"10.1371/journal.pone.0217213",1,1,1
"10.1142/s012918311001494x",1,1,1
"10.1016/j.specom.2021.09.003",1,1,1
"10.1086/700577",1,1,1
"10.1080/15732471003640477",1,1,1
"10.3233/apc200029",1,1,1
"10.1016/j.gie.2012.01.014",1,1,1
"10.21101/cejph.a3877",1,1,1
"10.1016/j.engappai.2023.106068",1,1,1
"10.3390/su14010428",1,1,1
"10.1016/j.socec.2022.101967",1,1,1
"10.1177/0272989x05282719",1,1,1
"10.1177/1478077118805874",1,1,1
"10.1016/j.mex.2020.101030",1,1,1
"10.1016/j.procs.2019.12.172",1,1,1
"10.1016/j.dss.2012.02.003",1,1,1
"10.1016/j.trpro.2016.06.034",1,1,1
"10.1007/978-3-319-65340-2_3",1,1,1
"10.1111/2041-210x.13098",1,1,1
"10.1034/j.1600-0706.2000.900312.x",1,1,1
"10.1109/tac.2016.2626979",1,1,1
"10.1007/978-3-319-73150-6_14",1,1,1
"10.1007/978-3-319-78759-6_39",1,1,1
"10.1080/01969722.2011.610705",1,1,1
"10.1109/access.2023.3300806",2,0,0
"10.1049/iet-its.2019.0546",1,1,1
"10.1016/j.landurbplan.2015.08.012",1,1,1
"10.1186/s12889-015-2606-4",1,1,1
"10.1177/0260107917698781",1,1,1
"10.1007/s40273-022-01238-3",1,1,1
"10.1002/asjc.1007",1,1,1
"10.1016/j.compind.2016.04.007",1,1,1
"10.1016/j.jtbi.2013.08.014",1,1,1
"10.3390/e25050791",1,1,1
"10.3390/su11143822",1,1,1
"10.1111/1467-8268.12058",1,1,1
"10.1109/tie.2017.2752148",1,1,1
"10.1142/s1793005720500192",1,1,1
"10.1109/tcns.2019.2903005",1,1,1
"10.1016/j.ifacol.2021.06.092",1,1,1
"10.3390/s20185198",1,1,1
"10.1016/j.jebo.2017.04.013",1,1,1
"10.1016/j.ijcha.2021.100851",1,1,1
"10.1016/j.scico.2017.05.008",1,1,1
"10.3390/su9040521",1,1,1
"10.1007/978-3-031-22419-5_5",1,1,1
"10.1007/s005350050227",1,1,1
"10.1371/journal.pcbi.1007611",1,1,1
"10.1097/qad.0000000000002199",1,1,1
"10.1007/s12652-020-02237-y",1,1,1
"10.1016/j.biocon.2006.11.002",1,1,1
"10.1016/j.ijtst.2021.03.006",1,1,1
"10.1007/s00521-016-2354-0",1,1,1
"10.1111/j.1475-4932.1992.tb01783.x",1,1,1
"10.1016/j.jenvman.2010.07.041",1,1,1
"10.1111/jeb.13882",1,1,1
"10.1016/j.ecoinf.2014.09.011",1,1,1
"10.1007/s11434-010-0107-5",1,1,1
"10.1016/s2214-109x(21)00025-5",1,1,1
"10.1577/t08-068.1",1,1,1
"10.1080/00220380701466666",1,1,1
"10.1166/asl.2016.7053",1,1,1
"10.3390/en81212411",1,1,1
"10.1016/j.ijdrr.2019.101105",1,1,1
"10.1016/0304-3800(94)00144-8",1,1,1
"10.1111/eth.12732",1,1,1
"10.1108/01443570610710588",1,1,1
"10.3141/2035-07",1,1,1
"10.1006/game.2000.0799",1,1,1
"10.1016/j.scs.2020.102551",1,1,1
"10.3389/fpsyg.2019.01635",1,1,1
"10.1016/j.sigpro.2022.108805",0,2,0
"10.1371/journal.pone.0250050",1,1,1
"10.1016/j.ifacol.2020.12.1117",1,1,1
"10.1007/978-3-030-84245-1_27",1,1,1
"10.1068/a4147",1,1,1
"10.1007/s00191-013-0317-5",1,1,1
"10.3233/idt-130174",1,1,1
"10.1016/j.amc.2013.03.098",1,1,1
"10.1162/jiec.2006.10.4.37",1,1,1
"10.1017/s0890060404040119",1,1,1
"10.1007/s12555-018-0005-1",1,1,1
"10.1016/j.cie.2022.108034",1,1,1
"10.1007/s00894-014-2248-y",1,1,1
"10.1371/journal.pone.0264704",1,1,1
"10.1109/tnnls.2021.3135952",1,1,1
"10.1186/1476-072x-8-11",1,1,1
"10.1080/23308249.2023.2201635",1,1,1
"10.3390/s19030520",1,1,1
"10.1016/j.automatica.2020.109149",1,1,1
"10.1093/jeg/lbr002",1,1,1
"10.1371/journal.pone.0219502",1,1,1
"10.18564/jasss.2849",1,1,1
"10.1016/j.joep.2010.04.005",1,1,1
"10.1098/rsfs.2012.0027",1,1,1
"10.1093/cid/cix962",1,1,1
"10.1142/s0218843002000595",1,1,1
"10.1109/lcsys.2021.3090980",2,0,0
"10.1111/faf.12776",1,1,1
"10.1016/j.jtbi.2014.07.005",1,1,1
"10.3906/elk-1711-228",1,1,1
"10.1098/rsfs.2014.0077",1,1,1
"10.1287/trsc.2014.0526",1,1,1
"10.3390/drones6050104",1,1,1
"10.1007/s40692-018-0119-8",1,1,1
"10.1371/journal.pone.0119132",1,1,1
"10.1016/j.agsy.2021.103138",1,1,1
"10.1371/journal.pone.0121888",1,1,1
"10.1016/j.ins.2016.02.038",1,1,1
"10.1080/09537320903438054",1,1,1
"10.3390/en16010224",1,1,1
"10.3390/en13071617",1,1,1
"10.1002/ece3.7486",1,1,1
"10.3390/su142416436",1,1,1
"10.1049/iet-cta.2014.1092",1,1,1
"10.1007/978-3-319-47253-9_14",1,1,1
"10.1080/08898480.2010.490996",1,1,1
"10.1016/j.ocecoaman.2018.11.008",1,1,1
"10.1016/j.automatica.2019.03.032",1,1,1
"10.1007/978-3-319-97679-2_17",1,1,1
"10.1016/j.jbi.2011.02.011",1,1,1
"10.1371/journal.pone.0104037",1,1,1
"10.1016/j.procs.2013.05.015",1,1,1
"10.1109/tase.2021.3060075",1,1,1
"10.1109/tnnls.2017.2651402",1,1,1
"10.1155/2022/5012962",1,1,1
"10.1016/j.cities.2022.104161",1,1,1
"10.3390/en16135004",1,1,1
"10.1007/s10822-005-9029-8",1,1,1
"10.1080/03081060.2018.1541279",1,1,1
"10.1109/lcsys.2020.3004920",1,1,1
"10.1007/s00265-008-0694-1",1,1,1
"10.1016/j.aei.2014.03.005",1,1,1
"10.1016/j.vaccine.2020.10.067",1,1,1
"10.1007/s10654-004-1009-0",1,1,1
"10.1007/978-3-030-36708-4_54",1,1,1
"10.3390/su9060893",1,1,1
"10.1016/j.watres.2022.118814",1,1,1
"10.1007/s11518-007-5043-9",1,1,1
"10.1103/physreve.99.052124",1,1,1
"10.1016/j.ecolmodel.2008.09.005",1,1,1
"10.3991/ijoe.v17i12.25455",1,1,1
"10.1080/00207179.2021.1894487",1,1,1
"10.1109/icscse.2017.51",1,1,1
"10.1007/978-3-319-28564-1_7",1,1,1
"10.1177/14613484211032758",1,1,1
"10.1007/s11156-017-0631-3",1,1,1
"10.1179/1942786713z.0000000008",1,1,1
"10.1007/s10489-017-0952-x",1,1,1
"10.1016/j.neucom.2019.06.002",1,1,1
"10.1016/j.envsci.2011.11.005",1,1,1
"10.3390/w13091258",1,1,1
"10.1111/eva.12568",1,1,1
"10.1016/j.sysconle.2013.06.011",1,1,1
"10.22452/mjcs.vol32no3.5",1,1,1
"10.3390/su11082261",1,1,1
"10.1002/eej.22821",1,1,1
"10.1002/rnc.3689",1,1,1
"10.1007/s12555-022-0402-3",2,0,0
"10.1016/j.neucom.2017.12.024",1,1,1
"10.1109/tcyb.2021.3089712",1,1,1
"10.1002/rnc.6396",1,1,1
"10.1109/aqtr.2008.4588943",1,1,1
"10.1007/s11023-020-09527-6",1,1,1
"10.1177/1756829319837668",1,1,1
"10.1371/journal.pntd.0006624",1,1,1
"10.3390/app8010067",1,1,1
"10.1016/j.matcom.2010.04.018",1,1,1
"10.1111/acem.12648",1,1,1
"10.1061/(asce)be.1943-5592.0000546",1,1,1
"10.1145/2961111.2962617",1,1,1
"10.1016/j.trb.2016.04.001",1,1,1
"10.1109/tac.2019.2914025",1,1,1
"10.1080/09700161.2013.737518",1,1,1
"10.3168/jds.2018-14990",1,1,1
"10.1080/00207540500410051",1,1,1
"10.24425/mper.2023.146027",1,1,1
"10.1186/s12913-021-07324-0",1,1,1
"10.1016/j.jmsy.2023.01.008",1,1,1
"10.1109/kimas.2007.369846",1,1,1
"10.1007/s10614-009-9173-7",1,1,1
"10.1016/j.trpro.2018.11.043",1,1,1
"10.1179/1942787515y.0000000008",1,1,1
"10.1109/ines.2007.4283690",1,1,1
"10.7148/2013-0888",1,1,1
"10.1109/tii.2012.2228870",1,1,1
"10.1016/s0377-2217(96)00092-6",1,1,1
"10.1007/s12008-022-00927-9",1,1,1
"10.3233/ia-210126",1,1,1
"10.1109/tsg.2016.2553146",1,1,1
"10.1109/aims.2013.14",1,1,1
"10.1371/journal.pone.0175532",1,1,1
"10.1016/j.simpat.2004.11.008",1,1,1
"10.1016/j.autcon.2020.103395",1,1,1
"10.1016/j.energy.2015.12.033",1,1,1
"10.1016/j.trd.2008.09.014",1,1,1
"10.1080/088395198117839",1,1,1
"10.1016/j.labeco.2005.11.002",1,1,1
"10.1016/j.socnet.2017.11.001",1,1,1
"10.1080/19312458.2020.1768519",1,1,1
"10.1016/j.conbuildmat.2023.130644",1,1,1
"10.1109/icima.2009.5156549",1,1,1
"10.1086/683338",1,1,1
"10.18564/jasss.3726",1,1,1
"10.1016/j.jtte.2023.04.002",2,0,0
"10.1007/s00170-005-0345-x",1,1,1
"10.1109/tcyb.2018.2869706",1,1,1
"10.1007/s13278-014-0218-0",1,1,1
"10.1111/j.1444-2906.2005.00932.x",1,1,1
"10.1061/(asce)me.1943-5479.0000938",1,1,1
"10.1049/iet-gtd.2017.1907",1,1,1
"10.1016/j.apenergy.2014.04.024",1,1,1
"10.1186/1471-2458-14-220",1,1,1
"10.1177/0037549713485499",1,1,1
"10.1038/srep00335",1,1,1
"10.2105/ajph.2005.063289",1,1,1
"10.1016/j.jclepro.2021.130073",1,1,1
"10.1007/s40808-017-0271-6",1,1,1
"10.1007/s12083-018-0690-9",1,1,1
"10.1186/s10033-019-0364-4",1,1,1
"10.1016/s1049-2585(06)13003-3",1,1,1
"10.1109/tcyb.2021.3114177",1,1,1
"10.1109/tac.2019.2962092",1,1,1
"10.1016/j.compenvurbsys.2015.08.005",1,1,1
"10.1016/j.jclepro.2019.119897",1,1,1
"10.1109/jsen.2020.3020889",1,1,1
"10.1016/j.ins.2014.07.021",1,1,1
"10.1016/j.jhydrol.2018.08.045",1,1,1
"10.1016/j.pan.2022.05.003",1,1,1
"10.1017/ice.2023.94",1,1,1
"10.1016/j.ecolmodel.2012.06.004",1,1,1
"10.1016/j.jtbi.2008.05.038",1,1,1
"10.1007/s10797-012-9259-3",1,1,1
"10.1007/3-540-34824-7_10",1,1,1
"10.4269/ajtmh.14-0691",1,1,1
"10.1016/j.ipm.2021.102786",1,1,1
"10.1016/j.physa.2017.06.024",1,1,1
"10.1371/journal.pone.0209907",1,1,1
"10.1155/2015/984047",1,1,1
"10.1136/amiajnl-2012-001107",1,1,1
"10.3390/buildings13020400",1,1,1
"10.1109/tpds.2020.2964256",1,1,1
"10.1016/s0304-3800(01)00363-5",1,1,1
"10.1007/s11657-021-01019-z",1,1,1
"10.3390/e24111591",1,1,1
"10.1007/s10845-011-0532-6",1,1,1
"10.1109/tii.2022.3151772",1,1,1
"10.1111/sjpe.12106",1,1,1
"10.1109/tac.2020.3004795",1,1,1
"10.1016/j.jas.2014.05.016",1,1,1
"10.18564/jasss.4601",1,1,1
"10.1016/j.asoc.2022.109917",1,1,1
"10.1016/j.jss.2011.03.023",1,1,1
"10.1002/sys.21685",1,1,1
"10.1109/synasc.2012.67",1,1,1
"10.1007/978-3-319-93692-5_15",1,1,1
"10.1109/dasc.2009.161",1,1,1
"10.1016/j.apenergy.2020.116349",1,1,1
"10.1016/j.jhevol.2017.02.009",1,1,1
"10.1093/jnci/djp001",1,1,1
"10.1016/j.istruc.2021.05.056",1,1,1
"10.1016/j.neucom.2014.03.030",1,1,1
"10.1006/tpbi.2000.1493",1,1,1
"10.1016/j.autcon.2018.12.003",1,1,1
"10.1098/rsos.160858",1,1,1
"10.1016/j.automatica.2020.108884",1,1,1
"10.1016/j.comcom.2003.08.013",1,1,1
"10.1080/23307706.2021.1965047",1,1,1
"10.3354/aei00098",1,1,1
"10.1117/12.2063097",1,1,1
"10.1007/s10729-021-09558-0",1,1,1
"10.1007/s11403-017-0201-8",1,1,1
"10.1016/j.trc.2021.103488",1,1,1
"10.4018/ijwsr.2019040104",1,1,1
"10.1155/2022/2665925",1,1,1
"10.1016/j.jim.2015.08.014",1,1,1
"10.1007/s13676-013-0041-1",1,1,1
"10.1057/eej.2011.34",1,1,1
"10.2989/ajms.2008.30.3.1.635",1,1,1
"10.1016/j.jfranklin.2023.03.040",1,1,1
"10.1108/01439911311320822",1,1,1
"10.3934/dcds.2020300",1,1,1
"10.1038/srep29828",1,1,1
"10.1177/0037549710367904",1,1,1
"10.1142/s0218213022500026",1,1,1
"10.1016/j.engappai.2021.104469",1,1,1
"10.1016/j.epsr.2013.04.004",1,1,1
"10.1007/s12520-022-01650-y",1,1,1
"10.1002/asjc.17",1,1,1
"10.1590/abd1806-4841.20164985",1,1,1
"10.2316/journal.206.2010.1.206-3275",1,1,1
"10.1016/j.enpol.2021.112678",1,1,1
"10.1109/snpd.2008.171",1,1,1
"10.1109/taes.2020.2979640",1,1,1
"10.2495/ut090571",1,1,1
"10.1086/430220",1,1,1
"10.1007/s13369-021-05751-z",1,1,1
"10.1111/evo.14085",1,1,1
"10.1109/saso.2016.6",1,1,1
"10.1577/t05-075.1",1,1,1
"10.1080/03461238.2014.910833",1,1,1
"10.1016/j.aap.2023.107087",1,1,1
"10.1111/1365-2745.13074",1,1,1
"10.1109/tcyb.2019.2923798",1,1,1
"10.1007/s10694-018-0747-6",1,1,1
"10.1002/atr.1458",1,1,1
"10.3233/978-1-61499-440-4-434",2,0,0
"10.1136/bmjopen-2018-028365",1,1,1
"10.1080/00207721.2019.1701133",1,1,1
"10.1007/s10666-018-9638-y",1,1,1
"10.3141/2476-15",1,1,1
"10.1086/598493",1,1,1
"10.1890/15-0756.1",1,1,1
"10.3354/meps11441",1,1,1
"10.1111/1475-5890.12105",1,1,1
"10.34028/iajit/18/3a/2",1,1,1
"10.23919/jsee.2021.000081",1,1,1
"10.1111/cjag.12028",1,1,1
"10.1177/0969141316668379",1,1,1
"10.1111/roiw.12232",1,1,1
"10.1016/j.enpol.2018.09.015",1,1,1
"10.1016/j.physa.2011.05.021",1,1,1
"10.1145/2934695",1,1,1
"10.1109/access.2020.2969987",1,1,1
"10.1115/1.4024227",1,1,1
"10.3390/land10040385",1,1,1
"10.1086/588255",1,1,1
"10.1017/s0950268810001676",1,1,1
"10.3233/aic-2009-0447",1,1,1
"10.1038/17290",1,1,1
"10.1016/j.apenergy.2017.08.106",1,1,1
"10.1371/journal.pone.0188956",1,1,1
"10.1007/s10462-012-9333-3",1,1,1
"10.3390/en12142765",1,1,1
"10.1007/978-3-642-04584-4_3",1,1,1
"10.3233/mgs-2012-0182",1,1,1
"10.1109/3pgcic.2015.112",1,1,1
"10.1115/1.4006737",1,1,1
"10.1016/j.jfranklin.2023.02.036",1,1,1
"10.1016/j.automatica.2012.05.008",1,1,1
"10.1177/0958928719891314",1,1,1
"10.1016/j.artint.2013.03.002",1,1,1
"10.1016/j.trc.2015.07.016",1,1,1
"10.1371/journal.pone.0148106",1,1,1
"10.1016/j.comcom.2008.03.015",1,1,1
"10.1007/978-3-319-19033-4_8",1,1,1
"10.3390/w10060721",1,1,1
"10.1115/1.4042343",2,0,0
"10.2337/dc21-1607",1,1,1
"10.1016/j.jenvman.2019.02.127",1,1,1
"10.1016/j.compenvurbsys.2014.12.003",1,1,1
"10.1016/j.agsy.2020.102865",1,1,1
"10.1007/s40273-020-00960-0",1,1,1
"10.1007/s00181-018-1544-2",1,1,1
"10.1016/j.future.2017.09.080",1,1,1
"10.1016/j.physa.2014.02.003",1,1,1
"10.1109/sm55505.2022.9758319",1,1,1
"10.1109/tcyb.2016.2537307",1,1,1
"10.3390/s21062072",1,1,1
"10.1109/access.2020.2988151",1,1,1
"10.1186/s40001-018-0330-0",1,1,1
"10.1093/cid/cix858",1,1,1
"10.1038/bjc.2012.317",1,1,1
"10.1109/icns.2009.87",1,1,1
"10.1093/icesjms/fsz212",1,1,1
"10.1109/globecom46510.2021.9685568",1,1,1
"10.1111/j.1365-2664.2012.02111.x",1,1,1
"10.1109/tsmca.2003.817395",1,1,1
"10.1016/j.aap.2005.10.010",1,1,1
"10.1108/01439910110389380",1,1,1
"10.3233/978-1-58603-925-7-88",1,1,1
"10.1002/ecs2.3632",1,1,1
"10.1109/metroagrifor50201.2020.9277630",1,1,1
"10.1016/j.jtbi.2013.08.003",1,1,1
"10.1109/tnnls.2015.2461491",1,1,1
"10.1061/(asce)te.1943-5436.0000100",1,1,1
"10.1016/j.jtbi.2005.08.017",1,1,1
"10.1007/s10198-015-0714-9",1,1,1
"10.1061/(asce)wr.1943-5452.0001543",1,1,1
"10.1016/j.ifacol.2020.12.1497",1,1,1
"10.3390/su142315983",1,1,1
"10.1111/j.1462-2920.2009.01866.x",1,1,1
"10.1177/00375497211040074",1,1,1
"10.1002/cam4.3932",1,1,1
"10.1111/eva.12403",1,1,1
"10.1007/s11229-019-02387-3",1,1,1
"10.1111/j.1752-4571.2009.00088.x",1,1,1
"10.1016/j.pmedr.2021.101392",1,1,1
"10.1016/j.engappai.2008.12.003",1,1,1
"10.1371/journal.pone.0026523",1,1,1
"10.1371/journal.pone.0278167",1,1,1
"10.1016/j.mbs.2021.108593",1,1,1
"10.1177/1478077118793127",1,1,1
"10.1007/978-3-319-61425-0_42",1,1,1
"10.1007/978-3-642-19621-8_4",1,1,1
"10.1016/j.ecolmodel.2013.09.023",1,1,1
"10.1016/j.cad.2009.07.005",1,1,1
"10.1016/j.automatica.2022.110320",1,1,1
"10.1080/17513758.2019.1605003",1,1,1
"10.1016/j.ssci.2010.07.017",1,1,1
"10.1007/978-3-642-01991-3_2",2,0,0
"10.1016/j.future.2016.10.002",1,1,1
"10.1371/journal.pone.0090695",1,1,1
"10.1016/j.strueco.2022.12.005",1,1,1
"10.20965/jaciii.2011.p0220",1,1,1
"10.1109/jsyst.2022.3156655",1,1,1
"10.1109/isspit.2008.4775665",1,1,1
"10.1007/s00442-002-0875-y",1,1,1
"10.1016/j.asoc.2011.05.009",1,1,1
"10.1016/j.theriogenology.2022.06.002",1,1,1
"10.1109/access.2023.3276294",1,1,1
"10.1017/s1751731117002920",1,1,1
"10.1007/s00170-016-9299-4",1,1,1
"10.1007/s10729-016-9379-x",1,1,1
"10.1007/s10699-008-9121-3",1,1,1
"10.1109/access.2023.3254508",1,1,1
"10.1016/j.resconrec.2023.106966",1,1,1
"10.1109/access.2022.3219453",1,1,1
"10.1093/icesjms/fsw004",1,1,1
"10.1016/j.energy.2019.116154",1,1,1
"10.1155/2012/857512",1,1,1
"10.1177/0047287520951639",1,1,1
"10.2105/ajph.2018.304803",1,1,1
"10.1142/s0219525920500101",1,1,1
"10.1109/tvt.2021.3131751",1,1,1
"10.1016/j.resp.2006.10.005",1,1,1
"10.1155/2015/708525",1,1,1
"10.1007/s10479-016-2222-4",1,1,1
"10.3390/math9121428",1,1,1
"10.3389/fmicb.2016.00354",1,1,1
"10.1890/13-0580.1",1,1,1
"10.1007/s11424-017-6185-6",1,1,1
"10.1016/j.asoc.2020.106621",1,1,1
"10.1016/j.ecolecon.2008.02.006",1,1,1
"10.3141/2324-14",1,1,1
"10.1016/j.procs.2016.05.531",1,1,1
"10.1002/mde.3597",1,1,1
"10.1016/j.apgeog.2014.02.005",1,1,1
"10.1111/j.1541-0072.1983.tb00467.x",1,1,1
"10.1002/ece3.5632",1,1,1
"10.1007/978-3-662-43616-5_6",1,1,1
"10.1103/physreve.88.032704",1,1,1
"10.1186/s12963-015-0057-x",1,1,1
"10.1002/cncr.34527",1,1,1
"10.1109/access.2020.3021078",1,1,1
"10.1371/journal.pone.0122765",1,1,1
"10.1016/j.tcs.2020.10.037",1,1,1
"10.1002/jbm4.10233",1,1,1
"10.1080/01603477.2015.1065676",1,1,1
"10.3934/dcds.2020059",1,1,1
"10.1016/j.aap.2011.12.010",1,1,1
"10.1117/12.2625554",1,1,1
"10.1177/1729881416663670",1,1,1
"10.1016/j.atmosenv.2013.03.013",1,1,1
"10.3390/e23111451",1,1,1
"10.1086/286172",1,1,1
"10.3233/ia-230004",1,1,1
"10.1111/pirs.12033",1,1,1
"10.1109/tcns.2021.3068349",1,1,1
"10.1177/21582440211021841",1,1,1
"10.5751/es-04910-170325",1,1,1
"10.1007/s10015-018-0477-3",1,1,1
"10.1177/10597123221095644",1,1,1
"10.1371/journal.pcbi.1008650",1,1,1
"10.1007/978-981-15-0184-5_15",1,1,1
"10.1007/s10980-017-0519-6",1,1,1
"10.1287/orsc.1050.0116",1,1,1
"10.1016/j.ijpe.2013.08.013",1,1,1
"10.1098/rsif.2015.0228",1,1,1
"10.1007/978-3-662-43373-7_6",1,1,1
"10.1016/j.cie.2007.07.010",1,1,1
"10.1016/j.autcon.2022.104637",1,1,1
"10.1002/rnc.5578",1,1,1
"10.1016/j.ifacol.2015.06.297",1,1,1
"10.1109/ict-dm47966.2019.9032909",1,1,1
"10.1007/s41324-017-0113-7",1,1,1
"10.1016/0378-1127(94)03490-n",1,1,1
"10.1016/j.jnca.2018.07.004",1,1,1
"10.3390/v13020323",1,1,1
"10.1016/j.compenvurbsys.2016.10.008",1,1,1
"10.1086/707324",1,1,1
"10.1016/j.epsr.2017.07.013",1,1,1
"10.1016/j.ifacol.2020.12.2325",1,1,1
"10.1007/s12061-022-09461-3",1,1,1
"10.1016/j.prevetmed.2014.09.012",1,1,1
"10.12973/eurasia.2014.1170a",1,1,1
"10.1016/j.ijepes.2017.10.031",1,1,1
"10.3233/mgs-180296",1,1,1
"10.1016/j.trpro.2016.06.005",1,1,1
"10.1109/access.2020.3008692",1,1,1
"10.1017/s1464793106007093",1,1,1
"10.1007/s10614-016-9616-x",1,1,1
"10.1088/1748-9326/11/11/114026",1,1,1
"10.1016/j.jenvman.2023.117741",1,1,1
"10.1111/j.1728-4457.2015.00068.x",1,1,1
"10.1186/s12544-021-00491-5",1,1,1
"10.1109/tvt.2023.3258841",2,0,0
"10.1002/asjc.20",1,1,1
"10.1016/j.wneu.2011.09.024",1,1,1
"10.1007/s10462-009-9105-x",1,1,1
"10.1016/j.ifacsc.2021.100153",1,1,1
"10.1186/1471-2105-12-87",1,1,1
"10.1371/journal.pone.0263064",1,1,1
"10.1093/imamci/dns025",1,1,1
"10.1016/j.tcs.2014.06.025",1,1,1
"10.1016/j.artmed.2013.11.001",1,1,1
"10.1016/j.jtbi.2019.110030",1,1,1
"10.1016/j.ecolmodel.2017.11.001",1,1,1
"10.1109/drpt.2008.4523386",1,1,1
"10.1016/j.ijpe.2013.08.022",1,1,1
"10.1016/j.jnca.2011.03.031",1,1,1
"10.1016/j.ecoinf.2022.101884",1,1,1
"10.1016/s0304-3800(00)00242-8",1,1,1
"10.3233/idt-170291",1,1,1
"10.2147/ceor.s81277",1,1,1
"10.1034/j.1600-0684.2001.300208.x",1,1,1
"10.1109/jiot.2021.3134681",1,1,1
"10.1016/j.jii.2021.100201",1,1,1
"10.1007/s11116-019-10048-0",1,1,1
"10.1007/s10009-015-0376-z",1,1,1
"10.1109/tii.2020.2976830",1,1,1
"10.5465/amj.2006.22083053",1,1,1
"10.1016/j.envsoft.2021.104978",1,1,1
"10.1016/j.compenvurbsys.2016.08.001",1,1,1
"10.1111/gcb.13890",1,1,1
"10.1016/j.apenergy.2021.116605",1,1,1
"10.1016/j.asoc.2016.10.016",1,1,1
"10.1016/j.epsr.2016.03.012",1,1,1
"10.1016/s0304-3800(99)00073-3",1,1,1
"10.1007/s10955-017-1942-4",1,1,1
"10.1016/j.techfore.2012.11.005",1,1,1
"10.1109/access.2019.2943108",1,1,1
"10.3389/fams.2023.1090334",1,1,1
"10.1109/saso.2018.00026",1,1,1
"10.3389/fphy.2020.00103",1,1,1
"10.1111/1475-5890.12231",1,1,1
"10.1080/19439342.2019.1624596",1,1,1
"10.2307/3559036",1,1,1
"10.1016/j.scs.2011.09.001",1,1,1
"10.1371/journal.pone.0015582",1,1,1
"10.1007/s00265-010-1115-9",1,1,1
"10.3141/2259-16",1,1,1
"10.1023/a:1008932401381",1,1,1
"10.1103/physreve.104.054609",1,1,1
"10.1007/s13132-012-0128-1",1,1,1
"10.1016/j.jpdc.2021.03.008",1,1,1
"10.1016/j.neunet.2023.05.054",1,1,1
"10.1007/978-3-319-89743-1_45",1,1,1
"10.1109/tkde.2004.1277818",1,1,1
"10.3354/meps185133",1,1,1
"10.1080/10798587.2011.10643194",1,1,1
"10.1093/imammb/dql012",1,1,1
"10.1007/978-981-10-6370-1_32",1,1,1
"10.1080/13683500.2020.1800602",1,1,1
"10.1007/s10845-022-02037-5",1,1,1
"10.1016/j.eswa.2023.120183",1,1,1
"10.3233/ao-170182",1,1,1
"10.1186/s12936-017-2014-6",1,1,1
"10.1371/journal.pone.0116618",1,1,1
"10.1111/coin.12035",1,1,1
"10.1007/s10640-012-9553-7",1,1,1
"10.1016/s0304-3800(99)00090-3",1,1,1
"10.1057/hs.2012.8",1,1,1
"10.3390/en14154472",1,1,1
"10.1287/trsc.2016.0712",1,1,1
"10.1007/s11069-018-3373-1",1,1,1
"10.1109/tcsi.2020.3027376",1,1,1
"10.1002/oby.22216",1,1,1
"10.1109/iccae.2010.5451789",1,1,1
"10.1080/15472450.2013.806854",1,1,1
"10.1109/tits.2020.3030281",1,1,1
"10.1007/s10640-022-00651-8",1,1,1
"10.1007/s10666-022-09821-w",1,1,1
"10.3354/meps13906",1,1,1
"10.1109/vs-games.2019.8864532",1,1,1
"10.1016/j.engappai.2014.04.007",1,1,1
"10.1007/s11424-020-8042-2",1,1,1
"10.1186/s12544-021-00493-3",1,1,1
"10.1371/journal.pone.0205225",1,1,1
"10.1093/icesjms/fsz035",1,1,1
"10.1016/j.jtbi.2013.06.016",1,1,1
"10.1016/j.ast.2021.106628",1,1,1
"10.1016/j.eist.2012.11.005",1,1,1
"10.1080/24751839.2018.1479926",1,1,1
"10.1016/s0304-3800(99)00171-4",1,1,1
"10.1002/eej.22638",1,1,1
"10.2166/hydro.2005.0005",1,1,1
"10.1111/gcbb.12148",1,1,1
"10.1155/2010/348747",1,1,1
"10.3837/tiis.2016.03.021",1,1,1
"10.3390/app9214483",1,1,1
"10.1061/(asce)0733-947x(2009)135:6(386)",1,1,1
"10.1002/rnc.6606",1,1,1
"10.1016/j.ifacol.2021.11.198",1,1,1
"10.1016/j.future.2019.08.021",1,1,1
"10.1016/j.compenvurbsys.2008.09.012",1,1,1
"10.1371/journal.pone.0253893",1,1,1
"10.1016/j.oceaneng.2023.113661",1,1,1
"10.1049/iet-its.2018.0083",1,1,1
"10.1002/hec.1199",1,1,1
"10.1109/tcyb.2022.3227805",2,0,0
"10.1177/0894439310370085",1,1,1
"10.18564/jasss.3854",1,1,1
"10.1016/j.buildenv.2019.03.011",1,1,1
"10.1016/j.eswa.2010.11.004",1,1,1
"10.1016/s1514-0326(09)60017-9",1,1,1
"10.1016/j.rmed.2015.09.011",1,1,1
"10.1093/ajae/aau071",1,1,1
"10.1016/j.tpb.2012.12.002",1,1,1
"10.1108/ijssp-08-2015-0085",1,1,1
"10.1016/j.compenvurbsys.2016.01.001",1,1,1
"10.1016/j.envsoft.2012.06.014",1,1,1
"10.3390/en14071827",1,1,1
"10.1109/access.2018.2798626",1,1,1
"10.1103/physreve.74.041116",1,1,1
"10.1371/journal.pone.0138496",1,1,1
"10.1016/j.automatica.2013.06.023",1,1,1
"10.1016/j.robot.2019.03.014",1,1,1
"10.1016/j.aca.2019.02.033",1,1,1
"10.1109/icsmc.2009.5346889",1,1,1
"10.1007/978-3-540-68498-5_5",2,0,0
"10.1111/oik.07431",1,1,1
"10.1007/s11063-020-10384-8",1,1,1
"10.1098/rstb.2007.2062",1,1,1
"10.1023/a:1011343609779",1,1,1
"10.1007/s10758-011-9187-9",1,1,1
"10.3390/en15020494",1,1,1
"10.1001/dmp.2012.45",1,1,1
"10.1109/tvt.2019.2962514",1,1,1
"10.1007/s10797-019-09558-5",1,1,1
"10.1007/s10614-010-9246-7",1,1,1
"10.1016/s0378-4371(02)01904-0",1,1,1
"10.1016/j.exis.2018.12.006",1,1,1
"10.1088/2631-8695/ac5fda",1,1,1
"10.1111/cogs.13066",1,1,1
"10.1007/s10846-022-01783-1",1,1,1
"10.3389/fmars.2021.767191",1,1,1
"10.1177/0164027516656137",1,1,1
"10.4028/www.scientific.net/amm.71-78.494",1,1,1
"10.3233/978-1-60750-692-8-180",1,1,1
"10.1111/exsy.12875",1,1,1
"10.1162/106454603322694852",1,1,1
"10.1038/35085561",1,1,1
"10.1016/j.amc.2014.06.069",1,1,1
"10.1007/978-3-319-48429-7_4",1,1,1
"10.1007/s12205-015-1694-0",1,1,1
"10.1145/3394486.3412859",1,1,1
"10.1108/03684921211257810",1,1,1
"10.1177/0022002708325945",1,1,1
"10.1016/j.epidem.2023.100698",1,1,1
"10.1111/j.1744-7976.2009.01167.x",1,1,1
"10.3389/fpubh.2022.915716",1,1,1
"10.1016/j.jfranklin.2021.11.034",1,1,1
"10.1016/j.compchemeng.2015.08.015",1,1,1
"10.1287/opre.2022.2318",1,1,1
"10.1016/j.ijid.2010.02.2267",1,1,1
"10.1016/j.jenvp.2022.101807",1,1,1
"10.1109/tpwrs.2007.901280",1,1,1
"10.1016/j.ecolmodel.2014.03.020",1,1,1
"10.1016/s2214-109x(20)30452-6",1,1,1
"10.1002/lno.11032",1,1,1
"10.1007/s11403-015-0166-4",1,1,1
"10.1002/ajhb.23578",1,1,1
"10.1007/978-3-030-00111-7_10",1,1,1
"10.3389/fphar.2021.736860",1,1,1
"10.1016/j.pocean.2015.01.011",1,1,1
"10.1016/j.jfranklin.2021.02.031",1,1,1
"10.1371/journal.pone.0007292",1,1,1
"10.3390/s22228841",1,1,1
"10.1007/978-3-319-23766-4_15",1,1,1
"10.1126/science.1254421",1,1,1
"10.3389/fmars.2022.1046585",1,1,1
"10.3390/s141223581",1,1,1
"10.1109/access.2015.2427252",1,1,1
"10.1080/10255842.2018.1545017",1,1,1
"10.1016/j.enpol.2022.113403",1,1,1
"10.1109/tcyb.2023.3266448",1,1,1
"10.1016/j.apgeog.2014.06.010",1,1,1
"10.1680/jtran.19.00137",1,1,1
"10.1109/tnnls.2020.3009098",1,1,1
"10.1109/tsg.2022.3214202",1,1,1
"10.1371/journal.pone.0143052",1,1,1
"10.1016/j.aos.2012.07.005",1,1,1
"10.1016/j.jbi.2018.11.002",1,1,1
"10.1007/s11023-011-9243-1",1,1,1
"10.1109/cscs.2017.90",1,1,1
"10.1093/jee/toac035",1,1,1
"10.2527/jas.2013-6883",1,1,1
"10.1016/j.biosystemseng.2021.01.021",1,1,1
"10.18564/jasss.4772",1,1,1
"10.1109/cdc.2009.5399766",1,1,1
"10.1016/j.trc.2012.10.001",1,1,1
"10.1016/j.eswa.2013.10.013",1,1,1
"10.3390/e22111236",1,1,1
"10.1073/pnas.1811964115",1,1,1
"10.1016/j.apgeog.2023.103003",1,1,1
"10.1002/ieam.4578",1,1,1
"10.1109/tesc50295.2020.9656936",1,1,1
"10.1016/j.ecolmodel.2011.06.007",1,1,1
"10.1080/15472450.2013.856721",1,1,1
"10.1142/s0218194008003842",1,1,1
"10.1186/2193-9004-3-23",1,1,1
"10.1016/j.jtrangeo.2014.04.006",1,1,1
"10.1080/08839511003715204",1,1,1
"10.1016/j.cad.2011.06.011",1,1,1
"10.1016/j.eswa.2022.119474",1,1,1
"10.1080/14786451.2014.911741",1,1,1
"10.1093/molbev/msv096",1,1,1
"10.3390/su11133682",1,1,1
"10.1109/icrmem.2008.15",1,1,1
"10.1016/j.cogsys.2007.06.009",1,1,1
"10.1109/tac.2019.2957338",1,1,1
"10.3389/fmars.2022.767290",1,1,1
"10.1007/s10109-007-0043-3",1,1,1
"10.1111/j.0021-8901.2004.00933.x",1,1,1
"10.1111/j.2007.0906-7590.05148.x",1,1,1
"10.1016/j.envsoft.2010.08.001",1,1,1
"10.1287/orsc.1090.0524",1,1,1
"10.1016/j.jocs.2018.09.013",1,1,1
"10.17730/humo.63.4.gtkey4r12ftbyfxw",1,1,1
"10.14488/bjopm.2020.044",1,1,1
"10.3389/fpubh.2022.861743",1,1,1
"10.1016/j.ifacol.2018.08.421",1,1,1
"10.1007/s00442-011-2096-8",1,1,1
"10.1098/rsos.211030",1,1,1
"10.1016/j.ecolmodel.2013.09.012",1,1,1
"10.1016/j.ifacol.2020.12.1586",1,1,1
"10.1016/j.scs.2021.103347",1,1,1
"10.1186/s12911-021-01726-0",1,1,1
"10.1016/j.enconman.2016.01.011",1,1,1
"10.1007/978-3-030-19810-7_4",1,1,1
"10.1002/dac.5433",1,1,1
"10.1177/2399808320914313",1,1,1
"10.1016/j.jtbi.2009.03.038",1,1,1
"10.1016/j.jclepro.2016.11.150",1,1,1
"10.1162/artl_a_00391",1,1,1
"10.1371/journal.pone.0232965",1,1,1
"10.1057/s41599-019-0361-3",1,1,1
"10.1177/0361198120917666",1,1,1
"10.1016/j.jclepro.2018.12.282",1,1,1
"10.1016/j.automatica.2018.01.015",1,1,1
"10.1016/j.jtbi.2018.09.010",1,1,1
"10.1016/j.ins.2015.10.035",1,1,1
"10.1108/ijes-12-2020-0071",1,1,1
"10.3390/info11030140",1,1,1
"10.1109/iv55152.2023.10186803",1,1,1
"10.1016/j.aei.2020.101050",1,1,1
"10.1016/j.ifacol.2022.11.142",1,1,1
"10.1007/s12652-012-0126-y",1,1,1
"10.1890/13-0541.1",1,1,1
"10.1155/2019/7659496",1,1,1
"10.18564/jasss.2595",1,1,1
"10.1016/j.tpb.2005.10.004",1,1,1
"10.1007/978-3-319-27947-3_12",1,1,1
"10.1177/0361198120933269",1,1,1
"10.1111/roiw.12025",1,1,1
"10.1145/958961.958963",1,1,1
"10.1007/s10646-012-0877-4",1,1,1
"10.1007/s42001-020-00096-3",1,1,1
"10.5381/jot.2007.6.4.a1",1,1,1
"10.1155/2019/3269025",1,1,1
"10.1080/00051144.2019.1570630",1,1,1
"10.1109/tac.2021.3063951",1,1,1
"10.3389/fphy.2023.1166219",1,1,1
"10.5198/jtlu.2015.677",1,1,1
"10.7758/rsf.2018.4.3.09",1,1,1
"10.1186/1471-2407-9-160",1,1,1
"10.1016/j.jedc.2017.08.001",1,1,1
"10.1016/j.eneco.2020.104864",1,1,1
"10.1109/ucc-companion.2018.00034",1,1,1
"10.2105/ajph.2014.301896",1,1,1
"10.1016/j.ejor.2023.02.023",1,1,1
"10.1016/j.vaccine.2019.05.047",1,1,1
"10.14201/adcaij2019811318",1,1,1
"10.1007/978-3-319-39687-3_11",1,1,1
"10.1161/jaha.122.029215",1,1,1
"10.1109/acc.2009.5159901",1,1,1
"10.3390/app12041992",1,1,1
"10.1371/journal.pone.0164188",1,1,1
"10.1016/s2214-109x(18)30436-4",1,1,1
"10.1103/physreve.105.054110",1,1,1
"10.1177/2381468320984974",1,1,1
"10.1016/j.cogsys.2020.08.005",1,1,1
"10.1002/j.1834-4453.2008.tb00027.x",1,1,1
"10.1016/j.cnsns.2021.105805",1,1,1
"10.1016/j.energy.2017.08.114",1,1,1
"10.1109/ispdc.2003.1267646",1,1,1
"10.1371/journal.pone.0193975",1,1,1
"10.1111/jgs.17381",1,1,1
"10.1080/21680566.2017.1337528",1,1,1
"10.2308/tar-2016-0630",1,1,1
"10.1002/cam4.4080",1,1,1
"10.1073/pnas.2111190118",1,1,1
"10.1007/s10462-017-9560-8",1,1,1
"10.1016/j.jfranklin.2018.05.065",1,1,1
"10.1111/ele.12891",1,1,1
"10.2105/ajph.2013.301269",1,1,1
"10.1109/jbhi.2021.3101686",1,1,1
"10.1016/j.enpol.2020.111297",1,1,1
"10.1016/j.trc.2020.102774",1,1,1
"10.1016/j.ecolmodel.2012.03.010",1,1,1
"10.1007/s11334-017-0305-2",1,1,1
"10.1177/03611981211056909",1,1,1
"10.1016/j.ijdrr.2018.06.013",1,1,1
"10.1016/j.apenergy.2018.02.089",1,1,1
"10.1007/s11067-011-9164-9",1,1,1
"10.1007/s11227-016-1761-4",1,1,1
"10.1007/s11071-018-4158-5",1,1,1
"10.3390/fi9040090",1,1,1
"10.1109/tcsii.2019.2962836",1,1,1
"10.1007/s10462-012-9343-1",1,1,1
"10.1007/s11431-020-1790-3",1,1,1
"10.4054/demres.2019.41.6",1,1,1
"10.1063/1.5111995",1,1,1
"10.1016/j.ifacol.2019.12.622",1,1,1
"10.1016/j.oceaneng.2022.113240",1,1,1
"10.1007/s00521-021-06213-1",1,1,1
"10.1155/2015/473432",1,1,1
"10.1007/978-3-319-20352-2_6",1,1,1
"10.1080/24751839.2020.1755529",1,1,1
"10.1016/j.techsoc.2012.05.001",1,1,1
"10.1109/iraset52964.2022.9737784",1,1,1
"10.1023/b:bioc.0000004314.38828.db",1,1,1
"10.1016/j.compenvurbsys.2012.10.004",1,1,1
"10.1080/15472450.2020.1846125",1,1,1
"10.1016/j.ecolmodel.2008.02.014",1,1,1
"10.1108/ecam-01-2021-0038",1,1,1
"10.1098/rsif.2011.0239",1,1,1
"10.3390/info11050271",1,1,1
"10.1007/s11071-013-1067-5",1,1,1
"10.1016/j.ecolmodel.2019.108765",1,1,1
"10.3390/forecast4040055",1,1,1
"10.1038/sj.bjc.6690228",1,1,1
"10.1016/j.eist.2019.01.006",1,1,1
"10.1016/j.jengtecman.2019.11.003",1,1,1
"10.1016/j.marpolbul.2012.09.030",1,1,1
"10.1016/j.automatica.2011.03.012",1,1,1
"10.1371/journal.pone.0044833",1,1,1
"10.1073/pnas.1016507108",1,1,1
"10.1016/j.resconrec.2016.05.001",1,1,1
"10.3390/e25020299",1,1,1
"10.1016/j.ecolmodel.2019.108899",1,1,1
"10.1016/j.bone.2010.07.024",1,1,1
"10.1158/1055-9965.epi-12-0023",1,1,1
"10.3390/app122412702",1,1,1
"10.1109/tce.2011.5955180",1,1,1
"10.1007/978-3-319-99253-2_3",1,1,1
"10.1111/j.1574-0862.2012.00604.x",1,1,1
"10.20965/jaciii.2017.p0917",1,1,1
"10.3390/app8030328",1,1,1
"10.1007/978-3-662-49381-6_45",1,1,1
"10.1016/j.ecolmodel.2012.05.021",1,1,1
"10.1016/j.eswa.2010.10.023",1,1,1
"10.1016/j.automatica.2012.03.024",1,1,1
"10.3390/app13105888",1,1,1
"10.1109/mits.2017.2776162",1,1,1
"10.1016/j.artint.2022.103666",1,1,1
"10.1007/978-3-319-46592-0_18",1,1,1
"10.1016/j.ijpe.2017.08.031",1,1,1
"10.1016/j.ijpe.2020.107939",1,1,1
"10.1093/inthealth/ihv010",1,1,1
"10.1016/j.jebo.2020.01.004",1,1,1
"10.1002/rnc.5975",1,1,1
"10.3758/s13428-022-01827-2",1,1,1
"10.1109/tie.2017.2782229",1,1,1
"10.1007/978-3-319-40162-1_39",1,1,1
"10.1145/3428690.3429181",1,1,1
"10.2316/journal.201.2015.4.201-2740",1,1,1
"10.1111/j.1365-2664.2010.01839.x",1,1,1
"10.1142/s1469026813500016",1,1,1
"10.3390/en6073263",1,1,1
"10.1016/j.jmaa.2022.126050",1,1,1
"10.1016/j.limno.2005.10.003",1,1,1
"10.1016/j.ajic.2020.06.204",1,1,1
"10.1155/2011/765640",1,1,1
"10.1038/s41598-018-26233-7",1,1,1
"10.1093/advances/nmab129",1,1,1
"10.1016/j.seta.2022.102246",1,1,1
"10.1029/2018wr024447",1,1,1
"10.1109/cieec47146.2019.cieec-2019226",1,1,1
"10.1109/tits.2023.3286898",1,1,1
"10.1007/978-3-319-40162-1_37",1,1,1
"10.1016/j.neucom.2020.10.074",1,1,1
"10.1007/978-981-19-8234-7_26",1,1,1
"10.1061/nhrefo.nheng-1659",1,1,1
"10.1007/978-3-319-40593-3_4",1,1,1
"10.1371/journal.pone.0007741",1,1,1
"10.1007/978-3-319-31165-4_43",1,1,1
"10.18564/jasss.4391",1,1,1
"10.1109/access.2021.3116253",1,1,1
"10.1108/13673271311315213",1,1,1
"10.1177/0037549718815969",1,1,1
"10.1016/j.jmsy.2023.02.004",1,1,1
"10.3233/ica-160537",1,1,1
"10.1111/1365-2745.13768",1,1,1
"10.1111/jfpe.14002",1,1,1
"10.1016/j.ifacol.2019.12.309",1,1,1
"10.1016/j.energy.2020.117535",1,1,1
"10.1007/978-0-387-35412-5",2,0,0
"10.1371/journal.pone.0116860",1,1,1
"10.1021/es5060868",1,1,1
"10.1016/j.ijepes.2017.11.035",1,1,1
"10.1016/j.cmpb.2021.105971",1,1,1
"10.1016/j.patrec.2016.11.018",1,1,1
"10.3934/mbe.2017027",1,1,1
"10.1007/s10489-016-0797-8",1,1,1
"10.1007/s10441-018-9318-y",1,1,1
"10.1111/j.1365-2389.2008.01091.x",1,1,1
"10.1109/tsg.2016.2587685",1,1,1
"10.1016/j.rser.2016.04.063",1,1,1
"10.1016/j.epidem.2022.100662",1,1,1
"10.1016/s2214-109x(19)30170-6",1,1,1
"10.1215/00182702-8718000",1,1,1
"10.1142/s021952590800157x",1,1,1
"10.1016/j.dss.2013.05.016",1,1,1
"10.3390/en16010289",1,1,1
"10.1109/tnnls.2019.2920892",1,1,1
"10.3390/math10193693",1,1,1
"10.1016/j.ausmj.2013.12.006",1,1,1
"10.1016/j.biosystems.2016.02.003",1,1,1
"10.2165/00019053-200624110-00002",1,1,1
"10.3141/2140-07",1,1,1
"10.1109/tsg.2016.2631639",1,1,1
"10.3991/ijet.v4i4.964",1,1,1
"10.1080/15472450.2012.688388",1,1,1
"10.1177/0894439310370100",1,1,1
"10.1111/jmcb.12975",1,1,1
"10.1016/j.ifacol.2017.08.1392",1,1,1
"10.1192/bjp.2019.204",1,1,1
"10.1016/j.landurbplan.2019.103707",1,1,1
"10.1016/j.ress.2012.09.009",1,1,1
"10.1108/ijm-06-2014-0125",1,1,1
"10.1088/1742-5468/aaa78e",1,1,1
"10.1016/j.tbs.2022.07.006",1,1,1
"10.1145/2908812.2908833",1,1,1
"10.1158/1940-6207.capr-10-0374",1,1,1
"10.1142/s0219525908001611",1,1,1
"10.3390/en12234563",1,1,1
"10.1093/icc/dty017",1,1,1
"10.1016/j.ast.2018.08.011",1,1,1
"10.1142/s0218843014500099",1,1,1
"10.1016/j.fss.2004.03.006",1,1,1
"10.1016/j.automatica.2023.110857",1,1,1
"10.20965/jaciii.2005.p0314",1,1,1
"10.1109/tcyb.2022.3155734",2,0,0
"10.1109/tmc.2010.133",1,1,1
"10.1109/tcst.2021.3068401",1,1,1
"10.1089/ten.tea.2010.0571",1,1,1
"10.1007/978-3-319-60240-0_6",1,1,1
"10.1016/j.swevo.2017.09.003",1,1,1
"10.1080/1533256x.2012.669702",1,1,1
"10.1177/1548512917706768",1,1,1
"10.1080/18756891.2014.922814",1,1,1
"10.1016/j.jtbi.2012.10.009",1,1,1
"10.1111/j.0020-8833.2004.00309.x",1,1,1
"10.1109/escience.2013.39",1,1,1
"10.1007/s00500-016-2388-3",1,1,1
"10.1080/21680566.2019.1630688",1,1,1
"10.1002/sres.2889",1,1,1
"10.1007/s10797-021-09724-8",1,1,1
"10.1109/iscc.2009.5202351",1,1,1
"10.1109/tcns.2021.3062472",1,1,1
"10.1108/vjikms-01-2015-0003",1,1,1
"10.1002/cncr.24760",1,1,1
"10.1016/j.eswa.2010.10.088",1,1,1
"10.1136/sextrans-2016-052738",1,1,1
"10.1063/1.4965034",1,1,1
"10.1145/3084100.3084111",1,1,1
"10.1038/srep06303",1,1,1
"10.3390/su8080826",1,1,1
"10.1016/j.compbiomed.2014.03.008",1,1,1
"10.1007/s11524-016-0028-y",1,1,1
"10.1142/s0219877013400154",1,1,1
"10.1590/jatm.v15.1293",1,1,1
"10.1007/s10015-016-0276-7",1,1,1
"10.1371/journal.pone.0101462",1,1,1
"10.1093/jnci/djp319",1,1,1
"10.3934/mbe.2023516",1,1,1
"10.1016/j.seps.2016.10.003",1,1,1
"10.1016/j.trc.2020.102954",1,1,1
"10.1080/00207179.2017.1315650",1,1,1
"10.1371/journal.pone.0000394",1,1,1
"10.1007/s12273-019-0518-4",1,1,1
"10.1016/j.jebo.2011.10.010",1,1,1
"10.1016/j.physd.2016.11.009",1,1,1
"10.1016/j.compenvurbsys.2022.101873",1,1,1
"10.1200/jco.21.02473",1,1,1
"10.1049/itr2.12339",2,0,0
"10.1213/01.ane.0000048287.91713.ac",1,1,1
"10.1016/j.sysconle.2012.08.011",1,1,1
"10.1080/08898480701612873",1,1,1
"10.1016/j.ecolmodel.2017.06.024",1,1,1
"10.1371/journal.pone.0159496",1,1,1
"10.1016/j.asoc.2016.03.018",1,1,1
"10.1093/jae/eju038",1,1,1
"10.1002/etc.2481",1,1,1
"10.1890/0012-9615(1997)067[0535:ppgast]2.0.co;2",1,1,1
"10.1007/978-3-030-60887-3_36",1,1,1
"10.1161/circulationaha.114.009985",1,1,1
"10.18564/jasss.4733",1,1,1
"10.1145/3177148.3180083",1,1,1
"10.1177/0037549706073695",1,1,1
"10.1109/tsmca.2007.893460",1,1,1
"10.1109/tse.2012.53",1,1,1
"10.1371/journal.pone.0219361",1,1,1
"10.1080/10798587.2000.10768162",1,1,1
"10.1109/tsmca.2003.809220",1,1,1
"10.1109/tsg.2013.2267396",1,1,1
"10.1086/691796",1,1,1
"10.1016/j.resconrec.2018.03.009",1,1,1
"10.1007/s41109-020-00327-6",1,1,1
"10.1142/s0219198912500156",1,1,1
"10.1007/978-3-030-26773-5_21",1,1,1
"10.1016/j.engappai.2011.09.025",1,1,1
"10.1016/j.retrec.2021.101107",1,1,1
"10.1007/s10113-019-01534-3",1,1,1
"10.1016/j.envsoft.2012.12.003",1,1,1
"10.1109/icisce.2017.213",1,1,1
"10.1016/j.simpat.2021.102413",1,1,1
"10.1016/j.eswa.2013.03.024",1,1,1
"10.1109/access.2022.3217237",1,1,1
"10.1111/exsy.12273",1,1,1
"10.1109/tcns.2022.3153608",1,1,1
"10.1186/s12963-016-0107-z",1,1,1
"10.1287/mnsc.1080.0967",1,1,1
"10.1115/1.3647876",1,1,1
"10.1177/0361198120931842",1,1,1
"10.1007/978-3-319-55750-2_8",1,1,1
"10.1007/s11102-022-01270-8",1,1,1
"10.1007/s11771-011-0689-3",1,1,1
"10.1109/sccc.2000.890395",1,1,1
"10.1016/j.simpat.2007.11.011",1,1,1
"10.1109/tcyb.2019.2941743",1,1,1
"10.1098/rsif.2010.0470",1,1,1
"10.1109/69.536257",1,1,1
"10.1109/tac.2018.2882157",1,1,1
"10.1093/cz/zow052",1,1,1
"10.1016/j.neucom.2019.10.031",1,1,1
"10.1016/j.scs.2020.102262",1,1,1
"10.1016/j.techfore.2008.05.005",1,1,1
"10.3129/i10-047",1,1,1
"10.1177/0361198119848410",1,1,1
"10.3747/co.24.3850",1,1,1
"10.1109/tii.2020.2965538",1,1,1
"10.1111/j.1600-0706.2013.00503.x",1,1,1
"10.1109/tcns.2018.2880296",1,1,1
"10.1080/08839514.2014.905820",1,1,1
"10.1109/lra.2016.2519537",1,1,1
"10.1002/adts.202100521",1,1,1
"10.1016/j.compenvurbsys.2021.101756",1,1,1
"10.1080/18756891.2013.761777",1,1,1
"10.23919/jsee.2022.000045",1,1,1
"10.1177/0037549712469843",1,1,1
"10.1109/icns.2009.9",1,1,1
"10.1016/j.neucom.2014.08.057",1,1,1
"10.1007/s10663-021-09507-8",1,1,1
"10.1016/j.eswa.2021.116417",1,1,1
"10.1109/3468.995535",1,1,1
"10.1016/j.proeng.2011.08.802",1,1,1
"10.1111/1365-2664.12222",1,1,1
"10.1071/zo9940125",1,1,1
"10.1371/journal.pone.0098589",1,1,1
"10.1109/ptc.2015.7232553",1,1,1
"10.1016/j.labeco.2005.10.007",1,1,1
"10.1007/s00170-004-2169-5",1,1,1
"10.3141/2586-01",1,1,1
"10.3934/energy.2019.6.924",1,1,1
"10.18564/jasss.2497",1,1,1
"10.1109/cdc.2008.4739343",1,1,1
"10.1021/acs.est.1c05258",1,1,1
"10.1142/s0219525908001568",1,1,1
"10.7818/ecos.2454",1,1,1
"10.1007/978-3-319-27149-1_30",1,1,1
"10.1080/00207721.2019.1616232",1,1,1
"10.3233/mgs-170276",1,1,1
"10.1007/s41109-023-00580-5",1,1,1
"10.1002/sres.2897",1,1,1
"10.1007/s11721-021-00188-4",1,1,1
"10.1016/j.jhealeco.2012.04.006",1,1,1
"10.1016/j.automatica.2020.108804",1,1,1
"10.1177/2211068213499756",1,1,1
"10.1061/(asce)te.1943-5436.0000016",1,1,1
"10.1007/s00521-019-04139-3",1,1,1
"10.1007/s10489-017-0905-4",1,1,1
"10.1163/156853909x412241",1,1,1
"10.1109/tcyb.2020.3015977",1,1,1
"10.1177/1550147721989888",1,1,1
"10.4028/www.scientific.net/amr.418-420.1266",1,1,1
"10.1016/j.neucom.2018.10.045",1,1,1
"10.1007/978-3-319-19033-4_2",1,1,1
"10.1109/ica.2016.26",1,1,1
"10.1007/978-3-319-61118-1_14",1,1,1
"10.1007/978-3-319-19033-4_31",1,1,1
"10.1016/j.envsoft.2011.02.004",1,1,1
"10.1073/pnas.1604990113",1,1,1
"10.1007/s11761-018-0238-0",1,1,1
"10.1016/j.enconman.2016.04.091",1,1,1
"10.1016/j.ecolmodel.2011.11.031",1,1,1
"10.1371/journal.pone.0220234",1,1,1
"10.1109/saso.2014.38",1,1,1
"10.1007/s12571-021-01215-2",1,1,1
"10.3233/mgs-210342",1,1,1
"10.1007/s10472-023-09852-3",2,0,0
"10.1080/00207170903267039",1,1,1
"10.1139/cjfas-2014-0050",1,1,1
"10.1007/978-3-031-21062-4_10",1,1,1
"10.1109/access.2021.3073633",1,1,1
"10.1049/cmu2.12177",1,1,1
"10.3390/v13071308",1,1,1
"10.1111/cars.12282",1,1,1
"10.1080/00207721.2023.2231460",2,0,0
"10.1080/13658811003712864",1,1,1
"10.1109/aina.2009.102",1,1,1
"10.1016/s0166-3615(03)00123-4",1,1,1
"10.4000/cybergeo.23131",1,1,1
"10.1016/j.jtbi.2022.111331",1,1,1
"10.3141/1935-13",1,1,1
"10.3390/su10103619",1,1,1
"10.1016/j.jtbi.2014.10.024",1,1,1
"10.3390/w10111511",1,1,1
"10.1371/journal.pone.0152349",1,1,1
"10.1002/atr.1381",1,1,1
"10.1007/978-3-319-48390-0_24",1,1,1
"10.1016/j.jtbi.2014.08.016",1,1,1
"10.1016/j.ecolmodel.2010.08.033",1,1,1
"10.1109/tac.2012.2186093",1,1,1
"10.1109/tits.2015.2460695",1,1,1
"10.1109/access.2022.3192628",1,1,1
"10.1142/s0219622013500120",1,1,1
"10.4028/www.scientific.net/amr.834-836.917",1,1,1
"10.1145/3341161.3343515",1,1,1
"10.1002/ijfe.2838",1,1,1
"10.1109/access.2019.2939019",1,1,1
"10.1007/978-3-319-27060-9_41",1,1,1
"10.1007/s00422-017-0720-3",1,1,1
"10.1007/s11633-010-0512-x",1,1,1
"10.1016/j.ecolecon.2022.107397",1,1,1
"10.1080/00207540210140086",1,1,1
"10.18564/jasss.3084",1,1,1
"10.1148/radiol.11110352",1,1,1
"10.1016/j.aap.2014.11.012",1,1,1
"10.3390/s17112606",1,1,1
"10.1007/978-981-10-7986-3_15",1,1,1
"10.1142/s021962202350030x",1,1,1
"10.3390/su12010122",1,1,1
"10.1111/sjoe.12015",1,1,1
"10.1080/00045608.2014.892338",1,1,1
"10.1109/ojits.2022.3166394",1,1,1
"10.1002/oca.2265",1,1,1
"10.3837/tiis.2022.06.010",1,1,1
"10.20965/jrm.2023.p0977",1,1,1
"10.1016/j.artint.2008.11.007",1,1,1
"10.1080/19427867.2022.2161454",1,1,1
"10.1007/s10845-015-1039-3",1,1,1
"10.1002/asjc.670",1,1,1
"10.18564/jasss.2244",1,1,1
"10.1109/eem.2017.7981879",1,1,1
"10.1016/j.ifacol.2017.08.195",1,1,1
"10.5034/inquiryjrnl_43.4.333",1,1,1
"10.1080/13658816.2023.2178653",1,1,1
"10.1016/j.autcon.2016.03.012",1,1,1
"10.1109/access.2021.3128287",1,1,1
"10.1016/j.cpc.2010.12.037",1,1,1
"10.1201/ebk1439834954",4,0,0
"10.1016/j.jedc.2014.08.013",1,1,1
"10.1080/00207179.2015.1110756",1,1,1
"10.1016/j.techfore.2014.06.013",1,1,1
"10.3141/2259-10",1,1,1
"10.1634/theoncologist.2013-0469",1,1,1
"10.1109/tbme.2019.2938485",1,1,1
"10.3366/e174236000900063x",1,1,1
"10.1007/s00198-016-3596-5",1,1,1
"10.1007/s11740-012-0388-4",1,1,1
"10.1145/3084541",1,1,1
"10.1111/1467-8640.t01-1-00201",1,1,1
"10.3390/su12051823",1,1,1
"10.1016/j.ijleo.2016.01.071",1,1,1
"10.1016/j.envsoft.2018.10.013",1,1,1
"10.1109/tvt.2021.3091575",1,1,1
"10.1371/journal.pone.0277615",1,1,1
"10.1371/journal.pone.0254063",1,1,1
"10.1016/j.ijdrr.2021.102486",1,1,1
"10.1016/j.ijepes.2021.107551",1,1,1
"10.1117/12.2258219",1,1,1
"10.1016/j.ecss.2019.106302",1,1,1
"10.1111/j.1365-2486.2006.01201.x",1,1,1
"10.1016/j.isatra.2017.04.019",1,1,1
"10.1016/j.jss.2015.02.017",1,1,1
"10.1016/s0166-3615(03)00146-5",1,1,1
"10.1016/j.scs.2019.101922",1,1,1
"10.1109/iat.2004.1342964",1,1,1
"10.3390/app10103518",1,1,1
"10.1142/s0129065714500312",1,1,1
"10.1057/palgrave.jors.2602383",1,1,1
"10.1148/radiol.2017161259",1,1,1
"10.1007/s10462-009-9141-6",1,1,1
"10.1109/tsg.2010.2099675",1,1,1
"10.1007/s12555-017-0091-5",1,1,1
"10.17705/1jais.00187",1,1,1
"10.1162/artl_a_00388",1,1,1
"10.1007/978-3-319-15147-2_7",1,1,1
"10.1016/j.procs.2016.08.020",1,1,1
"10.1139/cjce-2022-0098",1,1,1
"10.1371/journal.pone.0202516",1,1,1
"10.1177/1059712316644967",1,1,1
"10.1007/978-3-319-18944-4_8",1,1,1
"10.1016/j.compeleceng.2015.11.020",1,1,1
"10.1109/tcns.2022.3211669",1,1,1
"10.1016/j.retrec.2017.09.010",1,1,1
"10.1016/j.energy.2017.06.038",1,1,1
"10.2514/1.i011162",1,1,1
"10.19272/201806703007",1,1,1
"10.1007/s10015-020-00656-w",1,1,1
"10.1016/j.agwat.2017.12.014",1,1,1
"10.1016/j.ins.2014.02.147",1,1,1
"10.1080/00207540902810502",1,1,1
"10.1002/cncr.31542",1,1,1
"10.1016/j.autcon.2015.06.005",1,1,1
"10.4018/jiit.2005010103",1,1,1
"10.1111/fog.12059",1,1,1
"10.1145/1047671.1047675",1,1,1
"10.1016/j.isatra.2021.12.020",1,1,1
"10.1049/iet-cta.2016.1343",1,1,1
"10.1109/lcsys.2018.2844353",1,1,1
"10.1016/j.knosys.2020.106461",1,1,1
"10.1007/978-3-642-39829-2_21",1,1,1
"10.1071/wf19213",1,1,1
"10.3390/su14158994",1,1,1
"10.1007/s12555-013-0489-7",1,1,1
"10.3390/su13094623",1,1,1
"10.1016/j.bir.2021.03.007",1,1,1
"10.1016/j.ecolmodel.2023.110278",1,1,1
"10.1177/0022427810384139",1,1,1
"10.1109/globecom46510.2021.9685611",1,1,1
"10.3389/fmicb.2015.01178",1,1,1
"10.1016/j.ijepes.2019.01.044",1,1,1
"10.1016/j.amepre.2013.10.022",1,1,1
"10.1016/j.jtbi.2008.05.012",1,1,1
"10.1016/j.ifacol.2016.07.026",1,1,1
"10.1200/jco.22.00574",1,1,1
"10.3233/aic-201576",1,1,1
"10.2478/v10006-011-0001-6",1,1,1
"10.1109/lra.2019.2893413",1,1,1
"10.1016/j.tourman.2019.104004",1,1,1
"10.1177/10597123221147336",1,1,1
"10.1016/j.ifacol.2022.07.274",1,1,1
"10.1007/s10726-020-09652-8",1,1,1
"10.2507/ijsimm17(1)co5",1,1,1
"10.1093/ietisy/e88-d.9.2059",1,1,1
"10.1007/s10342-022-01512-1",1,1,1
"10.1145/3290511.3290561",1,1,1
"10.23919/springsim.2019.8732864",2,0,0
"10.1007/s10980-011-9676-1",1,1,1
"10.1007/s10588-012-9139-5",1,1,1
"10.1016/j.cja.2021.08.005",1,1,1
"10.1016/j.jfranklin.2019.07.030",1,1,1
"10.1155/2013/587569",1,1,1
"10.1007/s00199-004-0570-9",1,1,1
"10.1177/0037549705053172",1,1,1
"10.1371/journal.pone.0209065",1,1,1
"10.1109/tnse.2022.3229820",1,1,1
"10.1049/iet-its.2009.0037",1,1,1
"10.1002/jia2.25432",1,1,1
"10.1016/j.sysconle.2015.04.002",1,1,1
"10.1007/s40571-014-0030-7",1,1,1
"10.1109/tits.2016.2574948",1,1,1
"10.1155/2019/9127657",1,1,1
"10.1016/j.prevetmed.2008.03.004",1,1,1
"10.1007/s10980-008-9313-9",1,1,1
"10.1016/j.jfranklin.2015.08.023",1,1,1
"10.1016/j.simpat.2018.12.006",1,1,1
"10.1086/712798",1,1,1
"10.1007/s10980-019-00922-8",1,1,1
"10.1016/j.cja.2021.03.015",1,1,1
"10.1016/j.envsoft.2016.03.011",1,1,1
"10.24200/sci.2020.52145.2562",1,1,1
"10.1016/j.ijhydene.2021.02.214",1,1,1
"10.3390/app10144882",1,1,1
"10.1093/ietfec/e91-a.10.2909",1,1,1
"10.1016/j.jocs.2018.01.002",1,1,1
"10.1260/1478-0771.10.2.205",1,1,1
"10.1016/j.sbspro.2011.04.479",1,1,1
"10.1007/978-1-84882-215-3_19",1,1,1
"10.1167/iovs.14-14014",1,1,1
"10.1007/s10745-023-00431-y",1,1,1
"10.1016/j.sysconle.2023.105509",1,1,1
"10.1016/j.ijpe.2019.06.009",1,1,1
"10.1109/pvsc45281.2020.9300362",1,1,1
"10.1007/978-3-319-33386-1_19",1,1,1
"10.1109/rvsp.2015.51",1,1,1
"10.4018/ijcini.2015100104",1,1,1
"10.1016/j.jbusres.2020.02.018",1,1,1
"10.1080/03088830903187135",1,1,1
"10.1109/tnnls.2022.3143494",1,1,1
"10.3390/su13010168",1,1,1
"10.1016/j.ecolmodel.2016.06.014",1,1,1
"10.34172/ipp.2022.29293",1,1,1
"10.23919/jsee.2021.000088",1,1,1
"10.1115/1.3184605",1,1,1
"10.4178/epih.e2020042",1,1,1
"10.1109/35.544199",1,1,1
"10.1109/ea.2009.5071582",1,1,1
"10.1111/gcb.13499",1,1,1
"10.18564/jasss.3519",1,1,1
"10.1080/01605682.2022.2119173",2,0,0
"10.1068/a38441",1,1,1
"10.1057/jors.2015.34",1,1,1
"10.1016/j.epidem.2010.03.004",1,1,1
"10.1002/asjc.200",1,1,1
"10.1109/access.2023.3284316",1,1,1
"10.3390/g10010010",1,1,1
"10.1080/00207721.2017.1322639",1,1,1
"10.1016/j.tra.2021.12.013",1,1,1
"10.1007/s12652-018-0773-8",1,1,1
"10.1001/jama.2015.6251",1,1,1
"10.1109/access.2021.3060504",2,0,0
"10.1007/s11432-019-2687-7",1,1,1
"10.1016/j.joep.2011.02.010",1,1,1
"10.1093/aobpla/plw012",1,1,1
"10.1016/j.isatra.2020.09.012",1,1,1
"10.1186/s12966-022-01331-y",1,1,1
"10.1108/jaoc-11-2020-0197",1,1,1
"10.1080/14626260701253622",1,1,1
"10.1076/mcmd.9.2.137.16523",1,1,1
"10.1037/apl0000136",1,1,1
"10.1109/tpwrs.2022.3217922",2,0,0
"10.2507/ijsimm16(2)7.378",1,1,1
"10.1109/tpwrs.2018.2889989",1,1,1
"10.1186/s12913-022-07783-z",1,1,1
"10.1155/2020/4721218",1,1,1
"10.1186/s12938-015-0052-2",1,1,1
"10.1080/01969720902922384",1,1,1
"10.1007/978-3-030-80126-7_66",2,0,0
"10.1109/cdc.2010.5717347",1,1,1
"10.1007/s10614-009-9167-5",1,1,1
"10.1016/j.jfranklin.2021.07.038",1,1,1
"10.3389/fevo.2022.1075244",1,1,1
"10.1002/rnc.4252",1,1,1
"10.1007/978-3-030-04191-5_34",1,1,1
"10.1109/access.2020.3032583",1,1,1
"10.1109/models-c.2019.00071",1,1,1
"10.1016/j.automatica.2019.108797",1,1,1
"10.1007/978-3-030-85739-4_31",1,1,1
"10.1016/j.scitotenv.2022.158936",1,1,1
"10.1007/s00521-020-05048-6",1,1,1
"10.1007/s00191-023-00821-x",1,1,1
"10.1371/journal.pone.0216921",1,1,1
"10.1080/00207543.2019.1590660",1,1,1
"10.1007/s12469-014-0090-3",1,1,1
"10.1007/s10888-017-9370-x",1,1,1
"10.1016/j.cogsys.2018.09.012",1,1,1
"10.1109/lra.2021.3128705",1,1,1
"10.1007/978-3-319-30337-6_19",1,1,1
"10.1007/s10489-009-0187-6",1,1,1
"10.1080/14737167.2021.1865808",1,1,1
"10.18637/jss.v104.i07",1,1,1
"10.1111/0272-4332.216169",1,1,1
"10.7326/m14-2677",1,1,1
"10.1016/j.ejcon.2019.01.004",1,1,1
"10.1016/j.jclepro.2019.119623",1,1,1
"10.1080/00207170801983091",1,1,1
"10.1007/s00191-018-0592-2",1,1,1
"10.1109/tsmc.2023.3272527",2,0,0
"10.1016/j.mex.2023.102243",1,1,1
"10.1186/s12889-020-09885-x",1,1,1
"10.1080/00207721.2021.1954721",1,1,1
"10.1007/s00134-004-2456-5",1,1,1
"10.24507/ijicic.15.06.2341",1,1,1
"10.1016/j.ins.2019.08.010",1,1,1
"10.1007/978-94-007-5583-3_33",2,0,0
"10.3390/ijerph13111157",1,1,1
"10.1016/j.ecolmodel.2014.01.010",1,1,1
"10.1016/j.knosys.2013.12.012",1,1,1
"10.1016/s0952-1976(01)00025-2",1,1,1
"10.1109/icc45855.2022.9838808",1,1,1
"10.1016/j.amc.2017.10.018",1,1,1
"10.3390/resources8010023",1,1,1
"10.4028/www.scientific.net/amm.263-266.1515",1,1,1
"10.1007/s11071-022-07218-8",1,1,1
"10.1109/wi-iat.2012.142",1,1,1
"10.3233/ifs-151975",1,1,1
"10.1371/journal.pone.0202924",1,1,1
"10.1016/j.jval.2012.02.001",1,1,1
"10.1016/j.compstruct.2006.10.008",1,1,1
"10.1177/03611981221075022",1,1,1
"10.1111/1475-5890.12250",1,1,1
"10.1109/jsyst.2018.2850970",1,1,1
"10.1016/j.scitotenv.2021.149734",1,1,1
"10.2214/ajr.10.4962",1,1,1
"10.1016/j.ifacol.2018.10.138",1,1,1
"10.1017/s0030605320000447",1,1,1
"10.1371/journal.pone.0227899",1,1,1
"10.1503/cmaj.202380",1,1,1
"10.1186/s40621-022-00386-6",1,1,1
"10.1016/j.jde.2020.01.034",1,1,1
"10.3390/systems10030075",1,1,1
"10.1142/s0219525920500186",1,1,1
"10.18564/jasss.4349",1,1,1
"10.1103/physreve.79.026113",1,1,1
"10.1109/joe.2022.3204328",1,1,1
"10.1016/j.chb.2015.02.013",1,1,1
"10.1162/artl_a_00320",1,1,1
"10.1142/s0219877013400221",1,1,1
"10.1007/s11721-023-00225-4",1,1,1
"10.1016/j.amc.2015.06.035",1,1,1
"10.1016/j.automatica.2022.110788",1,1,1
"10.1016/j.anbehav.2007.04.021",1,1,1
"10.3141/2570-14",1,1,1
"10.1016/j.clon.2023.01.007",1,1,1
"10.1098/rsif.2009.0312",1,1,1
"10.1016/j.simpat.2020.102175",1,1,1
"10.2495/esus170191",1,1,1
"10.1016/j.ijpe.2020.107882",1,1,1
"10.1057/fsm.2012.12",1,1,1
"10.7314/apjcp.2013.14.12.7757",1,1,1
"10.1007/s10614-017-9671-y",1,1,1
"10.3390/land7020047",1,1,1
"10.1109/tcyb.2019.2959201",1,1,1
"10.1016/j.ecolmodel.2020.109159",1,1,1
"10.1016/j.eswa.2015.01.020",1,1,1
"10.1016/j.vlsi.2014.11.001",1,1,1
"10.1007/978-94-007-5583-3_7",2,0,0
"10.1007/978-3-030-92604-5_30",2,0,0
"10.1186/s12889-022-13432-1",1,1,1
"10.1109/tnse.2021.3126154",1,1,1
"10.1007/s10462-008-9089-y",1,1,1
"10.1016/j.apenergy.2017.03.121",1,1,1
"10.1371/journal.pone.0156078",1,1,1
"10.1134/s1019331622030182",1,1,1
"10.1109/nswctc.2009.135",1,1,1
"10.1016/j.eswa.2009.01.020",1,1,1
"10.1007/978-3-642-37896-6_9",1,1,1
"10.1061/(asce)wr.1943-5452.0001240",1,1,1
"10.1007/s00170-023-11517-8",1,1,1
"10.1145/3145574.3145592",1,1,1
"10.1007/3-540-40006-0_20",1,1,1
"10.1109/ems.2012.55",1,1,1
"10.1007/s11069-017-2996-y",1,1,1
"10.3390/electronics11203319",1,1,1
"10.1007/978-3-319-40902-3_20",1,1,1
"10.1186/s12879-023-08382-x",1,1,1
"10.1016/j.jss.2016.01.022",1,1,1
"10.1080/15325008.2022.2145387",1,1,1
"10.3390/ijerph18199970",1,1,1
"10.3390/languages7010031",1,1,1
"10.1142/s0218488515500075",1,1,1
"10.1016/j.jocs.2018.07.005",1,1,1
"10.1016/j.socscimed.2010.03.004",1,1,1
"10.1016/j.amepre.2019.06.022",1,1,1
"10.1002/jid.3637",1,1,1
"10.1093/infdis/jiab581",1,1,1
"10.1016/j.ecolmodel.2016.02.018",1,1,1
"10.1007/s11403-021-00344-3",1,1,1
"10.22055/jacm.2017.22183.1131",1,1,1
"10.1016/j.trc.2012.04.009",1,1,1
"10.1016/j.lungcan.2021.06.027",1,1,1
"10.1680/jtran.20.00050",2,0,0
"10.18421/tem82-07",1,1,1
"10.1007/978-3-319-14484-9",22,0,0
"10.1007/s10588-016-9215-3",1,1,1
"10.1109/tac.2021.3079407",1,1,1
"10.3390/su13031235",1,1,1
"10.1016/j.ifacol.2015.06.266",1,1,1
"10.1016/j.jenvman.2019.109669",1,1,1
"10.1016/s0924-0136(00)00712-3",1,1,1
"10.1095/biolreprod.112.101188",1,1,1
"10.1007/s10530-008-9246-x",1,1,1
"10.1080/14697688.2015.1091941",1,1,1
"10.3141/2174-05",1,1,1
"10.1007/978-3-319-19033-4_28",1,1,1
"10.1038/s41396-019-0547-0",1,1,1
"10.1111/csp2.87",1,1,1
"10.1016/j.ifacol.2017.08.064",1,1,1
"10.1109/mcse.2016.76",1,1,1
"10.1007/s10797-022-09738-w",1,1,1
"10.1111/j.1523-1739.2004.00304.x",1,1,1
"10.1007/s11116-015-9645-7",1,1,1
"10.1103/physreve.96.052403",1,1,1
"10.1177/1059712314547709",1,1,1
"10.1155/2019/8012890",1,1,1
"10.1016/j.eswa.2012.07.008",1,1,1
"10.1016/j.simpat.2010.08.005",1,1,1
"10.1007/s11403-022-00367-4",1,1,1
"10.1140/epjds/s13688-018-0153-9",1,1,1
"10.1016/j.ecolmodel.2007.01.003",1,1,1
"10.1140/epjds/s13688-016-0082-4",1,1,1
"10.1016/j.future.2020.02.036",1,1,1
"10.1049/iet-cta.2019.0020",1,1,1
"10.1111/j.1435-5957.2010.00307.x",1,1,1
"10.1016/j.ins.2022.04.035",1,1,1
"10.1007/s11431-020-1728-y",1,1,1
"10.1109/access.2023.3305951",1,1,1
"10.1016/j.ins.2019.05.049",1,1,1
"10.1016/b978-0-12-809633-8.90049-9",2,0,0
"10.1108/jhlscm-05-2018-0035",1,1,1
"10.1007/s10888-021-09489-4",1,1,1
"10.1525/cond.2011.090212",1,1,1
"10.1145/3277668",1,1,1
"10.1109/access.2018.2829881",1,1,1
"10.1111/ecog.05210",1,1,1
"10.1093/icc/dtt024",1,1,1
"10.1016/j.procs.2020.03.146",1,1,1
"10.1080/00207179.2018.1467044",1,1,1
"10.3354/meps11499",1,1,1
"10.1007/s10614-021-10158-x",1,1,1
"10.1007/978-3-319-09042-9_7",1,1,1
"10.1111/j.1813-6982.2006.00047.x",1,1,1
"10.1177/1548512917715154",1,1,1
"10.1134/s1064230709050116",1,1,1
"10.1007/s12555-022-0156-y",1,1,1
"10.1111/saje.12275",1,1,1
"10.1080/00207721.2020.1858364",1,1,1
"10.1109/tcyb.2020.3022695",1,1,1
"10.17310/ntj.2010.2.07",1,1,1
"10.1016/j.biosystems.2006.02.009",1,1,1
"10.1007/s13369-018-3279-y",1,1,1
"10.1093/cid/ciz321",1,1,1
"10.1016/j.physd.2013.06.010",1,1,1
"10.1080/00343404.2011.589829",1,1,1
"10.1371/journal.pone.0094411",1,1,1
"10.1109/tro.2023.3268595",2,0,0
"10.1016/j.simpat.2014.06.007",1,1,1
"10.1111/epi.13294",1,1,1
"10.3390/ijerph14121571",1,1,1
"10.18564/jasss.4532",1,1,1
"10.1109/access.2022.3171825",1,1,1
"10.1201/9781138586642",2,0,0
"10.1098/rspb.2006.0396",1,1,1
"10.1080/24725854.2022.2123998",1,1,1
"10.1016/j.cities.2019.06.018",1,1,1
"10.1109/access.2020.3049094",1,1,1
"10.3390/w11091776",1,1,1
"10.1080/15230406.2018.1435085",1,1,1
"10.1016/j.cja.2020.05.008",1,1,1
"10.1080/18756891.2012.747652",1,1,1
"10.1016/j.ifacol.2022.07.404",1,1,1
"10.1109/tcbb.2018.2831223",1,1,1
"10.1016/j.aap.2016.12.019",1,1,1
"10.1080/21680566.2022.2102553",1,1,1
"10.1080/01691864.2022.2050810",1,1,1
"10.1007/s11424-022-1036-5",1,1,1
"10.1142/s021952590800191x",1,1,1
"10.1371/journal.pcbi.1010254",1,1,1
"10.3390/en16135155",1,1,1
"10.1007/s12555-017-0345-2",1,1,1
"10.3233/idt-2011-0111",1,1,1
"10.1098/rsif.2011.0131",1,1,1
"10.1109/wsc.2010.5678937",1,1,1
"10.1016/j.socnet.2015.01.002",1,1,1
"10.1007/s11069-017-3096-8",1,1,1
"10.1142/s0218202519400050",1,1,1
"10.1016/j.compenvurbsys.2019.101400",1,1,1
"10.1080/00036846.2020.1808180",1,1,1
"10.1007/s11134-020-09683-7",1,1,1
"10.1186/s12879-022-07703-w",1,1,1
"10.1111/j.1728-4457.2015.00028.x",1,1,1
"10.1016/j.ecolmodel.2015.01.022",1,1,1
"10.1016/j.aap.2008.12.015",1,1,1
"10.3389/frwa.2020.00015",1,1,1
"10.1016/j.compind.2009.02.007",1,1,1
"10.1016/j.autcon.2019.103040",1,1,1
"10.1016/j.dib.2020.105999",1,1,1
"10.1016/j.eswa.2015.02.023",1,1,1
"10.1109/access.2020.3012992",1,1,1
"10.1016/j.ijepes.2018.02.020",1,1,1
"10.1007/978-3-319-40159-1_16",1,1,1
"10.1109/aciids.2009.17",1,1,1
"10.25088/complexsystems.24.1.49",1,1,1
"10.1109/tetci.2020.2978434",1,1,1
"10.1007/s10462-015-9435-9",1,1,1
"10.1109/fuzz45933.2021.9494407",1,1,1
"10.1016/j.simpat.2020.102268",1,1,1
"10.18564/jasss.3156",1,1,1
"10.1177/0037549716629232",1,1,1
"10.1108/jepp-01-2015-0003",1,1,1
"10.1111/ropr.12024",1,1,1
"10.1016/j.compind.2016.05.005",1,1,1
"10.1007/s00521-016-2398-1",1,1,1
"10.1007/978-3-642-54927-4_36",1,1,1
"10.1007/978-3-319-18944-4_15",1,1,1
"10.1016/j.future.2016.03.026",1,1,1
"10.2527/jas.2016.0664",1,1,1
"10.1109/access.2022.3223098",1,1,1
"10.1109/access.2020.2973344",1,1,1
"10.3390/app9204376",1,1,1
"10.1890/12-1881.1",1,1,1
"10.1108/17427370910976043",1,1,1
"10.1093/aje/kwx002",1,1,1
"10.1098/rsif.2016.0140",1,1,1
"10.1016/j.fishres.2005.01.022",1,1,1
"10.1007/s10489-018-1148-8",1,1,1
"10.1007/s11721-019-00176-9",1,1,1
"10.1016/j.geoforum.2013.11.005",1,1,1
"10.1109/iros.2005.1545429",1,1,1
"10.1016/j.ress.2019.106657",1,1,1
"10.1109/tsg.2012.2223723",1,1,1
"10.1142/s1363919618500354",1,1,1
"10.1007/978-3-319-69131-2_14",1,1,1
"10.1088/1748-9326/ac8b21",1,1,1
"10.1049/rpg2.12653",1,1,1
"10.5198/jtlu.2018.1191",1,1,1
"10.1142/s0219525917500072",1,1,1
"10.1016/j.mechatronics.2015.06.015",1,1,1
"10.1109/iske.2008.4730936",1,1,1
"10.1007/s11771-012-1036-z",1,1,1
"10.1016/j.eswa.2004.08.014",1,1,1
"10.1097/ccm.0000000000000500",1,1,1
"10.3389/frobt.2022.864745",1,1,1
"10.1108/17415650910965191",1,1,1
"10.1016/j.ecolecon.2014.01.007",1,1,1
"10.1057/s41289-020-00117-7",1,1,1
"10.1109/tie.2016.2593656",1,1,1
"10.1007/s13132-017-0446-4",1,1,1
"10.1016/j.compenvurbsys.2006.06.003",1,1,1
"10.1016/j.ssci.2017.04.005",1,1,1
"10.1016/j.compenvurbsys.2009.10.001",1,1,1
"10.1111/j.1571-9979.2007.00166.x",1,1,1
"10.1016/j.automatica.2015.10.020",1,1,1
"10.1016/j.cor.2012.11.024",1,1,1
"10.3141/2564-10",1,1,1
"10.5220/0008365602450251",1,1,1
"10.1016/j.renene.2023.02.064",1,1,1
"10.1109/tvt.2014.2374237",1,1,1
"10.1016/j.simpat.2012.12.007",1,1,1
"10.1371/journal.pone.0061542",1,1,1
"10.1109/jsyst.2020.3000930",1,1,1
"10.1111/ecin.12897",1,1,1
"10.1016/j.automatica.2020.109413",1,1,1
"10.1016/j.autcon.2022.104635",1,1,1
"10.1002/cnm.2877",1,1,1
"10.1109/tste.2018.2888562",1,1,1
"10.1016/j.compenvurbsys.2020.101541",1,1,1
"10.3233/jcm-2009-0232",1,1,1
"10.5694/mja15.00132",1,1,1
"10.1016/j.pocean.2015.04.003",1,1,1
"10.1890/04-1178",1,1,1
"10.1111/risa.12325",1,1,1
"10.1177/1046878118770217",1,1,1
"10.1089/jwh.2019.7995",1,1,1
"10.1016/0094-1190(88)90013-7",1,1,1
"10.1007/s11067-016-9323-0",1,1,1
"10.1371/journal.pcbi.1009919",1,1,1
"10.1139/cjce-2014-0218",1,1,1
"10.1007/978-3-319-19033-4_12",1,1,1
"10.1002/cncr.31543",1,1,1
"10.1007/s10015-019-00553-x",1,1,1
"10.1007/s10726-010-9190-x",1,1,1
"10.3390/app13137486",1,1,1
"10.1016/j.jbankfin.2013.02.032",1,1,1
"10.1098/rsfs.2014.0080",1,1,1
"10.1890/07-1269.1",1,1,1
"10.1016/j.ecolmodel.2022.110003",1,1,1
"10.1587/transinf.2020sap0001",1,1,1
"10.1080/17445760.2015.1016518",1,1,1
"10.1016/j.bulm.2004.09.006",1,1,1
"10.1111/1475-5890.12290",1,1,1
"10.1016/j.ifacol.2020.12.1094",1,1,1
"10.3390/s21144873",1,1,1
"10.1007/s10846-023-01910-6",1,1,1
"10.1007/s10666-017-9549-3",1,1,1
"10.1002/rnc.6802",1,1,1
"10.1016/j.idm.2022.01.003",1,1,1
"10.1109/access.2020.2991211",1,1,1
"10.3111/13696998.2015.1116990",1,1,1
"10.1080/21680566.2017.1421108",1,1,1
"10.1109/tsmc.2023.3274135",2,0,0
"10.1016/j.envsoft.2018.01.019",1,1,1
"10.1177/0037549719885021",1,1,1
"10.1098/rsif.2011.0325",1,1,1
"10.1007/s10956-017-9713-1",1,1,1
"10.1007/s40273-022-01160-8",1,1,1
"10.1016/j.ecolmodel.2015.09.014",1,1,1
"10.1177/0361198119853553",1,1,1
"10.1016/j.ins.2007.11.005",1,1,1
"10.3390/ijerph15112369",1,1,1
"10.1080/00207179.2021.1928291",1,1,1
"10.1017/s0263574704001390",1,1,1
"10.1017/s0007123412000439",1,1,1
"10.3390/su12145764",1,1,1
"10.1007/s11606-015-3231-8",1,1,1
"10.1016/j.compenvurbsys.2021.101623",1,1,1
"10.1111/ijpo.13003",1,1,1
"10.1002/rnc.1543",1,1,1
"10.1038/srep05679",1,1,1
"10.1109/tnnls.2017.2728622",1,1,1
"10.1080/1351847x.2021.1963300",1,1,1
"10.1007/s11280-023-01197-5",1,1,1
"10.1093/cid/civ220",1,1,1
"10.1016/j.chaos.2022.112277",1,1,1
"10.1016/j.jacr.2021.08.001",1,1,1
"10.1016/s1470-2045(19)30273-6",1,1,1
"10.1109/access.2020.3018122",1,1,1
"10.1007/s11116-006-9107-3",1,1,1
"10.1016/j.dss.2004.06.001",1,1,1
"10.1016/j.ecolmodel.2005.06.009",1,1,1
"10.1109/dexa.2012.31",1,1,1
"10.1097/mlr.0b013e3182836dc2",1,1,1
"10.1109/tsg.2015.2479557",1,1,1
"10.1016/j.autcon.2017.04.008",1,1,1
"10.1016/j.hpb.2021.06.005",1,1,1
"10.1080/21642583.2020.1764408",1,1,1
"10.3233/jifs-169142",1,1,1
"10.7866/hpe-rpe.21.3.6",1,1,1
"10.1016/j.scitotenv.2013.06.116",1,1,1
"10.1016/j.healthplace.2022.102740",1,1,1
"10.1109/ictai.2014.75",1,1,1
"10.3390/systems9030053",1,1,1
"10.4018/ijaci.2018010103",1,1,1
"10.1016/j.compenvurbsys.2013.11.003",1,1,1
"10.1007/s11403-020-00284-4",1,1,1
"10.1007/s10506-012-9130-y",1,1,1
"10.18564/jasss.4097",1,1,1
"10.1007/s10845-010-0469-1",1,1,1
"10.1002/etc.2409",1,1,1
"10.1002/rnc.3724",1,1,1
"10.3233/ais-180502",1,1,1
"10.1016/j.apenergy.2021.117086",1,1,1
"10.1002/jad.12114",1,1,1
"10.1016/j.cie.2011.11.012",1,1,1
"10.1109/wi-iat.2015.143",1,1,1
"10.1108/17427370780000155",1,1,1
"10.1016/s0014-2921(97)00007-x",1,1,1
"10.4018/ijcini.2013100101",1,1,1
"10.1371/journal.pone.0249996",1,1,1
"10.3390/su13042121",1,1,1
"10.1186/s40294-016-0040-9",1,1,1
"10.1016/j.ecolecon.2023.107756",1,1,1
"10.1016/j.jclepro.2020.122333",1,1,1
"10.2298/sarh181012065d",1,1,1
"10.1016/s0304-3800(98)00187-2",1,1,1
"10.1371/journal.pone.0163627",1,1,1
"10.1109/tsg.2018.2791398",1,1,1
"10.1109/mcse.2016.77",1,1,1
"10.3390/app9204406",1,1,1
"10.1109/tpwrd.2014.2371337",1,1,1
"10.3141/2080-06",1,1,1
"10.1016/j.ecolmodel.2022.110180",1,1,1
"10.1007/978-3-319-19644-2_23",1,1,1
"10.1038/s41598-020-65076-z",1,1,1
"10.1002/2050-7038.12607",1,1,1
"10.1016/s2214-109x(19)30339-0",1,1,1
"10.1007/s11229-014-0439-9",1,1,1
"10.1007/s40808-020-00983-8",1,1,1
"10.2478/jcbtp-2022-0004",1,1,1
"10.18564/jasss.4877",1,1,1
"10.3389/fpubh.2023.1101986",1,1,1
"10.1007/s10472-022-09789-z",1,1,1
"10.1007/s11403-022-00346-9",1,1,1
"10.1007/s00265-021-02965-x",1,1,1
"10.1007/s12667-020-00415-7",1,1,1
"10.5694/mja2.50356",1,1,1
"10.1016/j.jpolmod.2022.10.007",1,1,1
"10.1109/taes.2022.3203374",1,1,1
"10.3906/elk-1305-146",1,1,1
"10.1007/s11424-016-5036-1",1,1,1
"10.1016/j.ifacol.2017.08.152",1,1,1
"10.1109/fskd.2008.519",1,1,1
"10.1007/s13272-023-00665-y",2,0,0
"10.1016/j.eswa.2012.01.042",1,1,1
"10.1155/2017/6416795",1,1,1
"10.1109/tac.2017.2694341",1,1,1
"10.1016/j.jocm.2020.100203",1,1,1
"10.1007/s12555-021-0114-0",1,1,1
"10.1086/659995",1,1,1
"10.3390/su12135315",1,1,1
"10.1155/2012/232071",1,1,1
"10.1007/s11846-014-0139-3",1,1,1
"10.1007/s40999-018-0330-z",1,1,1
"10.3390/e19050194",1,1,1
"10.1016/j.fishres.2011.01.014",1,1,1
"10.1017/s0263574701003344",1,1,1
"10.1016/j.idm.2020.11.001",1,1,1
"10.3389/fsoc.2019.00006",1,1,1
"10.1016/j.ins.2010.03.017",1,1,1
"10.1145/3145574.3145586",1,1,1
"10.1089/chi.2021.0016",1,1,1
"10.1186/s40294-016-0041-8",1,1,1
"10.1007/s10015-016-0274-9",1,1,1
"10.1016/j.gloplacha.2016.06.010",1,1,1
"10.3390/s18040998",1,1,1
"10.1016/j.ecolmodel.2009.06.028",1,1,1
"10.1007/978-3-319-46140-3_22",1,1,1
"10.1115/1.4025751",1,1,1
"10.3989/scimar.2001.65s199",1,1,1
"10.1007/s10980-011-9689-9",1,1,1
"10.2514/1.i010912",1,1,1
"10.1109/tcyb.2018.2821700",1,1,1
"10.1108/jqme-01-2020-0005",1,1,1
"10.1080/00036846.2020.1861537",1,1,1
"10.1016/j.jtbi.2013.12.026",1,1,1
"10.3389/fpubh.2017.00340",1,1,1
"10.1098/rsos.210834",1,1,1
"10.1097/qad.0b013e3283522d47",1,1,1
"10.1111/j.1540-5915.2011.00319.x",1,1,1
"10.1142/s0129183113500423",1,1,1
"10.3141/2077-15",1,1,1
"10.1109/icmcce51767.2020.00332",1,1,1
"10.1016/j.jtbi.2006.10.012",1,1,1
"10.1371/journal.pmed.1002700",1,1,1
"10.1155/2020/1759370",1,1,1
"10.1177/0361198118798713",1,1,1
"10.4049/jimmunol.0903117",1,1,1
"10.1002/asjc.930",1,1,1
"10.1080/10494821003714681",1,1,1
"10.1111/jeb.12669",1,1,1
"10.1016/j.procir.2019.02.036",1,1,1
"10.1016/j.epidem.2015.08.002",1,1,1
"10.1109/access.2021.3059560",1,1,1
"10.3390/sym12071087",1,1,1
"10.1016/j.camwa.2009.05.024",1,1,1
"10.1186/s12879-022-07207-7",1,1,1
"10.1016/j.jocs.2014.09.001",1,1,1
"10.1038/s41598-019-52564-0",1,1,1
"10.1016/j.seares.2014.03.005",1,1,1
"10.1016/j.ecolmodel.2006.11.011",1,1,1
"10.1016/j.matcom.2016.05.008",1,1,1
"10.1098/rsos.150638",1,1,1
"10.1016/j.tra.2021.03.014",1,1,1
"10.1002/cam4.4672",1,1,1
"10.1080/088395101750065778",1,1,1
"10.1007/s11538-014-0059-z",1,1,1
"10.1016/j.sbspro.2011.08.028",1,1,1
"10.1007/s11192-019-03049-4",1,1,1
"10.1038/s41598-021-97804-4",1,1,1
"10.24507/ijicic.17.01.245",1,1,1
"10.1007/978-3-030-87672-2_22",1,1,1
"10.1016/j.actaastro.2021.08.052",1,1,1
"10.1007/s11625-020-00830-w",1,1,1
"10.1016/j.ejor.2020.05.020",1,1,1
"10.1115/fmd2013-16131",1,1,1
"10.1109/tase.2009.2035520",1,1,1
"10.1021/es070264m",1,1,1
"10.3389/fphys.2018.00304",1,1,1
"10.1109/tnnls.2023.3241070",1,1,1
"10.1006/jeem.1997.0984",1,1,1
"10.23919/jsee.2020.000083",1,1,1
"10.1109/eucnc/6gsummit51104.2021.9482591",1,1,1
"10.1007/978-3-319-48923-0_32",1,1,1
"10.1504/ijcis.2010.031072",1,1,1
"10.1007/s00500-020-04931-7",1,1,1
"10.1186/1475-2875-14-6",1,1,1
"10.1016/j.mbs.2021.108672",1,1,1
"10.1061/jtepbs.0000191",1,1,1
"10.1016/j.asoc.2015.10.036",1,1,1
"10.1109/coniel.2005.52",1,1,1
"10.1086/423151",1,1,1
"10.1016/j.jpdc.2022.01.022",1,1,1
"10.1186/s12889-018-6304-x",1,1,1
"10.1016/j.econmod.2016.07.008",1,1,1
"10.1016/j.amc.2020.125881",1,1,1
"10.1007/s10980-017-0559-y",1,1,1
"10.3390/su12176727",1,1,1
"10.1016/s0006-3207(00)00078-1",1,1,1
"10.4018/ijiit.2016010104",1,1,1
"10.1007/s00607-017-0584-3",1,1,1
"10.3390/app10186521",1,1,1
"10.1109/tii.2014.2316639",1,1,1
"10.7866/hpe-rpe.19.1.4",1,1,1
"10.3390/ijerph18136720",1,1,1
"10.18564/jasss.1620",1,1,1
"10.1111/j.1365-2664.2010.01831.x",1,1,1
"10.1016/j.jtbi.2019.110052",1,1,1
"10.31577/orgf.2023.30105",1,1,1
"10.2140/camcos.2021.16.1",1,1,1
"10.15302/j-eng-2015109",1,1,1
"10.1038/s41467-022-28731-9",1,1,1
"10.1111/weng.12584",1,1,1
"10.1177/03611981221089542",1,1,1
"10.1109/ictai.2010.71",1,1,1
"10.3390/app13053060",1,1,1
"10.1016/j.adhoc.2013.04.011",1,1,1
"10.1016/j.jtbi.2008.11.006",1,1,1
"10.1371/journal.pone.0228288",1,1,1
"10.1162/artl_a_00244",1,1,1
"10.1016/j.jval.2011.07.015",1,1,1
"10.3390/su12135355",1,1,1
"10.1371/journal.pone.0164000",1,1,1
"10.1016/j.robot.2023.104362",1,1,1
"10.1177/0361198120914293",1,1,1
"10.1108/imds-04-2015-0163",1,1,1
"10.1007/s11116-018-9907-2",1,1,1
"10.1007/s10980-009-9356-6",1,1,1
"10.1109/smc.2018.00204",1,1,1
"10.1098/rsos.190908",1,1,1
"10.1016/j.amc.2016.07.018",1,1,1
"10.1093/infdis/jiac473",1,1,1
"10.1166/jmihi.2015.1505",1,1,1
"10.1007/978-3-319-40162-1_3",1,1,1
"10.1007/s10980-006-9073-3",1,1,1
"10.1002/ecy.3246",1,1,1
"10.18564/jasss.4793",1,1,1
"10.1371/journal.pcbi.1002786",1,1,1
"10.1111/ibi.12769",1,1,1
"10.1016/j.energy.2023.127563",1,1,1
"10.1093/icc/dty010",1,1,1
"10.3390/aerospace8060162",1,1,1
"10.1002/ecs2.2062",1,1,1
"10.1016/j.ifacol.2017.08.1612",1,1,1
"10.3390/ijerph8030733",1,1,1
"10.1016/j.apenergy.2021.118430",1,1,1
"10.1111/1477-9552.12284",1,1,1
"10.1201/b15282",3,0,0
"10.1002/cncr.31141",1,1,1
"10.1002/asjc.23",1,1,1
"10.1016/j.autcon.2018.02.011",1,1,1
"10.1080/00207179.2015.1007531",1,1,1
"10.3390/aerospace7040048",1,1,1
"10.1016/j.gloenvcha.2016.07.005",1,1,1
"10.3390/app13116603",1,1,1
"10.1080/00207720601170636",1,1,1
"10.1109/jsee.2014.00056",1,1,1
"10.18564/jasss.3717",1,1,1
"10.1109/tcyb.2022.3204806",2,0,0
"10.1109/access.2019.2930826",1,1,1
"10.2507/ijsimm13(1)co4",1,1,1
"10.1145/3325914",1,1,1
"10.3390/app7111126",1,1,1
"10.1021/acs.est.2c07030",1,1,1
"10.1109/his.2009.230",1,1,1
"10.1111/j.1462-2920.2011.02535.x",1,1,1
"10.1016/j.cirpj.2021.06.010",1,1,1
"10.3390/en12152858",1,1,1
"10.1142/s0219525920500150",1,1,1
"10.1016/j.actaastro.2012.04.030",1,1,1
"10.1049/iet-cta.2018.5300",1,1,1
"10.1038/srep00105",1,1,1
"10.1002/we.319",1,1,1
"10.1504/ijcat.2010.034528",1,1,1
"10.1111/risa.14147",1,1,1
"10.1016/j.cities.2012.09.002",1,1,1
"10.1115/1.4030757",1,1,1
"10.1080/14697688.2019.1669809",1,1,1
"10.1177/0272989x05276955",1,1,1
"10.1016/j.sysconle.2018.10.004",1,1,1
"10.1007/s11370-017-0243-8",1,1,1
"10.1080/14737167.2021.1834384",1,1,1
"10.20965/jaciii.2018.p1026",1,1,1
"10.1007/978-3-319-50901-3_39",1,1,1
"10.1016/j.habitatint.2023.102816",1,1,1
"10.1002/jocb.466",1,1,1
"10.1016/j.future.2017.05.046",1,1,1
"10.1080/17477778.2023.2187321",1,1,1
"10.1016/j.jbi.2012.05.004",1,1,1
"10.1016/j.sysconle.2014.08.009",1,1,1
"10.1016/j.trd.2020.102593",1,1,1
"10.1016/j.physa.2019.121900",1,1,1
"10.18564/jasss.4304",1,1,1
"10.1109/tits.2020.3021592",1,1,1
"10.1111/mec.14271",1,1,1
"10.1109/vppc46532.2019.8952226",1,1,1
"10.1016/j.scitotenv.2019.07.101",1,1,1
"10.1007/s10479-006-0158-9",1,1,1
"10.1017/s0950268823000511",1,1,1
"10.1016/j.envsoft.2014.08.019",1,1,1
"10.1007/s40313-019-00530-6",1,1,1
"10.1210/jc.2014-1219",1,1,1
"10.1186/s13071-015-1143-4",1,1,1
"10.5009/gnl16447",1,1,1
"10.1111/j.1745-5871.2009.00615.x",1,1,1
"10.1016/j.cgh.2020.11.024",1,1,1
"10.1016/j.ifacol.2017.08.416",1,1,1
"10.1002/aic.12296",1,1,1
"10.1007/s12652-010-0010-6",1,1,1
"10.1007/s11424-021-0147-8",1,1,1
"10.1002/rnc.4100",1,1,1
"10.1007/s10946-021-10000-7",1,1,1
"10.1002/cpe.6446",1,1,1
"10.20965/jaciii.2009.p0304",1,1,1
"10.1007/978-3-319-21732-1_10",2,0,0
"10.1109/tcns.2021.3085815",1,1,1
"10.1007/978-3-319-66963-2_9",1,1,1
"10.3233/mgs-160249",1,1,1
"10.1016/j.soard.2019.02.003",1,1,1
"10.1109/lra.2023.3236565",1,1,1
"10.1080/08920753.2012.709463",1,1,1
"10.1016/j.gloei.2023.02.001",1,1,1
"10.1080/00207543.2021.1987554",1,1,1
"10.1016/s0304-3800(03)00130-3",1,1,1
"10.1016/j.eswa.2012.05.074",1,1,1
"10.1890/13-2264.1",1,1,1
"10.3141/2429-18",1,1,1
"10.1016/j.crm.2022.100420",1,1,1
"10.1109/tase.2022.3227964",1,1,1
"10.1016/j.neucom.2016.04.030",1,1,1
"10.1177/1059712318762733",1,1,1
"10.1016/j.jfranklin.2015.05.008",1,1,1
"10.5194/bg-19-1813-2022",1,1,1
"10.1245/s10434-021-10288-4",1,1,1
"10.1016/j.fishres.2004.08.024",1,1,1
"10.3390/su151410947",1,1,1
"10.1007/s13218-010-0052-0",1,1,1
"10.1080/00207179.2019.1580770",1,1,1
"10.1016/j.ecolmodel.2005.07.026",1,1,1
"10.1002/rnc.3010",1,1,1
"10.4018/jdet.2013070101",1,1,1
"10.1016/j.eist.2013.06.001",1,1,1
"10.1016/j.ecolmodel.2012.03.017",1,1,1
"10.1016/j.enpol.2008.11.017",1,1,1
"10.1109/tsg.2016.2577684",1,1,1
"10.1016/j.cstp.2016.06.002",1,1,1
"10.1002/rnc.3195",1,1,1
"10.1016/j.ress.2021.107476",1,1,1
"10.3390/app11104345",1,1,1
"10.1007/s11116-020-10154-4",1,1,1
"10.1016/j.ssci.2015.09.001",1,1,1
"10.1007/978-3-319-19033-4_34",1,1,1
"10.18421/tem104-38",1,1,1
"10.1007/s11431-022-2302-6",1,1,1
"10.1007/978-3-319-62428-0_8",1,1,1
"10.3390/drones6100273",1,1,1
"10.1016/j.amc.2019.04.005",1,1,1
"10.1016/j.jth.2022.101373",1,1,1
"10.5751/es-10799-240301",1,1,1
"10.1007/s00500-016-2301-0",1,1,1
"10.1093/imaman/dpq009",1,1,1
"10.1109/tcns.2020.2988223",1,1,1
"10.1016/j.jacceco.2016.01.002",1,1,1
"10.1080/23249935.2018.1559895",1,1,1
"10.1145/3490354.3494385",1,1,1
"10.1145/2629692",1,1,1
"10.1016/j.techfore.2021.121060",1,1,1
"10.1177/03611981221099913",1,1,1
"10.1109/tii.2014.2378596",1,1,1
"10.1016/j.enpol.2008.11.002",1,1,1
"10.1002/rnc.6879",1,1,1
"10.21437/interspeech.2017-922",1,1,1
"10.1016/j.ophtha.2012.01.054",1,1,1
"10.3390/jsan8010009",1,1,1
"10.1080/15568318.2019.1656310",1,1,1
"10.1142/s0218127410027945",1,1,1
"10.1017/s0263574721000424",1,1,1
"10.1057/jors.2012.121",1,1,1
"10.1007/s10458-011-9191-4",1,1,1
"10.1007/s11116-014-9533-6",1,1,1
"10.1007/s12053-020-09841-z",1,1,1
"10.1016/j.energy.2017.05.114",1,1,1
"10.1016/j.neucom.2015.11.076",1,1,1
"10.3141/2134-07",1,1,1
"10.3390/systems11050228",1,1,1
"10.1016/j.apenergy.2012.05.020",1,1,1
"10.1109/tac.2022.3213608",2,0,0
"10.1148/radiol.2019182095",1,1,1
"10.1177/03611981211018469",1,1,1
"10.3390/e25010045",1,1,1
"10.1111/oik.07073",1,1,1
"10.1145/3520304.3528900",1,1,1
"10.1016/j.ijbiomac.2020.05.065",1,1,1
"10.1080/00220380701848392",1,1,1
"10.3354/meps305203",1,1,1
"10.1049/cit2.12056",1,1,1
"10.1109/jsyst.2022.3220823",1,1,1
"10.1142/s0219525908001921",1,1,1
"10.3934/mbe.2021380",1,1,1
"10.1016/j.eswa.2008.05.056",1,1,1
"10.1016/s1665-6423(13)71518-9",1,1,1
"10.1016/j.ecoinf.2019.101022",1,1,1
"10.1016/j.ecocom.2016.02.003",1,1,1
"10.1016/j.future.2003.11.001",1,1,1
"10.20998/2074-272x.2022.3.04",1,1,1
"10.1080/00207179.2018.1441550",1,1,1
"10.1007/978-3-319-63618-4_14",1,1,1
"10.1007/s10750-013-1519-4",1,1,1
"10.1016/j.engappai.2020.103740",1,1,1
"10.1002/ijc.34358",1,1,1
"10.4324/9780203006979",3,0,0
"10.1007/978-3-319-94120-2_19",1,1,1
"10.1016/j.envsoft.2019.104524",1,1,1
"10.1016/j.jfranklin.2016.10.017",1,1,1
"10.1155/2018/6089280",1,1,1
"10.1002/asjc.1001",1,1,1
"10.1007/978-3-319-40159-1_24",1,1,1
"10.1016/j.compbiomed.2021.104938",1,1,1
"10.1016/j.ecolmodel.2016.10.001",1,1,1
"10.1007/978-3-319-27478-2_15",1,1,1
"10.1080/15567036.2019.1661550",1,1,1
"10.1109/tnnls.2022.3207470",1,1,1
"10.1038/s41598-020-68094-z",1,1,1
"10.1049/iet-cta.2013.0216",1,1,1
"10.1097/qai.0000000000003110",1,1,1
"10.1109/tnse.2022.3155287",1,1,1
"10.1177/0001839214538021",1,1,1
"10.1049/iet-rpg.2019.0900",1,1,1
"10.1007/978-1-84996-074-8_15",1,1,1
"10.1093/beheco/arp023",1,1,1
"10.1177/0885412207314010",1,1,1
"10.1111/gcb.12656",1,1,1
"10.1016/j.habitatint.2019.102096",1,1,1
"10.1049/iet-cta.2019.1136",1,1,1
"10.1097/qad.0000000000002749",1,1,1
"10.3389/fevo.2022.1002475",1,1,1
"10.1007/s41109-022-00467-x",1,1,1
"10.3389/fimmu.2015.00311",1,1,1
"10.1016/j.ecolmodel.2017.04.002",1,1,1
"10.4018/ijisp.2017010102",1,1,1
"10.1016/j.apenergy.2014.04.022",1,1,1
"10.1145/3442381.3449812",1,1,1
"10.1007/978-3-319-19644-2_58",1,1,1
"10.1109/ictai52525.2021.00113",1,1,1
"10.1016/j.compbiomed.2023.106942",1,1,1
"10.1155/2021/7386169",1,1,1
"10.1007/s12667-018-0308-6",1,1,1
"10.1016/j.econmod.2013.07.002",1,1,1
"10.1007/s12080-017-0339-y",1,1,1
"10.1007/s11403-022-00372-7",1,1,1
"10.1017/s1474746417000100",1,1,1
"10.1002/asjc.1186",1,1,1
"10.3389/fpubh.2021.726690",1,1,1
"10.1080/09687599.2020.1809351",1,1,1
"10.1016/j.eswa.2023.120495",1,1,1
"10.1016/j.jtbi.2021.110820",1,1,1
"10.1007/978-3-319-62410-5_10",1,1,1
"10.1109/tcst.2011.2180906",1,1,1
"10.1109/tcns.2015.2489358",1,1,1
"10.1002/eap.2617",1,1,1
"10.1016/j.engappai.2010.04.001",1,1,1
"10.1111/cobi.12431",1,1,1
"10.1007/s10100-011-0211-x",1,1,1
"10.1016/j.amc.2015.08.115",1,1,1
"10.1134/s106235901908003x",1,1,1
"10.1109/tcyb.2023.3252800",1,1,1
"10.1287/ijoc.2021.1078",1,1,1
"10.1007/s40534-016-0103-9",1,1,1
"10.1016/j.jtte.2016.12.002",1,1,1
"10.1186/1475-2875-7-203",1,1,1
"10.1016/j.actatropica.2014.03.021",1,1,1
"10.1016/j.compenvurbsys.2015.09.005",1,1,1
"10.1109/tevc.2015.2494382",1,1,1
"10.1093/ietcom/e91-b.9.2972",1,1,1
"10.1108/imds-07-2017-0321",1,1,1
"10.1016/j.compenvurbsys.2022.101772",1,1,1
"10.1016/j.eswa.2013.10.012",1,1,1
"10.1007/s10393-009-0236-y",1,1,1
"10.1016/j.jclepro.2018.02.113",1,1,1
"10.1016/j.ins.2022.10.125",1,1,1
"10.1007/s00038-020-01351-0",1,1,1
"10.3390/app8020211",1,1,1
"10.1242/jeb.210021",1,1,1
"10.1017/s0950268818003540",1,1,1
"10.1007/s00198-017-3940-4",1,1,1
"10.1080/0022250x.2021.1981310",1,1,1
"10.1111/j.1524-4733.2008.00437.x",1,1,1
"10.1016/j.inffus.2022.10.029",1,1,1
"10.1109/tsg.2015.2510547",1,1,1
"10.1109/tac.2016.2558040",1,1,1
"10.1109/jiot.2020.2989924",1,1,1
"10.1109/acc.2009.5160581",1,1,1
"10.1109/acc.2008.4586591",1,1,1
"10.1016/j.healun.2018.09.007",1,1,1
"10.1162/artl_a_00293",1,1,1
"10.5018/economics-ejournal.ja.2014-8",1,1,1
"10.1016/j.crvi.2004.09.012",1,1,1
"10.1016/j.simpat.2005.07.002",1,1,1
"10.1075/is.8.1.03wor",1,1,1
"10.1093/bioinformatics/btq437",1,1,1
"10.1016/j.ecolecon.2021.107338",1,1,1
"10.3934/naco.2012.2.45",1,1,1
"10.1016/j.physbeh.2018.04.032",1,1,1
"10.1080/13658816.2016.1177641",1,1,1
"10.1016/j.pocean.2011.07.015",1,1,1
"10.1111/coin.12181",1,1,1
"10.1016/j.envpol.2011.02.023",1,1,1
"10.3390/e23091138",1,1,1
"10.1007/978-3-319-45656-0_23",1,1,1
"10.1016/j.jmarsys.2021.103515",1,1,1
"10.1093/pm/pnz275",1,1,1
"10.2307/2265620",1,1,1
"10.1016/j.icesjms.2004.06.001",1,1,1
"10.1371/journal.pone.0001790",1,1,1
"10.1016/j.simpat.2023.102792",1,1,1
"10.2166/hydro.2015.146",1,1,1
"10.1093/reseval/rvs032",1,1,1
"10.15837/ijccc.2010.5.2223",1,1,1
"10.1007/s10489-021-02658-y",1,1,1
"10.1111/eva.12943",1,1,1
"10.1007/s00191-021-00741-8",1,1,1
"10.1016/j.egyr.2021.11.097",1,1,1
"10.1093/aob/mcm189",1,1,1
"10.1109/tcss.2021.3114504",1,1,1
"10.1177/0894439310370097",1,1,1
"10.1080/23270012.2023.2229842",2,0,0
"10.1016/j.trpro.2018.12.173",1,1,1
"10.1073/pnas.1508253112",1,1,1
"10.1109/inmic48123.2019.9022684",1,1,1
"10.1007/978-3-319-25524-8_2",1,1,1
"10.1016/j.automatica.2015.09.035",1,1,1
"10.1016/j.jtbi.2019.110000",1,1,1
"10.1007/s11403-013-0109-x",1,1,1
"10.1016/j.neucom.2018.06.013",1,1,1
"10.1371/journal.pone.0242323",1,1,1
"10.1016/j.jembe.2004.11.009",1,1,1
"10.1016/0169-023x(95)00007-f",1,1,1
"10.1007/s10530-011-0036-5",1,1,1
"10.1016/j.trpro.2014.10.083",1,1,1
"10.1007/s10115-010-0332-x",1,1,1
"10.1177/0010414011407474",1,1,1
"10.1080/03081060.2020.1828934",1,1,1
"10.1016/j.artmed.2012.12.003",1,1,1
"10.1016/j.ifacol.2021.06.003",1,1,1
"10.1016/j.neucom.2018.06.007",1,1,1
"10.1007/s10745-016-9823-z",1,1,1
"10.1504/ijcse.2018.093776",1,1,1
"10.1016/j.techfore.2015.08.003",1,1,1
"10.3906/elk-1503-61",1,1,1
"10.1016/j.engappai.2016.01.025",1,1,1
"10.1212/wnl.0b013e318294b1cf",1,1,1
"10.1080/0376835x.2013.756219",1,1,1
"10.1109/dese.2019.00018",1,1,1
"10.1109/sitis.2013.166",1,1,1
"10.1080/00207543.2023.2173509",1,1,1
"10.1016/j.simpat.2008.11.003",1,1,1
"10.1371/journal.pone.0075633",1,1,1
"10.1007/978-3-319-19629-9_3",1,1,1
"10.1007/978-3-319-12784-2_14",2,0,0
"10.1007/978-3-030-50097-9_49",1,1,1
"10.20965/jdr.2015.p1081",1,1,1
"10.1109/access.2020.3048104",1,1,1
"10.1177/0361198120919119",1,1,1
"10.1007/s00285-007-0072-z",1,1,1
"10.1186/s12889-020-08852-w",1,1,1
"10.1016/j.jtbi.2022.111028",1,1,1
"10.1016/j.ecoinf.2020.101056",1,1,1
"10.18564/jasss.3970",1,1,1
"10.1016/j.jebo.2017.09.016",1,1,1
"10.1103/physreve.87.030801",1,1,1
"10.1111/tesg.12271",1,1,1
"10.1371/journal.pone.0138172",1,1,1
"10.1111/j.0004-0894.2004.00211.x",1,1,1
"10.1186/s12889-019-7086-5",1,1,1
"10.1007/s10472-010-9177-y",1,1,1
"10.1002/eap.1758",1,1,1
"10.1080/01691864.2022.2133552",1,1,1
"10.1080/17477778.2023.2207747",1,1,1
"10.1016/j.bone.2008.08.119",1,1,1
"10.1111/risa.13507",1,1,1
"10.1109/access.2020.3045919",1,1,1
"10.1007/978-3-319-47253-9_39",1,1,1
"10.1016/j.ast.2023.108415",1,1,1
"10.3390/su132413744",1,1,1
"10.1053/j.ajkd.2009.11.017",1,1,1
"10.1057/s41599-020-0479-3",1,1,1
"10.18564/jasss.4429",1,1,1
"10.1109/tia.2017.2691298",1,1,1
"10.1287/opre.1110.1019",1,1,1
"10.1093/icc/dty021",1,1,1
"10.1109/access.2020.3037325",1,1,1
"10.1109/tnse.2022.3225229",1,1,1
"10.1088/1755-1315/230/1/012118",1,1,1
"10.1111/saje.12341",1,1,1
"10.1016/j.respol.2013.03.002",1,1,1
"10.1142/s0218202508003005",1,1,1
"10.3390/en12183589",1,1,1
"10.1049/iet-cta.2011.0393",1,1,1
"10.1007/s11116-007-9156-2",1,1,1
"10.1016/j.jfranklin.2020.08.021",1,1,1
"10.1142/s0218194008003659",1,1,1
"10.1016/j.compind.2003.12.001",1,1,1
"10.1142/s0219622022500286",1,1,1
"10.1186/s12976-021-00151-0",1,1,1
"10.3390/info11010034",1,1,1
"10.3390/vaccines10122033",1,1,1
"10.1109/tnse.2022.3147254",1,1,1
"10.4028/www.scientific.net/amm.37-38.960",1,1,1
"10.1080/19427867.2021.2019487",1,1,1
"10.3390/ijerph14070730",1,1,1
"10.1007/978-88-470-1778-8_5",1,1,1
"10.1086/711414",1,1,1
"10.1016/j.tust.2023.105046",1,1,1
"10.1371/journal.pone.0112203",1,1,1
"10.1098/rspb.2002.2182",1,1,1
"10.3389/fevo.2017.00149",1,1,1
"10.1109/access.2019.2910352",1,1,1
"10.1371/journal.pone.0271108",1,1,1
"10.1007/s10845-015-1137-2",1,1,1
"10.1186/s12916-022-02232-4",1,1,1
"10.1080/14697688.2018.1460486",1,1,1
"10.1080/0032472031000147946",1,1,1
"10.1016/j.scs.2022.104354",1,1,1
"10.1017/npt.2021.27",1,1,1
"10.1002/sys.21465",1,1,1
"10.1111/j.1420-9101.2004.00776.x",1,1,1
"10.1061/(asce)wr.1943-5452.0000744",1,1,1
"10.1177/0037549715615680",1,1,1
"10.1520/ssms20180036",1,1,1
"10.5198/jtlu.2015.390",1,1,1
"10.1002/ece3.8215",1,1,1
"10.1007/978-3-319-39324-7_25",1,1,1
"10.1109/icee52715.2021.9544123",1,1,1
"10.1016/j.automatica.2022.110644",1,1,1
"10.1016/j.engappai.2010.07.003",1,1,1
"10.1109/tcns.2019.2947589",1,1,1
"10.1007/s00779-020-01434-y",1,1,1
"10.1155/2020/8830359",1,1,1
"10.1145/3583131.3590468",1,1,1
"10.1007/s00521-022-07775-4",1,1,1
"10.1093/evolut/qpad072",1,1,1
"10.1016/j.trc.2004.12.003",1,1,1
"10.1016/j.apenergy.2020.115548",1,1,1
"10.1016/j.actaastro.2020.01.006",1,1,1
"10.1177/0361198120917384",1,1,1
"10.1016/j.aej.2011.12.001",1,1,1
"10.1016/j.mechatronics.2020.102399",1,1,1
"10.1109/aims.2015.65",1,1,1
"10.1186/s12859-020-03728-7",1,1,1
"10.1080/00207543.2014.919414",1,1,1
"10.1007/978-981-19-1412-6_46",1,1,1
"10.1016/j.agwat.2013.05.015",1,1,1
"10.12700/aph.14.1.2017.1.7",1,1,1
"10.1016/j.automatica.2022.110768",1,1,1
"10.1007/s10553-020-01179-7",1,1,1
"10.1109/tie.2020.2992015",1,1,1
"10.1890/13-0574.1",1,1,1
"10.1145/3038912.3052678",1,1,1
"10.1097/olq.0000000000000882",1,1,1
"10.1016/j.theriogenology.2020.10.035",1,1,1
"10.1109/tcyb.2021.3125332",1,1,1
"10.1108/ijebr-11-2016-0374",1,1,1
"10.1016/j.agsy.2004.02.009",1,1,1
"10.1080/08839510490514869",1,1,1
"10.3389/fmicb.2017.02509",1,1,1
"10.1016/j.heliyon.2021.e07859",1,1,1
"10.1667/rr2165.1",1,1,1
"10.1023/a:1023949330747",1,1,1
"10.1016/j.epidem.2014.07.002",1,1,1
"10.1109/access.2020.3037676",1,1,1
"10.1080/0960085x.2022.2125840",1,1,1
"10.1007/s12555-013-0518-6",1,1,1
"10.1002/sres.2218",1,1,1
"10.1504/ijhtm.2020.116801",1,1,1
"10.1016/j.jval.2016.07.006",1,1,1
"10.1038/s41558-022-01501-7",1,1,1
"10.1016/j.energy.2012.05.009",1,1,1
"10.3141/2054-12",1,1,1
"10.1002/ecy.1803",1,1,1
"10.1109/access.2020.3040602",1,1,1
"10.1080/01441647.2022.2038716",1,1,1
"10.1371/journal.pone.0218890",1,1,1
"10.1080/00207179.2016.1245868",1,1,1
"10.3390/wevj12010018",1,1,1
"10.1098/rsos.220018",1,1,1
"10.1016/j.eswa.2006.01.016",1,1,1
"10.4054/demres.2013.28.23",1,1,1
"10.1016/j.jenvman.2019.07.016",1,1,1
"10.1007/s00477-014-0942-z",1,1,1
"10.1016/j.ins.2019.09.053",1,1,1
"10.1016/j.ifacol.2022.08.063",1,1,1
"10.1155/2022/1516419",1,1,1
"10.1016/j.jbi.2020.103475",1,1,1
"10.1016/j.jenvman.2021.112901",1,1,1
"10.1016/j.mbs.2008.06.002",1,1,1
"10.1111/j.1467-8489.2012.00606.x",1,1,1
"10.1097/ede.0b013e3181e6639f",1,1,1
"10.1007/s11116-019-10073-z",1,1,1
"10.3389/fphys.2020.00319",1,1,1
"10.1142/s021962201950038x",1,1,1
"10.1080/13696998.2017.1371033",1,1,1
"10.3390/app10051704",1,1,1
"10.1007/978-3-319-13560-1",3,0,0
"10.1016/j.jtbi.2008.05.037",1,1,1
"10.1109/robot.2010.5509788",1,1,1
"10.1109/tii.2018.2877739",1,1,1
"10.1109/indin.2003.1300263",1,1,1
"10.18564/jasss.3458",1,1,1
"10.1073/pnas.1599993112",1,1,1
"10.1016/j.ijepes.2020.105898",1,1,1
"10.1016/j.neucom.2014.05.070",1,1,1
"10.1145/3282373.3282424",1,1,1
"10.1016/j.ecolmodel.2005.02.008",1,1,1
"10.3389/fpsyg.2019.02082",1,1,1
"10.1016/j.omega.2016.06.009",1,1,1
"10.1016/j.jfranklin.2018.01.017",1,1,1
"10.3354/meps342151",1,1,1
"10.1007/s10796-017-9791-x",1,1,1
"10.1109/tits.2008.2006812",1,1,1
"10.1109/itsc48978.2021.9564797",1,1,1
"10.3390/socsci11110493",1,1,1
"10.1016/j.iref.2016.01.012",1,1,1
"10.1007/s11116-019-10018-6",1,1,1
"10.1007/s00423-008-0370-y",1,1,1
"10.1080/17474230903220386",1,1,1
"10.1016/j.trc.2019.06.013",1,1,1
"10.1016/s0161-8938(97)00009-4",1,1,1
"10.1371/journal.pone.0133581",1,1,1
"10.3390/su14159715",1,1,1
"10.1109/access.2020.3044055",1,1,1
"10.3390/sym12040631",1,1,1
"10.2214/ajr.14.12550",1,1,1
"10.1016/j.jhydrol.2020.125138",1,1,1
"10.1007/978-3-642-39928-2_6",1,1,1
"10.1038/s41396-020-00858-x",1,1,1
"10.1109/access.2020.3012983",1,1,1
"10.1109/icmas.1998.699074",1,1,1
"10.1109/lwc.2022.3167568",1,1,1
"10.3390/en10101491",1,1,1
"10.17559/tv-20160926123551",1,1,1
"10.1017/s1474747213000334",1,1,1
"10.1016/j.gloenvcha.2016.04.007",1,1,1
"10.1177/0361198118792128",1,1,1
"10.1007/s11235-009-9184-7",1,1,1
"10.1177/1046878107300665",1,1,1
"10.4324/9780203883631",2,0,0
"10.1007/s11390-020-9967-6",1,1,1
"10.1186/s12874-022-01645-2",1,1,1
"10.1371/journal.pone.0274417",1,1,1
"10.1109/access.2020.3035794",1,1,1
"10.1007/s10846-018-0843-3",1,1,1
"10.1016/j.ifacol.2019.08.213",1,1,1
"10.1371/journal.pone.0173119",1,1,1
"10.1007/s10955-021-02807-0",1,1,1
"10.1109/tvt.2007.897219",1,1,1
"10.1016/j.ifacol.2023.03.040",1,1,1
"10.1016/j.cad.2014.10.007",1,1,1
"10.1007/s00158-017-1665-9",1,1,1
"10.1089/chi.2021.0264",1,1,1
"10.1007/s11633-011-0593-1",1,1,1
"10.1016/j.ifacol.2015.12.182",1,1,1
"10.1213/ane.0b013e31817f1563",1,1,1
"10.2196/27419",1,1,1
"10.1093/icb/34.3.382",2,0,0
"10.1097/olq.0000000000001467",1,1,1
"10.1177/0037549705060793",1,1,1
"10.1186/1752-0509-5-71",1,1,1
"10.1109/wi-iat.2012.136",1,1,1
"10.1387/ijdb.092937mr",1,1,1
"10.1186/bcr2477",1,1,1
"10.1007/s11071-017-3833-2",1,1,1
"10.1142/s0218202513500036",1,1,1
"10.1109/synasc51798.2020.00045",1,1,1
"10.1016/j.renene.2018.07.048",1,1,1
"10.1016/j.ecolmodel.2016.02.017",1,1,1
"10.1016/j.ecoinf.2018.03.006",1,1,1
"10.1080/17489725.2015.1027752",1,1,1
"10.1111/gcb.15484",1,1,1
"10.1016/j.automatica.2020.109125",1,1,1
"10.2478/cait-2021-0034",1,1,1
"10.1016/j.neucom.2012.12.033",1,1,1
"10.1007/s00170-008-1387-7",1,1,1
"10.1061/(asce)up.1943-5444.0000084",1,1,1
"10.1142/s0218001407005582",1,1,1
"10.1371/journal.pone.0280326",1,1,1
"10.1007/978-3-319-67077-5_52",1,1,1
"10.12694/scpe.v18i2.1283",1,1,1
"10.1016/j.procs.2016.09.008",1,1,1
"10.1016/j.ecolmodel.2003.10.014",1,1,1
"10.1093/jae/ejab027",1,1,1
"10.1007/s11277-021-08356-9",1,1,1
"10.1577/t05-045.1",1,1,1
"10.1016/j.idm.2022.07.003",1,1,1
"10.1016/j.jtbi.2014.10.040",1,1,1
"10.1109/ieem44572.2019.8978641",1,1,1
"10.1109/tac.2021.3123239",1,1,1
"10.3390/su14031535",1,1,1
"10.1007/s00191-023-00818-6",1,1,1
"10.18564/jasss.3223",1,1,1
"10.1177/0170840610376148",1,1,1
"10.1371/journal.pone.0008511",1,1,1
"10.3233/thc-150999",1,1,1
"10.1016/j.jfranklin.2020.04.014",1,1,1
"10.1007/s11721-021-00206-5",1,1,1
"10.1007/s40273-013-0058-1",1,1,1
"10.1016/j.jfranklin.2022.08.031",1,1,1
"10.3991/ijet.v11i11.6250",1,1,1
"10.3233/idt-170288",1,1,1
"10.1177/1548512916653189",1,1,1
"10.1109/tsg.2011.2159405",1,1,1
"10.1177/0037549715581637",1,1,1
"10.3390/su142315657",1,1,1
"10.1093/comjnl/47.6.708",1,1,1
"10.4028/www.scientific.net/amr.472-475.3251",1,1,1
"10.1016/j.eap.2019.02.003",1,1,1
"10.1109/tcns.2017.2736959",1,1,1
"10.1007/978-3-319-94649-8_40",1,1,1
"10.1007/s10955-011-0201-3",1,1,1
"10.1371/journal.pmed.1004212",1,1,1
"10.1016/j.ejor.2018.02.013",1,1,1
"10.3934/mbe.2022574",1,1,1
"10.1007/s10489-020-01666-8",1,1,1
"10.1080/17451000.2011.642805",1,1,1
"10.1371/journal.pone.0206817",1,1,1
"10.1080/21681015.2018.1534757",1,1,1
"10.1016/j.asoc.2011.05.058",1,1,1
"10.3141/2316-01",1,1,1
"10.1111/csp2.12938",1,1,1
"10.1021/es8015793",1,1,1
"10.1016/j.knosys.2009.07.011",1,1,1
"10.1109/tac.2022.3209441",2,0,0
"10.3390/s22208020",1,1,1
"10.1016/j.forpol.2003.08.004",1,1,1
"10.1007/s10588-018-9268-6",1,1,1
"10.1145/1842722.1842728",1,1,1
"10.1016/j.rsma.2018.03.005",1,1,1
"10.1007/s12117-016-9298-8",1,1,1
"10.1177/03611981211070283",1,1,1
"10.1098/rsif.2021.0871",1,1,1
"10.1016/j.procs.2013.06.115",1,1,1
"10.1109/tits.2019.2916867",1,1,1
"10.20965/jaciii.2022.p0504",1,1,1
"10.3390/land10070666",1,1,1
"10.4018/ijitwe.2013100104",1,1,1
"10.1109/tce.2018.2888511",1,1,1
"10.1007/s10845-017-1300-z",1,1,1
"10.1002/asjc.2594",1,1,1
"10.1016/j.jnca.2013.09.017",1,1,1
"10.1098/rsif.2014.0409",1,1,1
"10.1177/03611981211037241",1,1,1
"10.3390/en12132460",1,1,1
"10.3390/robotics8020035",1,1,1
"10.1007/978-3-319-19638-1_14",1,1,1
"10.1080/00207543.2010.519489",1,1,1
"10.1057/jors.2014.12",1,1,1
"10.20965/jaciii.2014.p0573",1,1,1
"10.1016/s0380-1330(03)70498-5",1,1,1
"10.1080/01969722.2014.970400",1,1,1
"10.1007/s10015-004-0335-3",1,1,1
"10.1111/1475-6773.12041",1,1,1
"10.16993/sjdr.933",1,1,1
"10.1007/s10796-015-9608-8",1,1,1
"10.1016/j.compind.2005.04.004",1,1,1
"10.1016/j.amc.2018.12.038",1,1,1
"10.3233/idt-2009-0061",1,1,1
"10.1136/jech-2018-211749",1,1,1
"10.1098/rsos.190029",1,1,1
"10.3389/frobt.2020.00057",1,1,1
"10.3233/jifs-18760",1,1,1
"10.1016/j.jss.2009.05.022",1,1,1
"10.3389/fbuil.2020.00086",1,1,1
"10.1061/(asce)te.1943-5436.0000441",1,1,1
"10.1007/s11367-013-0643-8",1,1,1
"10.1109/access.2021.3106663",1,1,1
"10.1007/s00146-014-0538-7",1,1,1
"10.1177/2381468320932894",1,1,1
"10.1109/icsmc.2007.4413641",1,1,1
"10.1002/eap.2111",1,1,1
"10.3390/electronics3040636",1,1,1
"10.18564/jasss.4232",1,1,1
"10.1098/rsif.2013.0613",1,1,1
"10.1016/j.simpat.2010.05.013",1,1,1
"10.1109/tvt.2021.3129504",1,1,1
"10.5198/jtlu.2018.1257",1,1,1
"10.3390/computation2020023",1,1,1
"10.1109/access.2021.3077513",2,0,0
"10.5220/0006371203290336",1,1,1
"10.20965/ijat.2018.p0459",1,1,1
"10.1177/0037549715581473",1,1,1
"10.3390/su15021401",1,1,1
"10.1109/access.2020.3022411",1,1,1
"10.1186/s12911-021-01713-5",1,1,1
"10.1093/tbm/iby132",1,1,1
"10.1109/ijcnn55064.2022.9891991",1,1,1
"10.3390/su11226418",1,1,1
"10.1016/j.ecolmodel.2007.11.010",1,1,1
"10.1016/j.ifacol.2020.12.408",1,1,1
"10.1016/j.ijhydene.2017.01.098",1,1,1
"10.1080/00207179.2015.1122840",1,1,1
"10.1016/j.ijleo.2012.10.026",1,1,1
"10.1007/s00191-011-0256-y",1,1,1
"10.1007/s10441-008-9036-y",1,1,1
"10.1080/10798587.2011.10643197",1,1,1
"10.1002/sys.21387",1,1,1
"10.1136/bmjopen-2016-013543",1,1,1
"10.1111/1365-2664.13706",1,1,1
"10.1128/jcm.40.11.4121-4125.2002",1,1,1
"10.1109/tifs.2020.3016835",1,1,1
"10.1016/j.physa.2008.09.017",1,1,1
"10.1016/j.promfg.2020.01.142",1,1,1
"10.1680/jtran.17.00161",1,1,1
"10.1371/journal.pcbi.1005523",1,1,1
"10.1016/j.ecolmodel.2010.10.013",1,1,1
"10.3390/en10071017",1,1,1
"10.3390/agriculture12030352",1,1,1
"10.1007/s10115-017-1096-3",1,1,1
"10.1109/tie.2012.2235391",1,1,1
"10.3389/fimmu.2019.01513",1,1,1
"10.1111/bjet.13087",1,1,1
"10.1007/s11768-022-00079-x",1,1,1
"10.1109/tits.2016.2531425",1,1,1
"10.1016/j.pocean.2020.102299",1,1,1
"10.1007/s11229-008-9393-8",1,1,1
"10.2507/ijsimm18(4)497",1,1,1
"10.1016/j.automatica.2013.11.011",1,1,1
"10.1049/iet-cta.2014.0049",1,1,1
"10.1016/j.procs.2013.06.055",1,1,1
"10.1109/ic3e.2018.8632640",2,0,0
"10.1016/j.trc.2013.06.010",1,1,1
"10.1016/j.isatra.2017.01.002",1,1,1
"10.1177/0037549713511864",1,1,1
"10.1049/iet-cta.2019.1020",1,1,1
"10.1177/0361198121995827",1,1,1
"10.1016/j.buildenv.2023.110490",1,1,1
"10.1155/2018/6925764",1,1,1
"10.1155/2021/9550232",1,1,1
"10.1002/sdr.1563",1,1,1
"10.1002/rnc.4364",1,1,1
"10.1016/j.actaastro.2018.11.001",1,1,1
"10.1515/ijeeps-2018-0347",1,1,1
"10.1556/comec.13.2012.1.7",1,1,1
"10.1177/17456916211071087",1,1,1
"10.1057/s41273-016-0045-6",1,1,1
"10.1016/j.proeng.2017.02.382",1,1,1
"10.1002/cpe.982",1,1,1
"10.1023/b:bioc.0000004313.86836.ab",1,1,1
"10.1038/srep18062",1,1,1
"10.1016/j.ecolmodel.2004.02.022",1,1,1
"10.32604/iasc.2023.034775",1,1,1
"10.1016/j.apenergy.2015.01.016",1,1,1
"10.1002/asjc.1131",1,1,1
"10.1186/1742-4682-4-50",1,1,1
"10.3390/forecast4010020",1,1,1
"10.2753/jec1086-4415120104",1,1,1
"10.1002/int.22392",1,1,1
"10.1016/j.ypmed.2022.107076",1,1,1
"10.1109/tcns.2022.3210341",1,1,1
"10.1075/ijcl.20040.pij",1,1,1
"10.1023/b:amai.0000031198.84824.45",1,1,1
"10.3390/smartcities4010019",1,1,1
"10.18564/jasss.4954",1,1,1
"10.1016/j.eswa.2011.11.056",1,1,1
"10.1007/978-3-319-93687-1_1",2,0,0
"10.1504/ijcat.2006.010086",1,1,1
"10.1177/1043463116633147",1,1,1
"10.1093/jbcr/iry043",1,1,1
"10.3390/safety5040082",1,1,1
"10.1007/s10820-008-9094-0",1,1,1
"10.3233/jifs-221767",1,1,1
"10.1371/journal.pone.0023257",1,1,1
"10.5709/ce.1897-9254.234",1,1,1
"10.1016/j.jmaa.2005.08.094",1,1,1
"10.3390/jsan11030045",1,1,1
"10.1016/j.physa.2020.125550",1,1,1
"10.1103/physreve.102.042311",1,1,1
"10.1016/j.neucom.2021.10.057",1,1,1
"10.3390/su71114802",1,1,1
"10.4018/joeuc.300765",1,1,1
"10.1016/j.ifacol.2018.06.071",1,1,1
"10.1080/01969722.2017.1418269",1,1,1
"10.1093/advances/nmab028",1,1,1
"10.1016/j.landusepol.2021.105886",1,1,1
"10.1371/journal.pmed.1002661",1,1,1
"10.1016/j.artint.2018.03.001",1,1,1
"10.1371/journal.pcbi.1006469",1,1,1
"10.1109/tii.2008.2008641",1,1,1
"10.3354/meps14012",1,1,1
"10.1515/amcs-2015-0034",1,1,1
"10.1080/00220380903428456",1,1,1
"10.1016/j.ijpe.2018.05.008",1,1,1
"10.1080/13607863.2018.1450832",1,1,1
"10.1016/j.neucom.2020.06.038",1,1,1
"10.1002/atr.196",1,1,1
"10.1109/acsos-c52956.2021.00037",1,1,1
"10.1016/j.tpb.2009.07.001",1,1,1
"10.3109/08916934.2011.523267",1,1,1
"10.1109/tits.2017.2769158",1,1,1
"10.1016/j.ejor.2013.02.006",1,1,1
"10.1186/s12936-018-2442-y",1,1,1
"10.1016/j.elerap.2005.06.003",1,1,1
"10.1016/j.erss.2014.07.008",1,1,1
"10.1038/hdy.2010.121",1,1,1
"10.1016/j.envsoft.2010.05.002",1,1,1
"10.1186/1741-7015-11-252",1,1,1
"10.1016/j.ins.2021.04.040",1,1,1
"10.3748/wjg.v27.i31.5219",1,1,1
"10.1111/jocs.14020",1,1,1
"10.1109/tnnls.2023.3243557",1,1,1
"10.1001/jamanetworkopen.2022.41174",1,1,1
"10.3390/electronics11081281",1,1,1
"10.1016/j.eswa.2010.08.135",1,1,1
"10.1007/s00191-018-0598-9",1,1,1
"10.1016/j.jtbi.2010.05.041",1,1,1
"10.1016/j.eap.2014.12.003",1,1,1
"10.1142/s021952591450012x",1,1,1
"10.3390/s140304513",1,1,1
"10.1155/2022/5969130",1,1,1
"10.1007/s10458-022-09573-7",1,1,1
"10.2196/12914",1,1,1
"10.1016/j.ins.2018.01.023",1,1,1
"10.1049/iet-cta.2018.5317",1,1,1
"10.1109/icemis.2017.8273094",2,0,0
"10.1002/ijc.31265",1,1,1
"10.1016/j.ecolmodel.2017.03.014",1,1,1
"10.1016/j.jtbi.2007.04.012",1,1,1
"10.1007/s41109-021-00363-w",1,1,1
"10.1016/j.beproc.2021.104530",1,1,1
"10.1016/j.engappai.2021.104600",1,1,1
"10.1016/j.envsoft.2011.09.002",1,1,1
"10.3389/frobt.2019.00016",1,1,1
"10.5772/56910",1,1,1
"10.1109/icra48506.2021.9561973",1,1,1
"10.1007/s12065-020-00420-w",1,1,1
"10.1111/j.1468-0297.2007.02000.x",1,1,1
"10.1109/tte.2021.3096992",1,1,1
"10.1046/j.1365-2745.1998.00233.x",1,1,1
"10.1038/srep07218",1,1,1
"10.1093/aje/kwad042",1,1,1
"10.1142/s0218213014400053",1,1,1
"10.1007/3-7908-1721-x_4",1,1,1
"10.1109/fas-w.2016.48",1,1,1
"10.1109/tase.2007.896902",1,1,1
"10.1093/jee/toad104",1,1,1
"10.1016/j.est.2021.103848",1,1,1
"10.1016/j.chaos.2018.03.030",1,1,1
"10.7326/m17-2561",1,1,1
"10.1080/1463922x.2015.1106616",1,1,1
"10.1016/j.ecolind.2018.10.061",1,1,1
"10.1016/j.ecolmodel.2017.10.004",1,1,1
"10.3390/land11122257",1,1,1
"10.5194/isprs-archives-xlii-4-w1-83-2016",1,1,1
"10.1080/00207721.2020.1803436",1,1,1
"10.1002/sta4.334",1,1,1
"10.1016/j.ecolmodel.2005.04.019",1,1,1
"10.1007/s00114-010-0734-3",1,1,1
"10.1016/j.comcom.2005.11.018",1,1,1
"10.1016/j.jfranklin.2018.06.020",1,1,1
"10.1080/01969720600887012",1,1,1
"10.1109/ojits.2021.3112904",1,1,1
"10.1002/rnc.4579",1,1,1
"10.1038/s41416-020-1021-5",1,1,1
"10.1093/bioinformatics/btaa969",1,1,1
"10.1111/ddi.13623",1,1,1
"10.1016/j.scs.2023.104528",1,1,1
"10.1016/j.jclepro.2019.02.262",1,1,1
"10.1016/j.ecolmodel.2008.07.003",1,1,1
"10.1080/08959420.2010.507623",1,1,1
"10.2307/3557105",1,1,1
"10.1016/j.jenvman.2013.07.028",1,1,1
"10.1016/j.agsy.2015.03.006",1,1,1
"10.1371/journal.pone.0167654",1,1,1
"10.3141/2299-18",1,1,1
"10.1109/mwc.011.2100036",1,1,1
"10.3354/meps06982",1,1,1
"10.1007/s10506-013-9143-1",1,1,1
"10.1371/journal.pntd.0005252",1,1,1
"10.1371/journal.pone.0065459",1,1,1
"10.1057/jos.2010.14",1,1,1
"10.1007/s12064-010-0106-8",1,1,1
"10.1109/tia.2018.2878143",1,1,1
"10.1002/rnc.3534",1,1,1
"10.1109/vims.2002.1009351",1,1,1
"10.1016/j.jmsy.2012.10.002",1,1,1
"10.1016/j.envsci.2016.03.006",1,1,1
"10.1016/j.renene.2023.05.051",1,1,1
"10.1109/tits.2017.2695438",1,1,1
"10.1016/j.apgeog.2019.102083",1,1,1
"10.1061/(asce)wr.1943-5452.0001454",1,1,1
"10.1179/1743281213y.0000000130",1,1,1
"10.1016/j.conbuildmat.2022.127233",1,1,1
"10.1109/tsg.2021.3070783",1,1,1
"10.3141/2124-14",1,1,1
"10.1080/19401493.2010.531143",1,1,1
"10.2174/1574893611666160617094329",1,1,1
"10.1038/s41598-021-94289-z",1,1,1
"10.1016/j.procs.2012.01.048",1,1,1
"10.1371/journal.pone.0171833",1,1,1
"10.1007/s11771-014-2184-0",1,1,1
"10.1016/j.ifacol.2017.08.2106",1,1,1
"10.2337/dc22-2527",1,1,1
"10.3390/systems11010020",1,1,1
"10.1002/rnc.4291",1,1,1
"10.1007/s10588-013-9158-x",1,1,1
"10.1080/00207543.2022.2089929",1,1,1
"10.1007/978-3-319-39387-2_13",1,1,1
"10.3934/math.2020266",1,1,1
"10.1007/s00285-018-1240-z",1,1,1
"10.1142/s0218348x07003514",1,1,1
"10.1371/journal.pone.0161131",1,1,1
"10.1108/aa-10-2020-0152",1,1,1
"10.1109/access.2020.2989445",1,1,1
"10.1016/j.cja.2014.02.016",1,1,1
"10.1016/j.ecolmodel.2021.109458",1,1,1
"10.1177/1548512916681672",1,1,1
"10.1142/s2301385020500181",1,1,1
"10.1111/j.0020-8833.2004.00317.x",1,1,1
"10.3390/su12176974",1,1,1
"10.1007/s10588-023-09375-6",2,0,0
"10.1109/tii.2019.2930307",1,1,1
"10.1007/s11769-007-0210-y",1,1,1
"10.3390/su10124563",1,1,1
"10.1049/iet-its.2017.0012",1,1,1
"10.1016/j.enpol.2011.12.024",1,1,1
"10.1142/s0219525912030014",1,1,1
"10.1016/s0378-4754(97)00087-6",1,1,1
"10.1016/j.tranpol.2016.04.015",1,1,1
"10.1111/j.1530-9290.2009.00120.x",1,1,1
"10.1177/0361198118798970",1,1,1
"10.1142/s2196888819500131",1,1,1
"10.14736/kyb-2020-3-0559",1,1,1
"10.1007/s10888-020-09440-z",1,1,1
"10.1109/tac.2020.3006820",1,1,1
"10.1023/a:1021054130445",1,1,1
"10.1080/03772063.2017.1313139",1,1,1
"10.1007/s12555-017-0716-8",1,1,1
"10.1109/tcss.2022.3154034",1,1,1
"10.1080/00207721.2015.1128578",1,1,1
"10.1002/rnc.1647",1,1,1
"10.1080/15472450.2022.2140047",1,1,1
"10.3389/fphys.2011.00035",1,1,1
"10.3390/d14121113",1,1,1
"10.1016/j.cor.2013.10.013",1,1,1
"10.1038/s41598-022-12253-x",1,1,1
"10.1016/j.simpat.2010.05.001",1,1,1
"10.4032/9789814463270",3,0,0
"10.1109/access.2020.2989402",1,1,1
"10.1016/j.cirp.2018.04.037",1,1,1
"10.1007/s10845-017-1363-x",1,1,1
"10.1080/03081060.2018.1468968",1,1,1
"10.1007/s11721-023-00226-3",1,1,1
"10.1080/13658816.2018.1463442",1,1,1
"10.1007/978-3-319-66379-1_6",1,1,1
"10.1680/jtran.16.00035",1,1,1
"10.1016/j.asoc.2009.11.022",1,1,1
"10.1016/j.jebo.2023.05.040",1,1,1
"10.1038/s41598-020-79897-5",1,1,1
"10.24095/hpcdp.37.2.02",1,1,1
"10.3390/app13106171",1,1,1
"10.3390/app13010013",1,1,1
"10.1371/journal.pone.0221557",1,1,1
"10.3389/ijph.2022.1604353",1,1,1
"10.1109/cec.2007.4424791",1,1,1
"10.1109/ictai.2011.139",1,1,1
"10.1152/japplphysiol.01150.2014",1,1,1
"10.1371/journal.pntd.0007482",1,1,1
"10.1177/0894439318821678",1,1,1
"10.1016/j.automatica.2018.12.022",1,1,1
"10.1109/tcyb.2021.3089634",1,1,1
"10.1093/gbe/evv148",1,1,1
"10.1371/journal.pcbi.1002008",1,1,1
"10.1007/s10816-022-09578-2",1,1,1
"10.1080/21680566.2019.1589599",1,1,1
"10.1016/j.healthplace.2021.102622",1,1,1
"10.1007/s00285-023-01901-z",1,1,1
"10.1016/j.automatica.2020.109025",1,1,1
"10.1098/rsos.230377",1,1,1
"10.3390/electronics10091031",1,1,1
"10.1155/2019/4725418",1,1,1
"10.1109/tcyb.2015.2470520",1,1,1
"10.1016/j.amc.2019.124923",1,1,1
"10.1108/ijse-10-2020-0693",1,1,1
"10.1007/s42452-019-0512-6",1,1,1
"10.1111/j.1365-2745.2008.01475.x",1,1,1
"10.1007/s13300-020-00852-8",1,1,1
"10.1111/hsc.12670",1,1,1
"10.1098/rsif.2007.1255",1,1,1
"10.1016/j.parco.2016.07.001",1,1,1
"10.1016/j.jtbi.2021.110812",1,1,1
"10.1016/j.neucom.2017.05.088",1,1,1
"10.1109/access.2018.2870201",1,1,1
"10.1002/hec.3986",1,1,1
"10.1061/(asce)cp.1943-5487.0000122",1,1,1
"10.1111/1759-3441.12361",1,1,1
"10.18564/jasss.3790",1,1,1
"10.1016/j.eneco.2019.104565",1,1,1
"10.1145/3366194.3366281",1,1,1
"10.1016/j.jedc.2017.02.005",1,1,1
"10.1016/j.ecolmodel.2019.03.024",1,1,1
"10.1007/s10588-020-09317-6",1,1,1
"10.1016/j.jmarsys.2008.10.009",1,1,1
"10.12788/jhm.3189",1,1,1
"10.1016/j.compenvurbsys.2013.05.003",1,1,1
"10.1016/j.ifacol.2017.08.1809",1,1,1
"10.1109/tetci.2023.3296448",1,1,1
"10.1002/ece3.6848",1,1,1
"10.1007/s10799-011-0089-2",1,1,1
"10.1007/s12555-018-0700-y",1,1,1
"10.1109/tpwrs.2014.2368592",1,1,1
"10.3141/2272-19",1,1,1
"10.1007/s10586-018-2657-2",1,1,1
"10.1007/s11042-023-16376-9",1,1,1
"10.1177/0272989x19837631",1,1,1
"10.1086/677387",1,1,1
"10.1109/wsc57314.2022.10015491",1,1,1
"10.1007/s11518-022-5527-7",1,1,1
"10.3354/meps13559",1,1,1
"10.1007/s13042-012-0098-4",1,1,1
"10.1016/j.scitotenv.2006.08.017",1,1,1
"10.1134/s1019331616030047",1,1,1
"10.1108/reps-03-2019-0037",1,1,1
"10.3390/machines2040233",1,1,1
"10.17775/cseejpes.2021.08310",1,1,1
"10.1016/j.egyr.2020.03.004",1,1,1
"10.1080/03081061003643762",1,1,1
"10.1016/j.fm.2010.05.004",1,1,1
"10.1002/asjc.351",1,1,1
"10.4304/jcp.7.11.2842-2849",1,1,1
"10.1016/j.ejcon.2022.100673",1,1,1
"10.1007/s11113-019-09560-z",1,1,1
"10.1155/2018/2952074",1,1,1
"10.1006/jtbi.2002.3131",1,1,1
"10.1080/10242694.2018.1500675",1,1,1
"10.1071/wr19193",1,1,1
"10.1016/j.ast.2016.04.028",1,1,1
"10.1177/089826439801000206",1,1,1
"10.1142/s0218202517400085",1,1,1
"10.1186/s40854-021-00327-0",1,1,1
"10.1016/j.future.2008.07.011",1,1,1
"10.1080/03081060.2011.600096",1,1,1
"10.1155/2017/2623684",1,1,1
"10.1061/(asce)te.1943-5436.0000273",1,1,1
"10.1109/ccdc.2008.4597826",1,1,1
"10.1016/j.procs.2019.08.128",1,1,1
"10.1142/s0219525913500252",1,1,1
"10.1111/gcbb.12594",1,1,1
"10.1080/00167223.2013.778549",1,1,1
"10.1161/circulationaha.112.000920",1,1,1
"10.3390/systems11030136",1,1,1
"10.2514/1.g004861",1,1,1
"10.1016/j.ecolmodel.2015.10.017",1,1,1
"10.1007/s11042-010-0585-0",1,1,1
"10.1109/isda.2008.296",1,1,1
"10.1177/2158244017737592",1,1,1
"10.1080/00207543.2017.1377356",1,1,1
"10.1080/00207179.2013.873950",1,1,1
"10.1007/978-3-319-24369-6_26",1,1,1
"10.1007/s10660-022-09532-0",1,1,1
"10.1016/j.trc.2021.103081",1,1,1
"10.1109/hicss.2015.34",1,1,1
"10.1155/2018/2089596",1,1,1
"10.1109/tcss.2021.3101794",1,1,1
"10.1080/01691864.2022.2117997",1,1,1
"10.1177/1476127015608337",1,1,1
"10.3233/978-1-61499-264-6-216",1,1,1
"10.1080/14649357.2022.2117399",1,1,1
"10.1109/compsacw.2014.20",1,1,1
"10.1007/978-3-319-39324-7_18",1,1,1
"10.1049/iet-cta.2016.1660",1,1,1
"10.1111/fog.12114",1,1,1
"10.1046/j.1365-2664.2000.00506.x",1,1,1
"10.1109/tia.2010.2059492",1,1,1
"10.1080/0305215x.2013.776550",1,1,1
"10.1109/jsyst.2017.2685465",1,1,1
"10.20858/tp.2016.11.4.9",1,1,1
"10.3390/vaccines9121462",1,1,1
"10.1287/orsc.2021.1449",1,1,1
"10.18564/jasss.2327",1,1,1
"10.1016/j.ins.2009.09.014",1,1,1
"10.3141/2298-08",1,1,1
"10.1016/j.conengprac.2018.07.013",1,1,1
"10.3390/su14010510",1,1,1
"10.1016/j.ygyno.2020.12.038",1,1,1
"10.1109/tac.2019.2927932",1,1,1
"10.3390/w12102842",1,1,1
"10.1016/j.pmcj.2009.05.003",1,1,1
"10.1109/tpwrs.2003.810910",1,1,1
"10.1016/j.ast.2021.106549",1,1,1
"10.1007/978-3-319-30337-6_18",1,1,1
"10.1007/s11403-021-00324-7",1,1,1
"10.18564/jasss.4452",1,1,1
"10.1111/oik.03703",1,1,1
"10.1109/lcsys.2019.2916250",1,1,1
"10.1007/s11424-020-9006-2",1,1,1
"10.3233/mgs-180290",1,1,1
"10.1016/j.ifacol.2022.11.240",1,1,1
"10.1002/jbmr.1819",1,1,1
"10.1109/ds-rt.2014.20",1,1,1
"10.1016/j.eswa.2010.10.048",1,1,1
"10.1016/j.ecolecon.2014.08.013",1,1,1
"10.1016/j.seta.2023.103214",1,1,1
"10.1016/j.ssci.2012.07.006",1,1,1
"10.1177/0037549706070397",1,1,1
"10.1080/01969722.2011.610711",1,1,1
"10.1139/l11-062",1,1,1
"10.3390/s150715640",1,1,1
"10.1016/j.simpat.2023.102797",1,1,1
"10.1109/taes.2019.2906437",1,1,1
"10.1109/iccae.2010.5451953",1,1,1
"10.1109/peits.2008.15",1,1,1
"10.1016/s1389-1286(01)00215-8",1,1,1
"10.1016/j.automatica.2011.01.054",1,1,1
"10.1186/s12913-020-05309-z",1,1,1
"10.1016/j.agsy.2015.10.006",1,1,1
"10.1016/j.procs.2016.05.547",1,1,1
"10.1080/14697688.2020.1733058",1,1,1
"10.1016/j.jocs.2017.05.015",1,1,1
"10.1001/jama.2022.4983",1,1,1
"10.1017/s0269888920000375",1,1,1
"10.1016/j.neucom.2008.12.033",1,1,1
"10.1016/j.jclepro.2019.06.218",1,1,1
"10.1016/j.compenvurbsys.2008.09.013",1,1,1
"10.1016/j.jtbi.2020.110191",1,1,1
"10.1111/j.1744-7976.2009.01165.x",1,1,1
"10.1016/j.cor.2023.106365",1,1,1
"10.1111/j.1467-8640.2009.00343.x",1,1,1
"10.3389/fbuil.2020.00001",1,1,1
"10.1177/0361198118791668",1,1,1
"10.1109/tcyb.2019.2935839",1,1,1
"10.1177/0361198120976062",1,1,1
"10.1145/3465054",1,1,1
"10.1371/journal.pone.0020851",1,1,1
"10.1016/j.econmod.2008.12.002",1,1,1
"10.1016/s0360-8352(99)00116-3",1,1,1
"10.3390/math10173059",1,1,1
"10.1016/j.asoc.2007.10.007",1,1,1
"10.1080/00207160.2021.1881497",1,1,1
"10.1186/s13567-020-00842-5",1,1,1
"10.1109/itsc.2013.6728372",1,1,1
"10.1007/s00181-010-0367-6",1,1,1
"10.1016/j.eswa.2020.113292",1,1,1
"10.1016/j.ijepes.2021.107346",1,1,1
"10.20965/jrm.2023.p1016",1,1,1
"10.3390/v13010129",1,1,1
"10.1007/978-3-319-19728-9_34",1,1,1
"10.34133/ehs.0054",1,1,1
"10.1109/tsmcb.2011.2110642",1,1,1
"10.1002/etep.542",1,1,1
"10.1109/tcyb.2018.2879327",1,1,1
"10.1016/j.apm.2022.09.035",1,1,1
"10.3389/fphys.2016.00363",1,1,1
"10.1007/s10530-006-9040-6",1,1,1
"10.1109/cbms.2017.45",1,1,1
"10.1371/journal.pcbi.1002996",1,1,1
"10.1016/j.aap.2020.105591",1,1,1
"10.1016/j.anbehav.2009.04.009",1,1,1
"10.1007/s10461-021-03169-0",1,1,1
"10.1016/j.compenvurbsys.2012.04.003",1,1,1
"10.1007/s12555-014-0322-y",1,1,1
"10.1016/j.asoc.2016.03.025",1,1,1
"10.1609/aimag.v30i4.2265",1,1,1
"10.2193/0022-541x(2006)70[955:rbdcgo]2.0.co;2",1,1,1
"10.1016/j.techfore.2022.122205",1,1,1
"10.1177/0037549713489594",1,1,1
"10.1017/s1367943005002386",1,1,1
"10.1007/978-3-030-50436-6_48",1,1,1
"10.2196/41435",1,1,1
"10.1371/journal.pone.0231134",1,1,1
"10.1007/s11403-015-0167-3",1,1,1
"10.1016/j.agsy.2020.102832",1,1,1
"10.1016/j.asoc.2005.01.003",1,1,1
"10.1111/afe.12396",1,1,1
"10.1007/s11403-009-0044-z",1,1,1
"10.1111/j.1365-2419.2010.00557.x",1,1,1
"10.1016/j.tre.2020.102104",1,1,1
"10.1155/2022/2999162",1,1,1
"10.1016/j.cie.2019.106041",1,1,1
"10.3390/drones6120390",1,1,1
"10.3390/socsci11080356",1,1,1
"10.1007/s11205-020-02462-0",1,1,1
"10.1007/s10980-012-9730-7",1,1,1
"10.1515/bis-2016-0017",1,1,1
"10.1299/jamdsm.2020jamdsm0072",1,1,1
"10.1007/s11524-011-9603-4",1,1,1
"10.1016/j.anbehav.2012.05.008",1,1,1
"10.1007/s12555-019-0361-5",1,1,1
"10.1007/s11424-023-1250-9",1,1,1
"10.1016/j.ijepes.2015.12.015",1,1,1
"10.1109/tvt.2022.3180757",1,1,1
"10.1016/j.cgh.2016.05.017",1,1,1
"10.3389/fphy.2021.649852",1,1,1
"10.1016/j.cie.2020.106868",1,1,1
"10.1111/j.1420-9101.2005.00973.x",1,1,1
"10.1109/tsmca.2010.2048022",1,1,1
"10.1016/j.ejor.2020.03.080",1,1,1
"10.1016/j.cirpj.2021.03.013",1,1,1
"10.1007/978-3-031-20845-4_10",1,1,1
"10.1166/jctn.2015.4018",1,1,1
"10.1080/10864415.2003.11044342",1,1,1
"10.1111/j.1365-2664.2007.01326.x",1,1,1
"10.1109/mei.2010.5599977",1,1,1
"10.1109/jsyst.2022.3185033",1,1,1
"10.1007/978-3-319-56541-5_21",1,1,1
"10.1007/s12652-021-03187-9",1,1,1
"10.1007/s10845-008-0191-4",1,1,1
"10.1016/j.engappai.2023.106317",1,1,1
"10.1093/jnci/djt367",1,1,1
"10.1016/j.ecolmodel.2011.02.006",1,1,1
"10.1016/j.socscimed.2021.114003",1,1,1
"10.1016/j.artint.2021.103450",1,1,1
"10.1109/access.2022.3180366",1,1,1
"10.1080/13658816.2020.1828590",1,1,1
"10.1080/1747423x.2011.558602",1,1,1
"10.1111/jeb.13956",1,1,1
"10.1007/s10916-010-9452-9",1,1,1
"10.1016/j.eswa.2014.06.003",1,1,1
"10.1177/0958928718792130",1,1,1
"10.1177/1046878108322225",1,1,1
"10.1016/j.eswa.2012.07.017",1,1,1
"10.17269/s41997-021-00502-x",1,1,1
"10.1109/access.2017.2725901",1,1,1
"10.1108/17563780810874744",1,1,1
"10.1007/s11229-019-02443-y",1,1,1
"10.1016/j.eneco.2021.105705",1,1,1
"10.1007/s10584-013-1039-2",1,1,1
"10.1109/tcyb.2013.2283102",1,1,1
"10.1002/ecj.11685",1,1,1
"10.1016/j.engappai.2015.09.003",1,1,1
"10.1007/s11135-013-9837-1",1,1,1
"10.12989/aas.2014.1.2.219",1,1,1
"10.1057/jos.2009.17",1,1,1
"10.1007/s10458-022-09560-y",1,1,1
"10.1016/j.puhe.2023.04.001",1,1,1
"10.1186/1471-2458-9-117",1,1,1
"10.1577/1548-8659(2000)129<0561:eoaalh>2.0.co;2",1,1,1
"10.1021/acssynbio.5b00217",1,1,1
"10.5194/bg-10-2803-2013",1,1,1
"10.1109/tcyb.2021.3058086",1,1,1
"10.1016/s0764-4469(00)00102-5",1,1,1
"10.1111/evo.14289",1,1,1
"10.1148/radiol.2021204321",1,1,1
"10.1016/j.jfoodeng.2004.02.044",1,1,1
"10.1177/0361198118792755",1,1,1
"10.1002/hep4.1031",1,1,1
"10.3390/ani12182412",1,1,1
"10.1016/j.renene.2013.10.021",1,1,1
"10.3390/ijms222212181",1,1,1
"10.1109/jsen.2022.3156819",1,1,1
"10.1155/2013/505794",1,1,1
"10.1109/jsyst.2013.2258737",1,1,1
"10.1142/s2301385014400020",1,1,1
"10.1007/978-3-319-60240-0_25",1,1,1
"10.1016/j.procs.2018.07.193",1,1,1
"10.3233/web-221659",1,1,1
"10.1093/imamat/hxaa022",1,1,1
"10.1016/j.compind.2008.12.002",1,1,1
"10.1109/tem.2018.2835653",1,1,1
"10.1007/s11135-014-0121-9",1,1,1
"10.1016/j.eswa.2022.119346",1,1,1
"10.1080/00207721.2015.1126380",1,1,1
"10.1007/978-3-319-98443-8_13",1,1,1
"10.1007/s10588-019-09302-8",1,1,1
"10.1109/access.2020.3003687",1,1,1
"10.1163/22105832-00802006",1,1,1
"10.1109/access.2017.2696027",1,1,1
"10.15446/ing.investig.v42n1.87564",1,1,1
"10.3389/fevo.2023.1040550",1,1,1
"10.1177/0278364914567793",1,1,1
"10.1016/s0167-2681(01)00164-0",1,1,1
"10.1186/s12916-018-1037-3",1,1,1
"10.1080/00207179.2013.834484",1,1,1
"10.1016/j.ecolmodel.2008.07.005",1,1,1
"10.1016/j.cgh.2020.05.010",1,1,1
"10.1109/tac.2016.2636749",1,1,1
"10.1109/tsipn.2023.3292996",1,1,1
"10.1016/j.jtbi.2005.09.017",1,1,1
"10.1016/j.scitotenv.2018.04.239",1,1,1
"10.1016/j.amc.2020.125180",1,1,1
"10.1016/j.eswa.2022.116604",1,1,1
"10.1002/cplx.21525",1,1,1
"10.1016/j.rser.2017.05.279",1,1,1
"10.1109/wi-iat.2012.230",1,1,1
"10.1016/j.jfranklin.2022.10.023",1,1,1
"10.1162/artl_a_00128",1,1,1
"10.3390/drones3030071",1,1,1
"10.1371/journal.pone.0099978",1,1,1
"10.1080/03081060.2012.739309",1,1,1
"10.1016/j.jobe.2023.106409",1,1,1
"10.1177/0037549714566699",1,1,1
"10.1016/j.beproc.2015.01.003",1,1,1
"10.1016/j.ecoinf.2009.07.005",1,1,1
"10.1108/ejmbe-10-2017-018",1,1,1
"10.1371/journal.pcbi.1010591",1,1,1
"10.1016/j.rser.2020.110248",1,1,1
"10.1109/tac.2014.2381453",1,1,1
"10.18564/jasss.4289",1,1,1
"10.1007/s10506-013-9142-2",1,1,1
"10.18564/jasss.3002",1,1,1
"10.1002/rnc.4941",1,1,1
"10.1103/physreve.86.051909",1,1,1
"10.1109/paccs.2009.177",1,1,1
"10.1137/21m1434180",1,1,1
"10.1109/59.932274",1,1,1
"10.1016/j.ejor.2004.03.044",1,1,1
"10.1007/s40273-023-01306-2",1,1,1
"10.1016/j.sysconle.2013.02.013",1,1,1
"10.1051/mmnp/2019061",1,1,1
"10.1109/tpwrs.2018.2861325",1,1,1
"10.1109/access.2019.2946458",1,1,1
"10.1007/s12190-017-1101-8",1,1,1
"10.3390/su15097308",1,1,1
"10.1109/ieem.2018.8607549",2,0,0
"10.1007/978-3-030-19807-7_8",1,1,1
"10.3389/fmicb.2018.00033",1,1,1
"10.1016/j.jtbi.2013.01.022",1,1,1
"10.3390/smartcities5030052",1,1,1
"10.1007/978-3-319-16549-3_36",1,1,1
"10.1109/tcyb.2018.2839912",1,1,1
"10.1109/icca.2009.5410302",1,1,1
"10.1086/426554",1,1,1
"10.5711/1082598319425",1,1,1
"10.1016/j.knosys.2013.04.018",1,1,1
"10.1007/s00170-007-1087-8",1,1,1
"10.1108/aeat-12-2021-0371",1,1,1
"10.1016/s1473-3099(21)00134-1",1,1,1
"10.1016/j.cor.2022.105718",1,1,1
"10.1093/ietisy/e88-d.5.971",1,1,1
"10.2507/ijsimm16(3)co15",1,1,1
"10.1177/0037549715620501",1,1,1
"10.3390/en16052445",1,1,1
"10.3991/ijoe.v17i11.25347",1,1,1
"10.1016/j.irfa.2023.102521",1,1,1
"10.1109/tii.2015.2472339",1,1,1
"10.1016/j.ecolmodel.2020.108944",1,1,1
"10.1007/s10846-009-9343-9",1,1,1
"10.1155/2014/598965",1,1,1
"10.1109/tii.2018.2808270",1,1,1
"10.1016/j.compedu.2008.12.002",1,1,1
"10.1016/j.simpat.2020.102261",1,1,1
"10.4319/lo.2010.55.4.1627",1,1,1
"10.1016/j.eswa.2018.09.041",1,1,1
"10.1007/978-3-319-19033-4_24",1,1,1
"10.1109/wi-iat.2015.84",1,1,1
"10.1016/s2214-109x(21)00340-5",1,1,1
"10.1093/aesa/saz037",1,1,1
"10.1049/iet-cta.2011.0033",1,1,1
"10.4018/ijdet.2020100101",1,1,1
"10.1080/17843286.2021.2015554",1,1,1
"10.1007/s10980-013-9860-6",1,1,1
"10.1371/journal.pone.0231193",1,1,1
"10.1017/s0263574718001261",1,1,1
"10.1016/j.envsci.2020.03.011",1,1,1
"10.1177/10659129221107567",1,1,1
"10.1080/00207179.2022.2145240",1,1,1
"10.1504/ijcsm.2015.071818",1,1,1
"10.1002/rnc.6442",1,1,1
"10.4018/ijghpc.2020010101",1,1,1
"10.1177/0049124114544225",1,1,1
"10.3390/s19010069",1,1,1
"10.1109/brics-cci-cbic.2013.55",1,1,1
"10.1177/0894439313511931",1,1,1
"10.1115/1.4006622",1,1,1
"10.1080/23249935.2019.1632387",1,1,1
"10.5198/jtlu.v1.271",1,1,1
"10.15832/ankutbd.495246",1,1,1
"10.4316/aece.2015.04015",1,1,1
"10.1080/09640568.2021.2006157",1,1,1
"10.2317/0022-8567-94.1.66",1,1,1
"10.1016/j.jrtpm.2022.100354",1,1,1
"10.18564/jasss.1781",1,1,1
"10.1016/j.sysconle.2023.105566",1,1,1
"10.1007/978-3-319-42089-9_27",1,1,1
"10.1016/j.ijepes.2019.105615",1,1,1
"10.1142/s0218843096000026",1,1,1
"10.2214/ajr.10.4907",1,1,1
"10.1016/j.procs.2015.05.016",1,1,1
"10.3390/s91210244",1,1,1
"10.1108/k-03-2017-0102",1,1,1
"10.1109/access.2017.2772834",1,1,1
"10.1016/j.trc.2013.12.007",1,1,1
"10.1049/iet-epa.2019.0619",1,1,1
"10.1093/mnras/stac3065",0,2,0
"10.1155/2020/5476846",1,1,1
"10.1016/j.jfranklin.2023.06.044",1,1,1
"10.1016/j.ecolecon.2010.12.003",1,1,1
"10.1142/s0219525912500385",1,1,1
"10.3390/app9061252",1,1,1
"10.1109/access.2023.3243043",1,1,1
"10.1061/(asce)ae.1943-5568.0000138",1,1,1
"10.1080/07421222.2022.2127440",1,1,1
"10.3390/su15139990",1,1,1
"10.1080/03081070500066070",1,1,1
"10.1016/j.jclepro.2012.07.025",1,1,1
"10.1080/03081060.2022.2084397",1,1,1
"10.1038/s41372-020-0605-5",1,1,1
"10.1016/j.vaccine.2014.04.080",1,1,1
"10.1093/aje/kwaa239",1,1,1
"10.3390/en15020554",1,1,1
"10.1162/106454606775186455",1,1,1
"10.3233/ica-220685",1,1,1
"10.2989/ajms.2008.30.2.10.560",1,1,1
"10.1093/cid/ciab079",1,1,1
"10.1109/lra.2022.3191037",1,1,1
"10.1080/00207543.2023.2237609",1,1,1
"10.1080/17477778.2019.1664263",1,1,1
"10.1016/j.techfore.2008.03.024",1,1,1
"10.3141/2047-08",1,1,1
"10.1016/j.jmateco.2004.02.002",1,1,1
"10.3389/fevo.2018.00237",1,1,1
"10.1177/03611981221094005",1,1,1
"10.1016/j.bjp.2013.11.015",1,1,1
"10.1098/rsif.2021.0464",1,1,1
"10.1371/journal.pone.0073269",1,1,1
"10.1053/j.gastro.2011.07.020",1,1,1
"10.1007/s00500-005-0016-8",1,1,1
"10.35833/mpce.2019.000559",1,1,1
"10.1093/occmed/kqh035",1,1,1
"10.3390/su13095106",1,1,1
"10.1080/13873954.2011.601423",1,1,1
"10.2174/2352096512666191004154951",1,1,1
"10.1186/s12859-022-04731-w",1,1,1
"10.1093/oxrep/grv018",1,1,1
"10.3390/en15218115",1,1,1
"10.1016/j.biombioe.2017.12.024",1,1,1
"10.1111/oik.01294",1,1,1
"10.1016/j.apenergy.2023.120952",1,1,1
"10.1080/10807039.2013.828513",1,1,1
"10.1177/2158244019832687",1,1,1
"10.1371/journal.pone.0014061",1,1,1
"10.1111/ele.12771",1,1,1
"10.1061/nhrefo.nheng-1478",1,1,1
"10.3390/su12093655",1,1,1
"10.1166/asl.2017.10268",1,1,1
"10.1016/j.ecolmodel.2015.08.019",1,1,1
"10.1002/mma.7795",1,1,1
"10.1016/j.aml.2008.06.051",1,1,1
"10.4204/eptcs.154.5",1,1,1
"10.1109/tmc.2007.70783",1,1,1
"10.1007/s10588-015-9201-1",1,1,1
"10.1142/s0219091517500096",1,1,1
"10.1016/j.buildenv.2020.107106",1,1,1
"10.3390/s22166212",1,1,1
"10.1007/s11802-022-4949-7",1,1,1
"10.1371/journal.pone.0131402",1,1,1
"10.1016/j.aei.2005.05.007",1,1,1
"10.1371/journal.pone.0130256",1,1,1
"10.1016/j.foreco.2014.03.022",1,1,1
"10.1097/sla.0000000000001190",1,1,1
"10.1007/s11538-022-01104-5",1,1,1
"10.1016/j.econmod.2022.105827",1,1,1
"10.1007/978-3-319-01952-9_3",2,0,0
"10.5755/j01.ee.26.1.3836",1,1,1
"10.1016/j.spa.2016.01.009",1,1,1
"10.1016/j.apenergy.2018.06.124",1,1,1
"10.1007/s10015-020-00589-4",1,1,1
"10.1111/evo.14620",1,1,1
"10.3389/fmicb.2015.00608",1,1,1
"10.1016/j.jtbi.2021.110682",1,1,1
"10.1007/s12555-020-0326-8",1,1,1
"10.1016/j.tranpol.2022.09.028",1,1,1
"10.1111/j.2041-210x.2010.00073.x",1,1,1
"10.1007/s11403-023-00381-0",1,1,1
"10.3390/su12072884",1,1,1
"10.5614/itbj.ict.res.appl.2016.10.3.5",1,1,1
"10.3390/computers12070132",1,1,1
"10.1007/s12273-017-0384-x",1,1,1
"10.1145/2996456",1,1,1
"10.1109/cgiv.2016.91",1,1,1
"10.2807/1560-7917.es.2023.28.5.2200192",1,1,1
"10.3390/math10142523",1,1,1
"10.1109/asea.2015.15",1,1,1
"10.1007/s11071-023-08489-5",1,1,1
"10.1016/j.bica.2013.01.001",1,1,1
"10.1109/tla.2022.9675465",1,1,1
"10.1080/23744731.2015.1074851",1,1,1
"10.36001/ijphm.2021.v12i3.2911",1,1,1
"10.1080/00207543.2017.1373203",1,1,1
"10.1109/lra.2022.3191236",1,1,1
"10.3233/mgs-2006-2305",1,1,1
"10.1007/978-3-030-39216-1_39",1,1,1
"10.1108/jeim-06-2015-0050",1,1,1
"10.1007/978-3-319-24141-8_44",1,1,1
"10.1002/ece3.7485",1,1,1
"10.1007/s10257-007-0071-z",1,1,1
"10.3390/app13106186",1,1,1
"10.1111/1745-9125.12203",1,1,1
"10.1109/tits.2014.2346154",1,1,1
"10.3390/sym11070864",1,1,1
"10.14201/adcaij201981512",1,1,1
"10.3390/math11061336",1,1,1
"10.1371/journal.pntd.0005610",1,1,1
"10.1016/j.envsoft.2011.11.016",1,1,1
"10.1016/j.simpat.2013.05.007",1,1,1
"10.1142/s0219525905000440",1,1,1
"10.1016/j.ejor.2016.03.027",1,1,1
"10.1002/asjc.1731",1,1,1
"10.1109/eit.2008.4554346",1,1,1
"10.1016/j.cjtee.2016.07.003",1,1,1
"10.1109/lcsys.2018.2840431",1,1,1
"10.1007/s12080-017-0357-9",1,1,1
"10.1109/wcica.2008.4594218",1,1,1
"10.1016/j.jbusres.2015.02.014",1,1,1
"10.1080/0022250x.2010.532258",1,1,1
"10.1109/wetice.2005.41",1,1,1
"10.1186/2194-3206-1-15",1,1,1
"10.1016/j.ecolmodel.2007.03.022",1,1,1
"10.1111/1467-8462.12260",1,1,1
"10.1061/(asce)cp.1943-5487.0000575",1,1,1
"10.3354/meps09908",1,1,1
"10.1186/1472-6947-7-19",1,1,1
"10.1016/j.ecolmodel.2012.10.010",1,1,1
"10.1186/s12859-022-04581-6",1,1,1
"10.1093/cid/ciab779",1,1,1
"10.1016/j.tranpol.2017.09.014",1,1,1
"10.1080/09540091.2015.1031081",1,1,1
"10.1002/etep.434",1,1,1
"10.1111/agec.12155",1,1,1
"10.3934/mbe.2023147",1,1,1
"10.1016/j.aap.2020.105567",1,1,1
"10.1109/access.2021.3071431",1,1,1
"10.1016/j.ejca.2022.06.027",1,1,1
"10.1007/s10846-018-0867-8",1,1,1
"10.1016/j.gsd.2022.100826",1,1,1
"10.1007/978-3-319-22599-9_15",2,0,0
"10.1016/j.trpro.2021.02.019",1,1,1
"10.1002/atr.1424",1,1,1
"10.1016/j.eswa.2013.07.039",1,1,1
"10.5751/es-12325-260210",1,1,1
"10.1111/j.1461-0248.2009.01420.x",1,1,1
"10.1371/journal.pone.0261017",1,1,1
"10.1109/gcis.2009.77",1,1,1
"10.1155/2022/5486948",1,1,1
"10.1890/12-0599.1",1,1,1
"10.1109/tetci.2021.3107496",1,1,1
"10.1017/aer.2019.122",1,1,1
"10.1098/rsos.170005",1,1,1
"10.1007/978-3-662-45960-7",2,0,0
"10.3141/2664-05",1,1,1
"10.1186/s12916-015-0283-x",1,1,1
"10.1007/s10109-014-0196-9",1,1,1
"10.1016/j.ress.2010.09.003",1,1,1
"10.1109/iembs.2007.4352715",1,1,1
"10.1080/03081060.2018.1435436",1,1,1
"10.3390/app13052967",1,1,1
"10.1093/jnci/djaa103",1,1,1
"10.1007/s11113-021-09671-6",1,1,1
"10.1109/ic4e.2010.19",1,1,1
"10.1016/j.isci.2023.106897",1,1,1
"10.1109/coginf.2002.1039295",1,1,1
"10.17531/ein.2022.1.6",1,1,1
"10.1016/j.scs.2021.103010",1,1,1
"10.1109/access.2022.3199770",1,1,1
"10.1515/bis-2021-0020",1,1,1
"10.1098/rsos.210787",1,1,1
"10.1109/itsc45102.2020.9294393",1,1,1
"10.1111/1365-2664.14387",1,1,1
"10.1007/s10614-016-9577-0",1,1,1
"10.1080/19427867.2017.1343763",1,1,1
"10.1016/j.rcim.2004.11.004",1,1,1
"10.1103/physreve.90.032135",1,1,1
"10.1142/s021821301660006x",1,1,1
"10.18564/jasss.2941",1,1,1
"10.1016/j.procs.2010.04.226",1,1,1
"10.1177/0272989x17741635",1,1,1
"10.1007/s11205-019-02150-8",1,1,1
"10.1098/rsfs.2011.0080",1,1,1
"10.1002/asjc.1255",1,1,1
"10.1016/j.landusepol.2016.02.020",1,1,1
"10.3233/mgs-2011-0169",1,1,1
"10.1016/j.sste.2010.03.003",1,1,1
"10.1086/718591",1,1,1
"10.1111/jgh.14301",1,1,1
"10.1007/s40313-022-00982-3",1,1,1
"10.1007/s40799-016-0103-z",1,1,1
"10.2298/csis220227062i",1,1,1
"10.5220/0006204502840290",1,1,1
"10.1109/ems.2011.36",1,1,1
"10.1002/wer.1619",1,1,1
"10.1109/tcyb.2015.2452217",1,1,1
"10.7326/m13-2263",1,1,1
"10.1007/s10816-013-9185-4",1,1,1
"10.1504/ijem.2023.132390",1,1,1
"10.1080/03081060.2015.1026098",1,1,1
"10.1371/journal.pcbi.1009153",1,1,1
"10.1093/beheco/arg082",1,1,1
"10.1109/tpwrs.2012.2188912",1,1,1
"10.1016/j.ecolmodel.2014.02.016",1,1,1
"10.1016/j.procs.2018.01.134",1,1,1
"10.1007/s11047-014-9462-5",1,1,1
"10.1177/1460458220905380",1,1,1
"10.3390/systems4010005",1,1,1
"10.1016/j.physa.2019.122388",1,1,1
"10.1016/j.ecolmodel.2012.08.001",1,1,1
"10.1007/bf01796819",1,1,1
"10.1016/j.econmod.2019.01.015",1,1,1
"10.1016/j.ecolmodel.2014.09.026",1,1,1
"10.1109/tsmcc.2007.913916",1,1,1
"10.1142/s0219525910002748",1,1,1
"10.18564/jasss.3957",1,1,1
"10.1007/s40864-017-0053-5",1,1,1
"10.1109/ieec.2009.175",1,1,1
"10.1016/j.drugalcdep.2022.109573",1,1,1
"10.1016/0304-3800(91)90178-4",1,1,1
"10.1093/icesjms/fst181",1,1,1
"10.1111/j.1600-0706.2009.17204.x",1,1,1
"10.1080/0951192x.2018.1493227",1,1,1
"10.1007/s11205-015-1083-6",1,1,1
"10.1109/sitis.2008.44",1,1,1
"10.1016/j.physa.2014.08.013",1,1,1
"10.23919/jsee.2021.000124",1,1,1
"10.1016/j.neucom.2021.08.065",1,1,1
"10.1016/s0304-3800(98)00066-0",1,1,1
"10.1080/18756891.2016.1237191",1,1,1
"10.2166/wst.2001.0358",1,1,1
"10.1007/s10588-020-09313-w",1,1,1
"10.1016/j.engappai.2011.12.003",1,1,1
"10.1016/j.ijpe.2014.02.017",1,1,1
"10.1371/journal.pcbi.1010816",1,1,1
"10.1049/iet-rpg.2019.0315",1,1,1
"10.1111/1753-6405.12161",1,1,1
"10.1086/600112",1,1,1
"10.3390/su14138110",1,1,1
"10.1016/j.epsr.2016.08.016",1,1,1
"10.18564/jasss.1488",1,1,1
"10.1007/s11434-016-1111-1",1,1,1
"10.1080/17538947.2022.2032419",1,1,1
"10.1016/j.ecolmodel.2012.10.023",1,1,1
"10.1007/s11235-015-0133-3",1,1,1
"10.1109/tac.2021.3053549",1,1,1
"10.1007/s10340-012-0421-6",1,1,1
"10.3389/fenrg.2022.907359",1,1,1
"10.1001/jamaoncol.2021.4942",1,1,1
"10.1007/s00296-015-3224-2",1,1,1
"10.1016/j.ecolmodel.2016.10.017",1,1,1
"10.1109/tii.2015.2426419",1,1,1
"10.1016/j.procs.2021.03.092",1,1,1
"10.1109/cdc51059.2022.9992703",1,1,1
"10.1111/1477-9552.12087",1,1,1
"10.1080/00213624.2015.1013889",1,1,1
"10.1016/j.autcon.2017.06.017",1,1,1
"10.1007/s11071-021-06948-5",1,1,1
"10.1016/j.compenvurbsys.2022.101894",1,1,1
"10.1109/tla.2019.8891933",1,1,1
"10.1007/978-3-319-62932-2_2",1,1,1
"10.1016/j.jtbi.2011.03.022",1,1,1
"10.1016/j.eswa.2012.01.127",1,1,1
"10.1017/s0373463321000059",1,1,1
"10.3390/su10041060",1,1,1
"10.1016/j.cogsys.2018.12.004",1,1,1
"10.18564/jasss.1827",1,1,1
"10.1111/j.1399-3054.2007.00948.x",1,1,1
"10.1253/circj.cj-11-1300",1,1,1
"10.1109/saint.2009.70",1,1,1
"10.1142/s1793524516500893",1,1,1
"10.1007/s00464-017-5755-y",1,1,1
"10.1145/2996189",1,1,1
"10.1016/j.ins.2015.05.024",1,1,1
"10.3390/bdcc3040051",1,1,1
"10.1134/s0005117912110069",1,1,1
"10.1177/002029400503801004",1,1,1
"10.2478/jaiscr-2014-0003",1,1,1
"10.3390/electronics11203356",1,1,1
"10.1051/ps/2012014",1,1,1
"10.4018/ijswis.306749",1,1,1
"10.1016/j.eswa.2009.01.034",1,1,1
"10.1080/17565529.2013.872593",1,1,1
"10.1016/j.envpol.2017.10.074",1,1,1
"10.1007/s12063-021-00231-x",1,1,1
"10.1016/j.jedc.2018.12.008",1,1,1
"10.1046/j.1365-2419.2003.00267.x",1,1,1
"10.1016/j.asoc.2021.107402",1,1,1
"10.2991/ijcis.d.191101.001",1,1,1
"10.1007/978-3-662-44440-5_21",1,1,1
"10.1126/sciadv.abo1733",1,1,1
"10.3141/2088-01",1,1,1
"10.3926/jiem.3609",1,1,1
"10.1016/j.aej.2022.08.009",1,1,1
"10.1016/j.scs.2023.104661",1,1,1
"10.1016/j.isatra.2018.10.005",1,1,1
"10.1136/bmjopen-2022-062405",1,1,1
"10.1049/stg2.12077",1,1,1
"10.1016/j.proeng.2016.07.581",1,1,1
"10.1016/j.neucom.2016.04.011",1,1,1
"10.1038/s41598-018-23649-z",1,1,1
"10.1016/j.conengprac.2015.10.001",1,1,1
"10.1002/cncr.31178",1,1,1
"10.1109/vetecf.2007.20",1,1,1
"10.1142/s0129183107011388",1,1,1
"10.1080/08839510701492587",1,1,1
"10.1016/j.automatica.2023.111198",1,1,1
"10.1016/j.envsoft.2009.10.010",1,1,1
"10.1242/jeb.127431",1,1,1
"10.1007/s11036-006-0051-4",2,0,0
"10.3390/fi11040092",1,1,1
"10.1038/s41598-021-01849-4",1,1,1
"10.1016/j.epidem.2021.100487",1,1,1
"10.1080/00207179.2013.868608",1,1,1
"10.1016/j.ijpe.2020.108014",1,1,1
"10.1016/j.automatica.2017.06.031",1,1,1
"10.1890/0012-9658(2003)084[0252:pgisat]2.0.co;2",1,1,1
"10.1371/journal.pone.0226483",1,1,1
"10.1093/heapol/czz012",1,1,1
"10.1007/s10237-018-1044-5",1,1,1
"10.1016/j.cnsns.2011.07.029",1,1,1
"10.1016/j.eswa.2006.12.022",1,1,1
"10.1371/journal.pone.0172261",1,1,1
"10.1086/669904",1,1,1
"10.1016/j.inffus.2021.06.004",1,1,1
"10.1016/j.ecolmodel.2009.08.004",1,1,1
"10.1002/rnc.3026",1,1,1
"10.1016/j.ajic.2021.07.001",1,1,1
"10.3390/en13153920",1,1,1
"10.1016/j.apenergy.2021.118408",1,1,1
"10.1155/2013/656345",1,1,1
"10.1177/1548512919860222",1,1,1
"10.1109/tpds.2013.120",1,1,1
"10.3233/shti200157",1,1,1
"10.1086/368224",1,1,1
"10.3390/jmse8090624",1,1,1
"10.1109/tsg.2018.2867809",1,1,1
"10.1109/pdp50117.2020.00073",1,1,1
"10.1002/etc.4522",1,1,1
"10.3354/meps07380",1,1,1
"10.3389/fpubh.2023.856940",1,1,1
"10.1109/wi-iat.2014.157",1,1,1
"10.1093/imammb/dqp015",1,1,1
"10.1109/bwcca.2012.116",1,1,1
"10.1109/tsmc.2020.3011142",1,1,1
"10.1109/access.2019.2913764",1,1,1
"10.1016/s0025-5564(00)00017-1",1,1,1
"10.1016/j.rser.2020.109961",1,1,1
"10.1016/j.neunet.2009.06.032",1,1,1
"10.1016/j.isatra.2020.02.022",1,1,1
"10.1016/j.epsr.2018.08.002",1,1,1
"10.1109/taai.2011.45",1,1,1
"10.1002/casp.774",1,1,1
"10.1016/j.ifacol.2019.11.270",1,1,1
"10.1016/j.jebo.2022.02.003",1,1,1
"10.1051/parasite/2016066",1,1,1
"10.1016/j.ecolecon.2016.03.002",1,1,1
"10.1007/978-3-319-50983-9_6",1,1,1
"10.1016/j.jhydrol.2019.06.080",1,1,1
"10.1016/j.trc.2017.05.004",1,1,1
"10.1109/access.2023.3289964",1,1,1
"10.1016/s0967-0661(00)00111-8",1,1,1
"10.1016/s2214-109x(18)30257-2",1,1,1
"10.7717/peerj.2001",1,1,1
"10.1016/0198-9715(81)90016-8",1,1,1
"10.1007/s11213-017-9427-6",1,1,1
"10.1016/j.ecolmodel.2008.10.014",1,1,1
"10.1080/1747423x.2020.1769211",1,1,1
"10.1016/j.isci.2023.107344",1,1,1
"10.1109/sims.2016.11",1,1,1
"10.1080/21645515.2022.2139097",1,1,1
"10.1007/s00170-023-11956-3",2,0,0
"10.1016/j.dib.2020.106318",1,1,1
"10.1007/s40864-018-0086-4",1,1,1
"10.1016/j.ecolmodel.2020.108999",1,1,1
"10.1002/rnc.3199",1,1,1
"10.1016/j.epsr.2017.09.014",1,1,1
"10.1017/s1751731110001059",1,1,1
"10.1007/s11042-023-15363-4",1,1,1
"10.1080/1351847x.2021.1886964",1,1,1
"10.1177/0037549714528268",1,1,1
"10.18564/jasss.3690",1,1,1
"10.1109/access.2019.2897603",1,1,1
"10.1134/s0005117920030078",1,1,1
"10.1080/13658816.2012.669891",1,1,1
"10.1080/19393555.2011.624159",1,1,1
"10.1016/j.ifacol.2019.06.004",1,1,1
"10.1007/bf03037647",1,1,1
"10.1111/1467-8462.12381",1,1,1
"10.15199/48.2019.12.57",1,1,1
"10.1007/s11277-018-5381-6",1,1,1
"10.1016/j.procs.2012.04.022",1,1,1
"10.1049/iet-cta.2014.0123",1,1,1
"10.1016/j.physa.2014.04.004",1,1,1
"10.1007/s12205-017-0798-0",1,1,1
"10.1002/cncr.22115",1,1,1
"10.1016/s0304-3800(02)00058-3",1,1,1
"10.1136/hrt.2003.013102",1,1,1
"10.1049/iet-cta.2017.1322",1,1,1
"10.3389/fenvs.2015.00042",1,1,1
"10.1111/2041-210x.12530",1,1,1
"10.1080/18128602.2011.574649",1,1,1
"10.3141/2671-07",1,1,1
"10.1002/ijc.33540",1,1,1
"10.1016/j.ifacol.2015.06.228",1,1,1
"10.1016/j.ecolmodel.2017.07.026",1,1,1
"10.1109/tnse.2020.3025621",1,1,1
"10.1002/sres.2294",1,1,1
"10.1016/j.jtbi.2021.110921",1,1,1
"10.1016/j.jenvman.2018.11.100",1,1,1
"10.1109/tcyb.2019.2939929",1,1,1
"10.1098/rspb.2015.1405",1,1,1
"10.1200/jco.20.00418",1,1,1
"10.1177/0272989x20985752",1,1,1
"10.1007/s12080-019-00436-8",1,1,1
"10.1016/j.jwb.2017.06.001",1,1,1
"10.1007/s10458-006-9001-6",1,1,1
"10.1080/19361610.2018.1422361",1,1,1
"10.1080/17477778.2020.1800422",1,1,1
"10.1093/comjnl/bxp106",1,1,1
"10.3390/asi3040048",1,1,1
"10.1007/s11334-005-0018-9",1,1,1
"10.1108/ec-05-2019-0212",1,1,1
"10.1371/journal.pcbi.1007561",1,1,1
"10.1109/acc.2006.1657275",1,1,1
"10.3390/computation10120222",1,1,1
"10.1038/s41598-022-05231-w",1,1,1
"10.1016/j.ecolmodel.2003.10.005",1,1,1
"10.1371/journal.pcbi.1009869",1,1,1
"10.1109/access.2020.2989471",1,1,1
"10.3389/fmicb.2012.00129",1,1,1
"10.1016/j.eswa.2021.116156",1,1,1
"10.1136/bmjgh-2021-007124",1,1,1
"10.1155/2019/7878042",1,1,1
"10.1631/fitee.1500369",1,1,1
"10.1088/1742-5468/ac014a",1,1,1
"10.1057/s41273-017-0061-1",1,1,1
"10.1016/j.vhri.2021.05.007",1,1,1
"10.1007/s10339-015-0719-4",1,1,1
"10.1073/pnas.072079999",1,1,1
"10.1158/1055-9965.epi-04-0499",1,1,1
"10.1016/j.automatica.2020.109239",1,1,1
"10.1021/es304924w",1,1,1
"10.1017/s0373463300038479",1,1,1
"10.1016/j.cma.2022.115485",1,1,1
"10.4271/2008-01-0442",2,0,0
"10.1080/09645292.2018.1490698",1,1,1
"10.1007/978-3-319-99608-0_55",1,1,1
"10.1109/iecon48115.2021.9589675",1,1,1
"10.1016/j.cnsns.2007.04.023",1,1,1
"10.1142/s0218843009002051",1,1,1
"10.4028/www.scientific.net/amm.443.7",1,1,1
"10.1109/r10-htc47129.2019.9042437",1,1,1
"10.1016/j.ijforecast.2006.04.001",1,1,1
"10.1016/j.ecolecon.2017.06.027",1,1,1
"10.1007/s10614-013-9372-0",1,1,1
"10.1007/978-3-319-66824-6_11",1,1,1
"10.1016/j.spa.2018.11.004",1,1,1
"10.1109/lcsys.2021.3086848",1,1,1
"10.1155/2019/4398620",1,1,1
"10.1177/1046878107300670",1,1,1
"10.1109/msn50589.2020.00021",1,1,1
"10.1016/j.automatica.2019.05.059",1,1,1
"10.1111/eva.12717",1,1,1
"10.1371/journal.pcbi.1008413",1,1,1
"10.1049/iet-its.2018.5369",1,1,1
"10.3389/fmicb.2017.02628",1,1,1
"10.1016/j.ibusrev.2019.02.002",1,1,1
"10.1080/20476965.2022.2030655",1,1,1
"10.1111/jeb.14105",1,1,1
"10.1016/j.ijdrr.2018.10.004",1,1,1
"10.3233/mgs-120199",1,1,1
"10.1007/978-3-319-65551-2_47",1,1,1
"10.1016/j.tranpol.2011.05.003",1,1,1
"10.1007/s00170-015-7221-0",1,1,1
"10.3390/app12073262",1,1,1
"10.1137/100818662",1,1,1
"10.1007/978-3-030-85739-4_19",1,1,1
"10.1177/1548512917692693",1,1,1
"10.1016/j.ifacol.2016.07.002",1,1,1
"10.1186/s12889-017-4884-5",1,1,1
"10.1086/286106",1,1,1
"10.1145/3240117.3240122",1,1,1
"10.1016/j.biosystemseng.2021.12.018",1,1,1
"10.1007/s10100-017-0518-3",1,1,1
"10.1371/journal.pone.0274288",1,1,1
"10.1016/j.ecolmodel.2010.12.018",1,1,1
"10.1097/maj.0b013e31815d4408",1,1,1
"10.1017/s0263574718001066",1,1,1
"10.1109/access.2019.2940821",1,1,1
"10.1002/rnc.6176",1,1,1
"10.1186/1471-2334-10-190",1,1,1
"10.1371/journal.pone.0128777",1,1,1
"10.1007/s13300-022-01270-8",1,1,1
"10.1016/b978-0-12-397037-4.00017-x",2,0,0
"10.1016/j.cie.2010.07.030",1,1,1
"10.1097/mlr.0000000000001442",1,1,1
"10.1016/s0921-8890(00)00088-9",1,1,1
"10.1007/s11538-014-0060-6",1,1,1
"10.18564/jasss.3797",1,1,1
"10.1093/logcom/exac020",1,1,1
"10.3390/en8053955",1,1,1
"10.1016/j.futures.2022.102994",1,1,1
"10.2903/j.efsa.2021.6607",1,1,1
"10.1177/1059712312472212",1,1,1
"10.1109/tpwrd.2016.2585579",1,1,1
"10.1097/dmp.0b013e3181a88899",1,1,1
"10.1016/j.physa.2016.10.028",1,1,1
"10.1007/978-3-319-39630-9_25",1,1,1
"10.1017/s0269888923000036",1,1,1
"10.1016/j.energy.2022.125711",1,1,1
"10.1007/s10526-008-9163-z",1,1,1
"10.1080/00207179.2017.1411610",1,1,1
"10.1093/logcom/exm015",1,1,1
"10.23919/iccas52745.2021.9649891",1,1,1
"10.1007/3-540-44826-8",18,0,0
"10.1109/tac.2014.2304368",1,1,1
"10.1504/ijcat.2008.017717",1,1,1
"10.1016/j.ijepes.2018.01.003",1,1,1
"10.1007/s00170-003-1626-x",1,1,1
"10.1016/j.isatra.2021.11.015",1,1,1
"10.1504/ijcis.2006.009442",1,1,1
"10.1080/00207170600825097",1,1,1
"10.1049/iet-its.2015.0035",1,1,1
"10.18564/jasss.4410",1,1,1
"10.1371/journal.pntd.0004894",1,1,1
"10.3390/vaccines11010032",1,1,1
"10.1109/wi-iat.2012.169",1,1,1
"10.1002/pbc.28192",1,1,1
"10.1108/ijicc-03-2020-0026",1,1,1
"10.1137/15m1019775",1,1,1
"10.4018/ijdsst.2021100101",1,1,1
"10.1098/rsif.2019.0421",1,1,1
"10.1109/access.2017.2670778",1,1,1
"10.1016/j.agwat.2020.106693",1,1,1
"10.1111/j.1728-4465.2014.00006.x",1,1,1
"10.1109/tase.2016.2547885",1,1,1
"10.1016/j.conengprac.2016.11.014",1,1,1
"10.3141/2110-20",1,1,1
"10.1109/tcyb.2021.3070402",1,1,1
"10.3141/1876-08",1,1,1
"10.3389/fmicb.2015.01564",1,1,1
"10.25336/csp29381",1,1,1
"10.1515/orga-2016-0010",1,1,1
"10.1016/j.autcon.2005.07.004",1,1,1
"10.5381/jot.2020.19.3.a6",1,1,1
"10.1007/s10845-011-0593-6",1,1,1
"10.1587/transinf.e93.d.774",1,1,1
"10.1007/s00198-020-05513-x",1,1,1
"10.1007/978-3-319-47253-9_33",1,1,1
"10.1007/s10559-011-9303-9",1,1,1
"10.1016/j.physa.2016.10.076",1,1,1
"10.1109/lars/sbr/wre.2018.00024",1,1,1
"10.1016/j.ecolmodel.2004.06.026",1,1,1
"10.2983/0730-8000(2006)25[417:apdmot]2.0.co;2",1,1,1
"10.5772/58894",1,1,1
"10.1016/j.ijpe.2019.107592",1,1,1
"10.1016/j.eururo.2019.04.007",1,1,1
"10.1002/oca.727",1,1,1
"10.1890/04-1081",1,1,1
"10.1016/j.asoc.2014.01.015",1,1,1
"10.1017/s1368980021004833",1,1,1
"10.1016/j.jeoa.2019.02.002",1,1,1
"10.1080/00207721.2023.2240465",2,0,0
"10.1111/j.1600-0706.2009.17724.x",1,1,1
"10.3141/2390-01",1,1,1
"10.1007/978-3-030-05366-6_1",1,1,1
"10.1016/j.ecolmodel.2021.109735",1,1,1
"10.1016/j.ecolmodel.2020.109073",1,1,1
"10.1080/00207543.2015.1005763",1,1,1
"10.1111/ddi.13459",1,1,1
"10.1007/978-3-319-68321-8_1",1,1,1
"10.1016/j.ecolmodel.2010.10.014",1,1,1
"10.1371/journal.pcbi.1002186",1,1,1
"10.3141/2344-03",1,1,1
"10.3390/math10234622",1,1,1
"10.1016/j.eswa.2022.119070",1,1,1
"10.3390/electronics11091352",1,1,1
"10.1177/1094428112470006",1,1,1
"10.1186/1471-2334-11-115",1,1,1
"10.1080/0376835x.2013.801197",1,1,1
"10.1016/j.compind.2019.01.006",1,1,1
"10.1016/j.esr.2019.100425",1,1,1
"10.1007/s13595-012-0256-6",1,1,1
"10.3390/en14154399",1,1,1
"10.1109/jsac.2012.120604",1,1,1
"10.1016/j.jth.2020.100931",1,1,1
"10.1016/j.physa.2018.09.024",1,1,1
"10.1371/journal.pcbi.1000758",1,1,1
"10.1016/j.jbusres.2007.02.004",1,1,1
"10.1007/s00521-019-04527-9",1,1,1
"10.1016/j.ijhydene.2020.06.178",1,1,1
"10.3989/scimar.2009.73s1037",1,1,1
"10.1109/jsyst.2018.2859755",1,1,1
"10.4018/ijdst.2015100101",1,1,1
"10.1016/j.ophtha.2017.03.019",1,1,1
"10.1016/j.econmod.2007.07.001",1,1,1
"10.1080/10864415.2002.11044261",1,1,1
"10.1002/rnc.5320",1,1,1
"10.1007/s42001-022-00183-7",1,1,1
"10.1155/2022/2111587",1,1,1
"10.1016/j.joep.2012.12.006",1,1,1
"10.18564/jasss.3064",1,1,1
"10.1016/j.ocecoaman.2019.02.003",1,1,1
"10.1109/tcst.2013.2290708",1,1,1
"10.1034/j.1600-0706.2002.990221.x",1,1,1
"10.1016/j.ins.2023.119072",1,1,1
"10.1080/00207543.2012.737951",1,1,1
"10.1007/s10115-018-1285-8",1,1,1
"10.1007/s00134-012-2704-z",1,1,1
"10.1016/j.ifacol.2015.06.394",1,1,1
"10.1017/s0376892912000124",1,1,1
"10.1016/j.jocs.2020.101156",1,1,1
"10.1007/s00291-009-0178-3",1,1,1
"10.3390/app13158681",1,1,1
"10.1186/s12859-018-2097-2",1,1,1
"10.1016/j.ecolmodel.2018.06.013",1,1,1
"10.1016/j.jss.2009.04.054",1,1,1
"10.1109/access.2023.3297099",2,0,0
"10.1109/tevc.2004.826070",1,1,1
"10.1016/j.apm.2019.03.023",1,1,1
"10.1016/j.envsoft.2022.105552",1,1,1
"10.1111/geb.13220",1,1,1
"10.3390/app9235084",1,1,1
"10.1007/s10816-017-9355-x",1,1,1
"10.1016/j.watres.2017.07.031",1,1,1
"10.1007/978-3-319-20230-3_3",1,1,1
"10.1016/j.resconrec.2022.106666",1,1,1
"10.1016/j.jmbbm.2023.105843",1,1,1
"10.1177/0037549714526947",1,1,1
"10.1016/j.agsy.2004.11.001",1,1,1
"10.1016/j.epsr.2014.01.018",1,1,1
"10.1016/j.ifacol.2022.11.049",1,1,1
"10.1002/etep.1840",1,1,1
"10.1086/303268",1,1,1
"10.1002/lno.12093",1,1,1
"10.1007/s12080-018-0367-2",1,1,1
"10.1017/s1365100512000582",1,1,1
"10.18564/jasss.4379",1,1,1
"10.1136/bmjopen-2020-042158",1,1,1
"10.1163/15685373-12340044",1,1,1
"10.1186/1471-2458-12-16",1,1,1
"10.1177/03611981221135805",1,1,1
"10.3390/en15041371",1,1,1
"10.1080/09640568.2015.1066667",1,1,1
"10.1109/ftdcs.2003.1204292",1,1,1
"10.1007/s12541-018-0082-3",1,1,1
"10.1109/is3c50286.2020.00102",1,1,1
"10.1098/rspb.2008.1715",1,1,1
"10.1016/j.eneco.2022.106463",1,1,1
"10.1111/j.1728-4457.2000.00263.x",1,1,1
"10.1016/j.ecocom.2020.100813",1,1,1
"10.1109/tnse.2022.3187775",1,1,1
"10.1057/palgrave.jors.2602321",1,1,1
"10.1371/journal.pone.0241108",1,1,1
"10.1016/j.compeleceng.2020.106652",1,1,1
"10.1186/s12985-020-01393-z",1,1,1
"10.1016/j.neucom.2020.02.040",1,1,1
"10.1109/tac.2021.3122382",1,1,1
"10.1016/j.jenvman.2023.117519",1,1,1
"10.1016/j.neucom.2016.06.042",1,1,1
"10.1016/j.eswa.2004.06.008",1,1,1
"10.1177/0037549719843339",1,1,1
"10.1177/1550147717726296",1,1,1
"10.1002/rnc.5953",1,1,1
"10.1016/j.ins.2018.04.054",1,1,1
"10.1016/j.jtbi.2020.110241",1,1,1
"10.1016/j.robot.2023.104489",1,1,1
"10.1109/cdc.2010.5717903",1,1,1
"10.1007/978-3-319-78054-2_43",1,1,1
"10.1002/asjc.1016",1,1,1
"10.1016/j.jce.2016.02.003",1,1,1
"10.1007/s10796-010-9241-5",1,1,1
"10.1145/1900008.1900064",1,1,1
"10.1098/rsos.170740",1,1,1
"10.3390/ijerph17030927",1,1,1
"10.1016/j.procs.2010.04.250",1,1,1
"10.1155/2021/1796296",1,1,1
"10.1016/j.ecolmodel.2016.01.001",1,1,1
"10.1016/j.advwatres.2017.08.009",1,1,1
"10.1109/tte.2016.2552721",1,1,1
"10.1016/j.ecolind.2016.06.021",1,1,1
"10.7866/hpe-rpe.20.4.5",1,1,1
"10.5547/01956574.42.2.fzim",1,1,1
"10.1108/ijlm-04-2016-0095",1,1,1
"10.1080/00207179.2014.986201",1,1,1
"10.1080/00207721.2016.1239141",1,1,1
"10.1016/j.ijtst.2022.08.002",1,1,1
"10.1002/eej.20563",1,1,1
"10.1016/j.cja.2021.01.017",1,1,1
"10.1016/j.future.2004.04.006",1,1,1
"10.1377/hlthaff.w5.r30",1,1,1
"10.1145/3102302",1,1,1
"10.1109/tla.2020.9387641",1,1,1
"10.1016/j.cstp.2021.06.011",1,1,1
"10.1049/iet-cta.2017.0578",1,1,1
"10.1109/3pgcic.2013.114",1,1,1
"10.18564/jasss.2065",1,1,1
"10.1002/ece3.4270",1,1,1
"10.1148/radiol.2481071446",1,1,1
"10.3389/fpubh.2022.818816",1,1,1
"10.1023/a:1022416613660",1,1,1
"10.3390/app13127094",1,1,1
"10.1016/j.ecolmodel.2018.01.021",1,1,1
"10.1016/j.matcom.2014.07.001",1,1,1
"10.1007/s10614-016-9591-2",1,1,1
"10.1080/01969720701534026",1,1,1
"10.1093/erae/jbz041",1,1,1
"10.1109/aina.2007.28",1,1,1
"10.1016/j.econmod.2017.09.019",1,1,1
"10.1016/j.simpat.2018.05.006",1,1,1
"10.1111/j.1558-5646.2011.01254.x",1,1,1
"10.1016/j.ecolmodel.2012.03.023",1,1,1
"10.4271/2009-01-3202",2,0,0
"10.1134/s1019331618030139",1,1,1
"10.1371/journal.pcbi.1004309",1,1,1
"10.1016/j.dss.2004.07.005",1,1,1
"10.18564/jasss.2835",1,1,1
"10.1037/rev0000344",1,1,1
"10.1080/15472451003719764",1,1,1
"10.1109/bife.2009.120",1,1,1
"10.1109/tem.2021.3124027",1,1,1
"10.1109/tvt.2022.3166987",1,1,1
"10.3390/math9060681",1,1,1
"10.1016/j.jrurstud.2021.05.017",1,1,1
"10.1016/j.landusepol.2005.09.009",1,1,1
"10.1111/j.1461-0248.2010.01505.x",1,1,1
"10.1109/ems.2013.33",1,1,1
"10.1109/tsmc.2023.3274551",2,0,0
"10.1142/s0218213011000498",1,1,1
"10.7717/peerj.5688",1,1,1
"10.1186/s12916-019-1259-z",1,1,1
"10.1177/0361198120949876",1,1,1
"10.1002/nafm.10460",1,1,1
"10.1017/s0269888905000457",1,1,1
"10.1086/668832",1,1,1
"10.1177/0361198119845880",1,1,1
"10.3141/2254-10",1,1,1
"10.1063/1.3683528",1,1,1
"10.1016/j.mbs.2007.02.004",1,1,1
"10.1049/iet-cta.2011.0282",1,1,1
"10.3897/jucs.68692",1,1,1
"10.1103/physreve.86.036110",1,1,1
"10.1016/j.apgeog.2022.102771",1,1,1
"10.1049/iet-cta.2011.0555",1,1,1
"10.1177/0363199015584472",1,1,1
"10.1371/journal.pone.0192987",1,1,1
"10.12716/1001.15.04.13",1,1,1
"10.1021/acssynbio.7b00003",1,1,1
"10.1117/12.883892",1,1,1
"10.1007/s11432-020-3107-7",1,1,1
"10.1080/1350178x.2013.774843",1,1,1
"10.1186/s40174-016-0066-1",1,1,1
"10.1162/106454600300103665",1,1,1
"10.1007/978-3-319-15168-7_15",1,1,1
"10.1177/089443930202000207",1,1,1
"10.1109/iceiec.2019.8784569",1,1,1
"10.1016/j.envsoft.2016.11.009",1,1,1
"10.1158/1940-6207.capr-11-0468",1,1,1
"10.1142/s0218001422590066",1,1,1
"10.1007/s11538-017-0253-x",1,1,1
"10.1016/j.jtbi.2018.06.003",1,1,1
"10.1007/s10957-021-01921-z",1,1,1
"10.1142/s0129183123501322",2,0,0
"10.18421/tem81-30",1,1,1
"10.1016/j.prevetmed.2022.105633",1,1,1
"10.1016/j.mbs.2008.10.001",1,1,1
"10.1371/journal.pone.0180162",1,1,1
"10.1016/j.hlpt.2020.03.005",1,1,1
"10.1186/s12906-020-02911-w",1,1,1
"10.1111/insr.12399",1,1,1
"10.1016/j.compenvurbsys.2022.101852",1,1,1
"10.1016/j.robot.2023.104442",1,1,1
"10.1371/journal.pcbi.1010823",1,1,1
"10.1037/a0040094",1,1,1
"10.1007/978-3-662-49381-6_35",1,1,1
"10.3141/2237-04",1,1,1
"10.1109/access.2021.3138931",1,1,1
"10.1016/j.sysconle.2011.03.002",1,1,1
"10.1155/2020/6079249",1,1,1
"10.3390/app12073701",1,1,1
"10.1093/milmed/usx015",1,1,1
"10.1007/s10531-020-01938-2",1,1,1
"10.1016/j.isatra.2018.02.009",1,1,1
"10.1142/s2196888819500234",1,1,1
"10.1371/journal.pone.0232761",1,1,1
"10.1007/s10015-007-0476-2",1,1,1
"10.1007/s00125-022-05832-0",1,1,1
"10.1016/j.simpat.2004.12.002",1,1,1
"10.1186/s12918-016-0275-2",1,1,1
"10.1080/17477778.2022.2029594",1,1,1
"10.1080/00207721.2022.2141591",1,1,1
"10.1038/s41560-021-00888-5",1,1,1
"10.1007/978-3-319-02309-0_68",1,1,1
"10.1007/s13177-012-0050-8",1,1,1
"10.1016/j.asoc.2016.11.010",1,1,1
"10.7232/iems.2019.18.2.173",1,1,1
"10.1016/j.future.2022.11.017",1,1,1
"10.3390/en6020646",1,1,1
"10.5547/2160-5890.8.2.cboh",1,1,1
"10.1093/logcom/exz017",1,1,1
"10.1002/asjc.626",1,1,1
"10.1111/j.1468-2486.2009.00911.x",1,1,1
"10.1080/00207540701224400",1,1,1
"10.1109/access.2021.3051464",1,1,1
"10.1002/cncr.31884",1,1,1
"10.1017/s037346331100021x",1,1,1
"10.3390/healthcare9111519",1,1,1
"10.1016/j.aei.2023.101958",1,1,1
"10.3390/biomimetics8010124",1,1,1
"10.1109/i2ct45611.2019.9033817",1,1,1
"10.1137/21m140941x",1,1,1
"10.1016/j.ecolmodel.2016.05.018",1,1,1
"10.1007/s10668-022-02556-4",1,1,1
"10.1080/0951192x.2012.684713",1,1,1
"10.1080/15732479.2012.671834",1,1,1
"10.1016/j.jpdc.2019.11.002",1,1,1
"10.1016/j.procs.2011.08.056",1,1,1
"10.1137/17m1135207",1,1,1
"10.1080/00207179.2022.2086927",2,0,0
"10.1016/j.compenvurbsys.2022.101757",1,1,1
"10.1016/j.physa.2006.12.030",1,1,1
"10.1016/j.engappai.2014.09.004",1,1,1
"10.1109/jsyst.2016.2647598",1,1,1
"10.1166/asl.2016.7083",1,1,1
"10.1287/trsc.2019.0971",1,1,1
"10.1016/j.ecolmodel.2022.110001",1,1,1
"10.1007/978-3-319-60240-0_5",1,1,1
"10.1038/s41598-020-75280-6",1,1,1
"10.1016/j.ecolmodel.2021.109448",1,1,1
"10.1117/12.474469",1,1,1
"10.3390/electronics10232977",1,1,1
"10.1093/icesjms/fsz087",1,1,1
"10.1109/tii.2017.2696978",1,1,1
"10.1016/j.envsoft.2022.105559",1,1,1
"10.1109/tsmc.2020.2995802",1,1,1
"10.1177/03611981221082591",1,1,1
"10.1007/s12061-016-9202-6",1,1,1
"10.3389/fevo.2018.00023",1,1,1
"10.1002/ieam.1640",1,1,1
"10.1016/j.ausmj.2013.12.008",1,1,1
"10.1038/s41396-021-00981-3",1,1,1
"10.1016/j.proeng.2011.08.103",1,1,1
"10.1016/j.jtte.2017.05.007",1,1,1
"10.1080/15389588.2020.1795843",1,1,1
"10.1007/978-3-030-33792-6_11",1,1,1
"10.1109/tac.2016.2628204",1,1,1
"10.1007/s10980-019-00804-z",1,1,1
"10.1371/journal.pone.0238186",1,1,1
"10.1023/b:amai.0000034525.49481.4a",1,1,1
"10.3233/ngs-130201",1,1,1
"10.1038/s42003-023-04703-7",1,1,1
"10.1016/j.automatica.2011.02.045",1,1,1
"10.1080/01605682.2018.1447250",1,1,1
"10.1007/s12065-020-00390-z",1,1,1
"10.1371/journal.pcbi.1003295",1,1,1
"10.1155/2015/231073",1,1,1
"10.1016/j.matcom.2008.01.028",1,1,1
"10.1007/s41066-023-00362-5",1,1,1
"10.1142/s0219525908001866",1,1,1
"10.1007/s11116-019-10007-9",1,1,1
"10.3390/ijms161126065",1,1,1
"10.1016/j.enbuild.2022.112765",1,1,1
"10.1007/978-3-319-67074-4_12",1,1,1
"10.1109/jsee.2013.00056",1,1,1
"10.1016/j.amc.2010.04.067",1,1,1
"10.3390/fi13060153",1,1,1
"10.1109/wi-iat.2013.166",1,1,1
"10.1139/f10-125",1,1,1
"10.21511/im.19(2).2023.04",1,1,1
"10.1080/00207179.2013.766363",1,1,1
"10.1001/dmp.2011.16",1,1,1
"10.1053/j.gastro.2017.09.021",1,1,1
"10.1109/cyber.2003.1253475",1,1,1
"10.3934/jimo.2022015",1,1,1
"10.1007/s10237-022-01601-5",1,1,1
"10.1142/s1793962319500107",1,1,1
"10.3390/act11040099",1,1,1
"10.1016/j.renene.2011.07.049",1,1,1
"10.1007/s00191-011-0231-7",1,1,1
"10.1016/j.applanim.2016.07.011",1,1,1
"10.1111/1477-9552.12447",1,1,1
"10.1080/00207543.2018.1521534",1,1,1
"10.1016/j.cola.2022.101174",1,1,1
"10.1007/s42001-022-00169-5",1,1,1
"10.1007/s11403-014-0133-5",1,1,1
"10.1371/journal.pone.0247823",1,1,1
"10.1016/j.eswa.2004.10.004",1,1,1
"10.1016/j.jcpo.2014.09.001",1,1,1
"10.1007/s13369-012-0197-2",1,1,1
"10.1016/j.jclepro.2020.124172",1,1,1
"10.1007/s11721-017-0149-2",1,1,1
"10.2166/ws.2021.124",1,1,1
"10.1142/s0219525922500035",2,0,0
"10.1016/j.pocean.2022.102821",1,1,1
"10.1177/03611981221148483",1,1,1
"10.3390/en13112793",1,1,1
"10.1016/j.ifacol.2020.06.082",1,1,1
"10.1007/978-3-319-59294-7_28",1,1,1
"10.1155/2018/2740959",1,1,1
"10.1007/s11067-018-9414-1",1,1,1
"10.1016/j.ecolmodel.2010.04.014",1,1,1
"10.1177/1548512911401739",1,1,1
"10.1002/zoo.20054",1,1,1
"10.1016/j.jbusres.2007.02.005",1,1,1
"10.1109/lcsys.2020.2973594",1,1,1
"10.1016/j.envsoft.2010.02.008",1,1,1
"10.1016/j.cie.2021.107342",1,1,1
"10.1007/s00191-015-0424-6",1,1,1
"10.1117/12.2060546",1,1,1
"10.1007/s10559-012-9436-5",1,1,1
"10.1016/j.ecolmodel.2007.07.024",1,1,1
"10.1016/j.procs.2018.11.022",1,1,1
"10.4018/ijisscm.290018",1,1,1
"10.3389/fcomp.2023.1085867",1,1,1
"10.1080/13658810903317022",1,1,1
"10.1002/rnc.3458",1,1,1
"10.1016/j.automatica.2013.02.021",1,1,1
"10.1111/gcb.12870",1,1,1
"10.1016/j.sbspro.2011.08.032",1,1,1
"10.1007/s11277-021-08368-5",1,1,1
"10.1007/s10589-008-9204-7",1,1,1
"10.1109/tcns.2021.3059793",1,1,1
"10.1007/s00127-011-0376-6",1,1,1
"10.5751/es-09329-220325",1,1,1
"10.1016/j.sysconle.2015.06.006",1,1,1
"10.1098/rsif.2012.0319",1,1,1
"10.1016/j.scs.2018.12.040",1,1,1
"10.1007/s10956-014-9534-4",1,1,1
"10.1016/j.simpat.2011.12.008",1,1,1
"10.1016/j.ecolmodel.2008.04.014",1,1,1
"10.1109/smc.2018.00347",1,1,1
"10.3917/rfs.554.0731",1,1,1
"10.1155/2014/741654",1,1,1
"10.1109/tac.2010.2079650",1,1,1
"10.18564/jasss.4923",1,1,1
"10.1007/978-3-319-24399-3_5",1,1,1
"10.3390/act11040113",1,1,1
"10.1016/j.jag.2023.103368",1,1,1
"10.1109/jsyst.2016.2628774",1,1,1
"10.1111/pala.12420",1,1,1
"10.1016/j.ijar.2004.08.002",1,1,1
"10.1080/14631370903339872",1,1,1
"10.1111/j.1420-9101.2010.01958.x",1,1,1
"10.3233/978-1-61499-105-2-149",1,1,1
"10.1080/00222500601188502",1,1,1
"10.1371/journal.pone.0219188",1,1,1
"10.1016/j.ifset.2020.102335",1,1,1
"10.1111/j.1524-4733.2008.00411.x",1,1,1
"10.1016/j.envsoft.2019.06.016",1,1,1
"10.1177/01655515211010392",1,1,1
"10.1016/j.gecco.2019.e00558",1,1,1
"10.1007/s11403-020-00299-x",1,1,1
"10.1007/s10980-021-01388-3",1,1,1
"10.1371/journal.pone.0020743",1,1,1
"10.1371/journal.pone.0009454",1,1,1
"10.1155/2018/7684185",1,1,1
"10.1080/08839510500484256",1,1,1
"10.3390/computers12060117",1,1,1
"10.1080/0022250x.2021.2021513",1,1,1
"10.1080/21680566.2021.1939808",1,1,1
"10.1016/j.eneco.2012.04.001",1,1,1
"10.1186/s40794-022-00177-3",1,1,1
"10.1016/j.jmsy.2021.04.010",1,1,1
"10.1177/03611981221111353",1,1,1
"10.1016/j.robot.2013.04.001",1,1,1
"10.1155/2021/5533722",1,1,1
"10.3390/land12030585",1,1,1
"10.20965/jaciii.2017.p1202",1,1,1
"10.1007/s11606-018-4773-3",1,1,1
"10.1186/1742-9994-8-3",1,1,1
"10.1016/b978-0-444-63768-0.00670-3",2,0,0
"10.1111/risa.13428",1,1,1
"10.1073/pnas.1205013109",1,1,1
"10.1109/ds-rt47707.2019.8958655",1,1,1
"10.1016/j.ecolmodel.2011.10.009",1,1,1
"10.1098/rsif.2021.0648",1,1,1
"10.1007/s11403-018-0227-6",1,1,1
"10.1016/j.ecolmodel.2015.04.019",1,1,1
"10.1080/00207543.2012.737953",1,1,1
"10.1016/j.jtbi.2009.02.012",1,1,1
"10.1109/wetice.2017.14",1,1,1
"10.3934/mbe.2021109",1,1,1
"10.1007/s11431-010-4127-9",1,1,1
"10.7326/m15-0754",1,1,1
"10.1086/368293",1,1,1
"10.3233/978-1-60750-682-9-47",1,1,1
"10.1007/s11229-005-3488-2",1,1,1
"10.1016/j.eswa.2009.03.043",1,1,1
"10.2495/ut170421",1,1,1
"10.1142/s0219686716500153",1,1,1
"10.3390/systems11020105",1,1,1
"10.1016/j.jmgm.2016.06.001",1,1,1
"10.1007/s11403-023-00377-w",1,1,1
"10.1371/journal.pone.0121362",1,1,1
"10.1016/j.engappai.2008.12.002",1,1,1
"10.1016/j.robot.2005.11.005",1,1,1
"10.1016/j.eclinm.2023.101889",1,1,1
"10.1016/j.apenergy.2022.119533",1,1,1
"10.1016/j.ecolmodel.2023.110398",1,1,1
"10.18564/jasss.2783",1,1,1
"10.1371/journal.pcbi.1010994",1,1,1
"10.1016/j.simpat.2011.01.003",1,1,1
"10.1007/s10462-019-09695-7",1,1,1
"10.1016/s0278-6125(07)00007-6",1,1,1
"10.1016/j.econmod.2011.04.009",1,1,1
"10.1109/iwcia47330.2019.8955073",1,1,1
"10.1139/cjce-2016-0498",1,1,1
"10.1007/s00170-016-9380-z",1,1,1
"10.1007/s10198-012-0388-5",1,1,1
"10.1109/tits.2021.3098640",1,1,1
"10.1371/journal.pmed.1002225",1,1,1
"10.1109/cec.2008.4631323",1,1,1
"10.1109/tem.2012.2185802",1,1,1
"10.1137/140961249",1,1,1
"10.1155/2022/2941840",1,1,1
"10.3390/en12163200",1,1,1
"10.1016/j.bica.2017.02.003",1,1,1
"10.1111/j.1468-4446.2006.00116.x",1,1,1
"10.1109/tcyb.2021.3054430",1,1,1
"10.3846/transport.2019.11115",1,1,1
"10.1080/00207540600575787",1,1,1
"10.3390/info12050195",1,1,1
"10.1016/j.ejor.2008.03.008",1,1,1
"10.1016/j.proeng.2011.08.343",1,1,1
"10.1109/access.2019.2929577",1,1,1
"10.3166/jds.14.397-425",1,1,1
"10.1016/j.apm.2019.02.003",1,1,1
"10.1007/978-3-319-29504-6_18",1,1,1
"10.18564/jasss.1959",1,1,1
"10.1007/s10489-022-03840-6",1,1,1
"10.1109/tpwrs.2012.2213277",1,1,1
"10.1007/978-3-319-44427-7_16",1,1,1
"10.1016/j.apenergy.2020.115081",1,1,1
"10.1016/j.proeng.2012.06.018",1,1,1
"10.1007/s11403-019-00267-0",1,1,1
"10.1007/s11698-020-00218-x",1,1,1
"10.1080/01969720600998629",1,1,1
"10.2478/mmcks-2021-0001",1,1,1
"10.1109/access.2020.2974824",1,1,1
"10.1086/591881",1,1,1
"10.1007/s40565-018-0491-4",1,1,1
"10.1126/sciadv.abm3624",1,1,1
"10.1109/jsyst.2023.3264791",1,1,1
"10.1109/tcbb.2012.51",1,1,1
"10.1023/a:1008069816606",1,1,1
"10.1161/circulationaha.118.036751",1,1,1
"10.1111/1365-2435.14353",1,1,1
"10.1016/j.apenergy.2022.119932",1,1,1
"10.1001/jamanetworkopen.2020.16144",1,1,1
"10.3390/jmmp7030084",1,1,1
"10.1049/iet-its.2015.0108",1,1,1
"10.1007/978-3-030-91415-8_3",1,1,1
"10.3934/mbe.2023563",1,1,1
"10.1111/1475-6773.12052",1,1,1
"10.1177/0272989x20944869",1,1,1
"10.1016/j.neucom.2016.04.066",1,1,1
"10.1007/s40273-012-0016-3",1,1,1
"10.1177/15485129221111171",1,1,1
"10.1007/s10458-004-4344-3",1,1,1
"10.3141/1800-09",1,1,1
"10.1016/s0167-2681(03)00019-2",1,1,1
"10.1088/1757-899x/216/1/012054",1,1,1
"10.1007/978-3-540-89982-2_39",2,0,0
"10.1186/1471-2148-11-335",1,1,1
"10.1109/4235.956713",1,1,1
"10.1016/j.dss.2016.05.008",1,1,1
"10.1016/j.ecolmodel.2012.01.020",1,1,1
"10.1016/j.jtrangeo.2013.07.008",1,1,1
"10.1016/j.ijepes.2019.01.011",1,1,1
"10.1109/icassp39728.2021.9414829",1,1,1
"10.1142/s0129065711002833",1,1,1
"10.1080/15472450.2021.1904920",1,1,1
"10.1007/s10878-008-9140-6",1,1,1
"10.1016/j.aei.2005.08.001",1,1,1
"10.1186/s13705-021-00302-8",1,1,1
"10.1016/j.enconman.2015.01.057",1,1,1
"10.1002/etep.274",1,1,1
"10.1080/00207721.2020.1871105",1,1,1
"10.1017/s0376892917000339",1,1,1
"10.1016/j.eswa.2010.11.073",1,1,1
"10.1300/j074v14n01_02",1,1,1
"10.1109/jproc.2015.2508598",1,1,1
"10.1109/sis.2003.1202248",1,1,1
"10.1007/s00034-014-9838-x",1,1,1
"10.1038/s41598-019-48312-z",1,1,1
"10.1002/ijc.29136",1,1,1
"10.1007/s00521-023-08784-7",1,1,1
"10.3141/2491-13",1,1,1
"10.1007/978-3-030-30443-0_19",1,1,1
"10.1177/0361198119838515",1,1,1
"10.1007/s11071-020-06062-y",1,1,1
"10.1137/060674909",1,1,1
"10.1109/access.2019.2963584",1,1,1
"10.1145/3313799",1,1,1
"10.1016/j.automatica.2020.109245",1,1,1
"10.1097/ccm.0000000000001753",1,1,1
"10.1002/hfm.20891",1,1,1
"10.3390/en10122106",1,1,1
"10.1109/tsmc.2017.2668440",1,1,1
"10.1515/ijeeps-2014-0143",1,1,1
"10.1109/lra.2022.3220155",1,1,1
"10.1093/oep/gpt019",1,1,1
"10.1653/024.099.0323",1,1,1
"10.1046/j.1365-2656.2002.00605.x",1,1,1
"10.3390/s22124407",1,1,1
"10.1109/tac.2019.2893874",1,1,1
"10.1080/10798587.2016.1152778",1,1,1
"10.1109/tsg.2021.3101875",1,1,1
"10.1142/s021812741850044x",1,1,1
"10.1109/med51440.2021.9480346",1,1,1
"10.1016/j.jclepro.2021.128172",1,1,1
"10.1108/ci-04-2020-0067",1,1,1
"10.1007/978-3-319-59294-7_12",1,1,1
"10.1016/j.ijleo.2016.05.130",1,1,1
"10.1155/2022/8929826",1,1,1
"10.18564/jasss.2166",1,1,1
"10.1007/s11432-020-3052-0",1,1,1
"10.1007/s10846-021-01492-1",1,1,1
"10.1142/s0219525922500059",1,1,1
"10.1186/s42834-022-00157-4",1,1,1
"10.1038/s41416-021-01264-6",1,1,1
"10.1016/j.trpro.2016.02.044",1,1,1
"10.1007/s10851-011-0290-2",1,1,1
"10.1137/21m1461198",1,1,1
"10.1002/rnc.4054",1,1,1
"10.1108/ijius-06-2018-0016",1,1,1
"10.1016/j.icesjms.2005.04.012",1,1,1
"10.1016/j.gloenvcha.2019.101960",1,1,1
"10.1016/j.biocon.2012.02.001",1,1,1
"10.1145/3356883",1,1,1
"10.1016/j.compenvurbsys.2019.04.001",1,1,1
"10.1016/j.enpol.2020.111833",1,1,1
"10.1080/13658816.2020.1748192",1,1,1
"10.1007/978-3-030-93413-2_21",1,1,1
"10.1186/1475-2875-8-256",1,1,1
"10.3390/s140609900",1,1,1
"10.15288/jsad.2017.78.867",1,1,1
"10.1016/j.cub.2015.05.058",1,1,1
"10.3390/en10070903",1,1,1
"10.3141/2611-02",1,1,1
"10.1111/mec.16965",1,1,1
"10.1371/journal.pone.0139225",1,1,1
"10.1016/j.ecolmodel.2007.10.034",1,1,1
"10.1111/j.0950-0804.2005.00265.x",1,1,1
"10.3390/app8060947",1,1,1
"10.1002/acs.2799",1,1,1
"10.3390/s20143940",1,1,1
"10.1177/10775463231170032",1,1,1
"10.1016/j.epsr.2022.108422",1,1,1
"10.1186/s12889-021-10725-9",1,1,1
"10.1016/j.cag.2005.09.008",1,1,1
"10.1016/j.cnsns.2022.106756",1,1,1
"10.1016/j.physa.2017.09.072",1,1,1
"10.1111/faf.12447",1,1,1
"10.1007/s004460050038",1,1,1
"10.1163/15691330-12341467",1,1,1
"10.1177/0037549704042029",1,1,1
"10.1109/gocict.2015.26",1,1,1
"10.1371/journal.pone.0222371",1,1,1
"10.1111/crj.12103",1,1,1
"10.1016/j.ecolmodel.2008.09.001",1,1,1
"10.1007/s10707-019-00346-1",1,1,1
"10.1002/jcc.26366",1,1,1
"10.1016/j.surg.2020.06.012",1,1,1
"10.3390/su14105798",1,1,1
"10.1007/978-3-319-22747-4_12",1,1,1
"10.1007/s00191-018-0579-z",1,1,1
"10.18564/jasss.2175",1,1,1
"10.1016/j.dss.2012.02.013",1,1,1
"10.1097/qad.0000000000003231",1,1,1
"10.1007/978-3-319-19728-9_4",1,1,1
"10.1186/s12936-015-1030-7",1,1,1
"10.1007/bf02765268",1,1,1
"10.3390/su15032598",1,1,1
"10.1007/978-3-030-92843-8_32",1,1,1
"10.1109/compsac.2015.36",1,1,1
"10.1007/s12555-022-0331-1",2,0,0
"10.1109/tcyb.2021.3115124",1,1,1
"10.1111/cogs.13212",1,1,1
"10.1002/hec.4169",1,1,1
"10.1111/evo.13182",1,1,1
"10.1109/indin.2009.5195921",1,1,1
"10.1016/j.ijtst.2022.01.006",1,1,1
"10.3389/fimmu.2019.02116",1,1,1
"10.1098/rsos.211953",1,1,1
"10.1016/j.cogsys.2010.06.005",1,1,1
"10.1115/1.4047901",2,0,0
"10.1016/j.ecoinf.2014.02.001",1,1,1
"10.1371/journal.pone.0186638",1,1,1
"10.1007/s12546-019-09229-6",1,1,1
"10.1155/2015/316826",1,1,1
"10.3390/en11081943",1,1,1
"10.1080/17452750701552553",1,1,1
"10.3390/su10020486",1,1,1
"10.1007/s10198-009-0160-7",1,1,1
"10.1007/s13369-015-1780-0",1,1,1
"10.1016/j.chemosphere.2023.138798",1,1,1
"10.1007/s10877-013-9483-0",1,1,1
"10.1016/j.cie.2019.106098",1,1,1
"10.1007/s13369-021-05513-x",1,1,1
"10.1007/s00265-021-03095-0",1,1,1
"10.1086/691779",1,1,1
"10.1109/ccta48906.2021.9659093",1,1,1
"10.1007/s11424-012-0116-3",1,1,1
"10.3141/2077-14",1,1,1
"10.1016/j.ecocom.2016.09.004",1,1,1
"10.3926/jiem.629",1,1,1
"10.1577/t06-147.1",1,1,1
"10.1016/j.jedc.2014.09.015",1,1,1
"10.1016/j.socscimed.2023.116054",1,1,1
"10.1080/00207721.2011.652221",1,1,1
"10.1007/s10614-021-10206-6",1,1,1
"10.1111/j.1468-2486.2009.00910.x",1,1,1
"10.1186/s12879-019-4743-3",1,1,1
"10.1016/j.ecolmodel.2015.09.001",1,1,1
"10.1016/j.jocs.2011.10.002",1,1,1
"10.1007/s11538-020-00805-z",1,1,1
"10.1109/isads.2005.1452061",1,1,1
"10.1016/j.ijdrr.2022.103436",1,1,1
"10.1109/tcns.2022.3161193",1,1,1
"10.1109/wsc.2010.5679007",1,1,1
"10.1016/j.cropro.2022.106121",1,1,1
"10.1007/978-3-319-39630-9_19",1,1,1
"10.1016/j.ijid.2021.04.030",1,1,1
"10.1007/s11999-008-0134-6",1,1,1
"10.1007/s12555-020-0240-0",1,1,1
"10.1016/j.jtbi.2016.05.017",1,1,1
"10.1109/tie.2016.2642878",1,1,1
"10.1109/access.2020.2964324",1,1,1
"10.1177/07334648231155873",1,1,1
"10.1166/asl.2016.7120",1,1,1
"10.1016/j.habitatint.2016.09.002",1,1,1
"10.1007/s11538-022-00997-6",1,1,1
"10.13110/humanbiology.87.3.0151",1,1,1
"10.1016/j.ijresmar.2016.05.005",1,1,1
"10.1109/tits.2007.895305",1,1,1
"10.5220/0006252603280334",1,1,1
"10.1016/b978-0-08-047163-1.00673-1",2,0,0
"10.24507/ijicic.19.04.1179",2,0,0
"10.1142/s0218843009002063",1,1,1
"10.1080/08839510290030453",1,1,1
"10.1016/j.jclepro.2018.05.173",1,1,1
"10.1016/j.bjps.2020.05.027",1,1,1
"10.3390/app8101722",1,1,1
"10.1016/j.entcs.2006.05.034",1,1,1
"10.1093/icesjms/fsx044",1,1,1
"10.1016/j.actao.2002.12.001",1,1,1
"10.1063/5.0066086",1,1,1
"10.1016/j.enpol.2012.09.034",1,1,1
"10.1007/978-3-031-08754-7_66",1,1,1
"10.1007/s10653-019-00397-1",1,1,1
"10.1016/j.eswa.2011.08.075",1,1,1
"10.1016/j.landusepol.2015.07.008",1,1,1
"10.1016/j.tcs.2020.11.009",1,1,1
"10.1177/1059712317716264",1,1,1
"10.1016/j.ejcon.2020.01.006",1,1,1
"10.1155/2022/8348726",1,1,1
"10.1080/00031305.2021.1900914",1,1,1
"10.1088/1748-9326/ac2933",1,1,1
"10.1016/j.elerap.2014.04.002",1,1,1
"10.1049/iet-cta.2011.0135",1,1,1
"10.1109/tcyb.2022.3218299",1,1,1
"10.1080/23249935.2017.1280712",1,1,1
"10.1007/978-981-19-2635-8_3",1,1,1
"10.1109/robio.2009.5420746",1,1,1
"10.1177/1046878106287947",1,1,1
"10.1007/s11524-018-0230-1",1,1,1
"10.1016/j.amc.2017.04.017",1,1,1
"10.1614/ipsm-d-14-00018.1",1,1,1
"10.1098/rsos.160162",1,1,1
"10.1093/czoolo/61.2.341",1,1,1
"10.4018/jhisi.2007010104",1,1,1
"10.1080/00207179.2012.669048",1,1,1
"10.1111/j.1365-2656.2007.01283.x",1,1,1
"10.1007/s10888-017-9367-5",1,1,1
"10.1155/2017/2576094",1,1,1
"10.1177/00375497221077425",1,1,1
"10.1016/j.cjche.2018.01.032",1,1,1
"10.1080/08941920801985817",1,1,1
"10.1587/transfun.e101.a.338",1,1,1
"10.1371/journal.pcbi.1010104",1,1,1
"10.1007/s40258-019-00494-3",1,1,1
"10.1007/s12571-019-00900-7",1,1,1
"10.1007/s10584-018-2191-5",1,1,1
"10.3390/en6104956",1,1,1
"10.1371/journal.pone.0181965",1,1,1
"10.1371/journal.pmed.1001534",1,1,1
"10.1016/j.clinthera.2012.06.029",1,1,1
"10.1007/s41109-021-00395-2",1,1,1
"10.3390/en14217380",1,1,1
"10.3390/su13158638",1,1,1
"10.1007/s00332-020-09673-2",1,1,1
"10.1007/978-3-662-44994-3_1",1,1,1
"10.1002/ijc.33126",1,1,1
"10.1002/asjc.1805",1,1,1
"10.1287/isre.1100.0302",1,1,1
"10.1145/3306618.3314240",1,1,1
"10.1016/j.ecolmodel.2013.07.008",1,1,1
"10.3390/en11061613",1,1,1
"10.1109/tcyb.2021.3120847",1,1,1
"10.5198/jtlu.2019.1206",1,1,1
"10.3141/2427-01",1,1,1
"10.1016/j.jtcvs.2019.06.040",1,1,1
"10.1002/rnc.3498",1,1,1
"10.1098/rsos.220245",1,1,1
"10.1007/978-3-319-14627-0_13",1,1,1
"10.1109/jproc.2017.2689720",1,1,1
"10.1109/tsg.2015.2408603",1,1,1
"10.1080/00207179.2012.674644",1,1,1
"10.1179/0078172x12z.00000000018",1,1,1
"10.1016/j.automatica.2018.04.005",1,1,1
"10.1007/s10588-012-9107-0",1,1,1
"10.1111/ddi.12951",1,1,1
"10.1097/qad.0000000000003199",1,1,1
"10.1890/12-0336.1",1,1,1
"10.1007/s11071-014-1731-4",1,1,1
"10.4018/jdsst.2010070101",1,1,1
"10.1016/j.jedc.2013.04.010",1,1,1
"10.1038/s41598-022-26878-5",1,1,1
"10.1109/cec.2008.4631299",1,1,1
"10.1097/qai.0000000000003156",1,1,1
"10.1186/s13062-018-0227-4",1,1,1
"10.17269/s41997-020-00455-7",1,1,1
"10.1890/12-1867.1",1,1,1
"10.1142/s0218843003000681",1,1,1
"10.1007/s12652-021-03487-0",1,1,1
"10.1007/s41062-022-00881-1",1,1,1
"10.1016/j.jenvman.2013.10.017",1,1,1
"10.3390/drones5020033",1,1,1
"10.1016/j.jtbi.2008.04.011",1,1,1
"10.15807/jorsj.52.433",1,1,1
"10.1016/j.jbi.2007.09.006",1,1,1
"10.1115/detc2009-86727",2,0,0
"10.1109/uemcon53757.2021.9666592",1,1,1
"10.3390/computation10010002",1,1,1
"10.18564/jasss.4008",1,1,1
"10.1038/s41598-019-53871-2",1,1,1
"10.1080/15325008.2016.1267280",1,1,1
"10.1007/978-981-19-1057-9_9",1,1,1
"10.1016/j.enpol.2008.11.003",1,1,1
"10.1134/s0005117921110035",1,1,1
"10.1007/s10506-013-9146-y",1,1,1
"10.1016/s0304-3800(01)00295-2",1,1,1
"10.1109/tvt.2023.3246636",1,1,1
"10.1016/j.ejor.2019.11.003",1,1,1
"10.1016/j.ecolmodel.2010.08.004",1,1,1
"10.5755/j01.eee.121.5.1656",1,1,1
"10.1016/s0304-3800(03)00236-9",1,1,1
"10.1049/iet-cta.2016.0315",1,1,1
"10.1016/j.jtrangeo.2021.103041",1,1,1
"10.1016/j.ecoinf.2019.101006",1,1,1
"10.1080/03086534.2019.1638627",1,1,1
"10.1109/ecbs.2004.1316737",1,1,1
"10.1016/j.neucom.2009.08.011",1,1,1
"10.23919/jsee.2021.000017",1,1,1
"10.1016/j.jeoa.2016.06.001",1,1,1
"10.1016/j.ijepes.2008.08.005",1,1,1
"10.3141/2514-06",1,1,1
"10.1109/tase.2023.3298343",1,1,1
"10.5614/jrcp.2018.29.2.4",1,1,1
"10.18564/jasss.1853",1,1,1
"10.1093/eurjpc/zwab028",1,1,1
"10.1007/s10464-015-9720-4",1,1,1
"10.1136/bmjopen-2017-018374",1,1,1
"10.3390/su12020546",1,1,1
"10.18564/jasss.2426",1,1,1
"10.1016/j.eswa.2010.02.001",1,1,1
"10.1016/j.neucom.2013.03.064",1,1,1
"10.1007/s11276-009-0206-x",1,1,1
"10.1002/ieam.1277",1,1,1
"10.1142/s0218126618300064",1,1,1
"10.1038/s41370-019-0156-z",1,1,1
"10.1016/j.eswa.2021.115231",1,1,1
"10.1002/asjc.1450",1,1,1
"10.1016/j.engappai.2007.05.007",1,1,1
"10.1016/j.ecolmodel.2009.11.004",1,1,1
"10.1007/978-3-030-39512-4_65",1,1,1
"10.1134/s1064230706060128",1,1,1
"10.1109/access.2016.2592418",1,1,1
"10.3390/electronics11081260",1,1,1
"10.1080/09585190701638226",1,1,1
"10.1109/access.2019.2958690",1,1,1
"10.1016/j.ecolmodel.2007.03.003",1,1,1
"10.1109/access.2023.3267092",1,1,1
"10.1016/s1053-2498(02)00385-6",1,1,1
"10.1016/j.techfore.2016.05.011",1,1,1
"10.1016/s2213-8587(16)30270-4",1,1,1
"10.1371/journal.pone.0162627",1,1,1
"10.1016/j.amc.2021.126120",1,1,1
"10.1007/s11192-017-2350-x",1,1,1
"10.1049/cth2.12101",1,1,1
"10.1016/j.ecoinf.2013.02.002",1,1,1
"10.1177/0037549717733050",1,1,1
"10.1016/j.envsoft.2010.04.021",1,1,1
"10.1093/jnci/djz127",1,1,1
"10.1002/int.20435",1,1,1
"10.1007/s10696-023-09486-x",1,1,1
"10.1016/j.ecolmodel.2020.109397",1,1,1
"10.1016/j.engappai.2011.10.003",1,1,1
"10.1111/padr.12408",1,1,1
"10.1093/beheco/arp032",1,1,1
"10.1016/j.jclepro.2022.134047",1,1,1
"10.1371/journal.pone.0117612",1,1,1
"10.3389/fimmu.2022.1029167",1,1,1
"10.1016/j.jnca.2021.103048",1,1,1
"10.1177/003754970107600604",1,1,1
"10.5751/es-04594-170201",1,1,1
"10.18564/jasss.4666",1,1,1
"10.1007/978-3-319-19629-9_14",1,1,1
"10.1016/j.biosystems.2009.09.001",1,1,1
"10.1111/oik.08172",1,1,1
"10.1016/j.asoc.2012.10.005",1,1,1
"10.1016/j.tcs.2010.01.007",1,1,1
"10.1177/09589287231159492",1,1,1
"10.1016/j.asoc.2016.04.018",1,1,1
"10.1068/b31120",1,1,1
"10.3389/fphar.2023.1175310",1,1,1
"10.18564/jasss.3428",1,1,1
"10.1108/ijhma-jul-2012-0027",1,1,1
"10.1016/j.vhri.2023.06.001",1,1,1
"10.3389/fcvm.2022.771679",1,1,1
"10.1177/2397198318761480",1,1,1
"10.3390/land4041110",1,1,1
"10.14736/kyb-2020-2-0363",1,1,1
"10.1007/s10614-013-9376-9",1,1,1
"10.1016/j.trpro.2017.12.100",1,1,1
"10.1016/j.jebo.2019.11.025",1,1,1
"10.1007/s00521-018-3818-1",1,1,1
"10.1155/2021/5557606",1,1,1
"10.1007/s11069-014-1303-4",1,1,1
"10.1007/s11111-010-0111-3",1,1,1
"10.1016/j.sysconle.2018.01.007",1,1,1
"10.1007/s11042-021-11607-3",1,1,1
"10.1371/journal.pone.0212044",1,1,1
"10.4018/ijsi.2017070101",1,1,1
"10.1186/s13638-015-0287-4",1,1,1
"10.1016/j.oceaneng.2022.111728",1,1,1
"10.1061/jtepbs.0000034",1,1,1
"10.3233/jifs-189960",1,1,1
"10.1145/3356467",1,1,1
"10.1016/j.ins.2022.02.055",1,1,1
"10.1049/iet-cta.2015.0197",1,1,1
"10.2134/advagricsystmodel4.c10",1,1,1
"10.1111/1475-5890.12295",1,1,1
"10.2298/csis121105044d",1,1,1
"10.1007/978-3-319-91899-0_5",1,1,1
"10.1155/2021/9973138",1,1,1
"10.1134/s0361768818060166",1,1,1
"10.1186/s40069-022-00554-4",1,1,1
"10.1016/j.jfranklin.2021.06.015",1,1,1
"10.1186/s12916-022-02241-3",1,1,1
"10.1093/cje/bei054",1,1,1
"10.1071/mf01051",1,1,1
"10.3934/math.2019.1.86",1,1,1
"10.3389/fevo.2020.536109",1,1,1
"10.17310/ntj.2011.2s.04",1,1,1
"10.1371/journal.pone.0078255",1,1,1
"10.5751/es-06909-190352",1,1,1
"10.1038/s41598-021-81130-w",1,1,1
"10.1109/tsmc.2022.3212429",1,1,1
"10.1111/faf.12172",1,1,1
"10.1016/j.iatssr.2018.07.002",1,1,1
"10.1111/2041-210x.13655",1,1,1
"10.1016/j.ecolmodel.2011.08.016",1,1,1
"10.1109/jsac.2022.3191329",1,1,1
"10.1080/21645515.2019.1619406",1,1,1
"10.3390/app13137418",1,1,1
"10.18564/jasss.4437",1,1,1
"10.1109/access.2020.2984786",1,1,1
"10.1007/978-981-10-3174-8_25",1,1,1
"10.1007/978-3-319-53480-0_104",1,1,1
"10.2753/mis0742-1222230105",1,1,1
"10.1080/13504509909470014",1,1,1
"10.1016/j.cie.2022.108136",1,1,1
"10.18564/jasss.1925",1,1,1
"10.1155/2021/9971855",1,1,1
"10.3233/978-1-61499-096-3-270",1,1,1
"10.2514/1.g006257",1,1,1
"10.1016/j.agwat.2021.107205",1,1,1
"10.1016/j.apenergy.2021.118487",1,1,1
"10.1016/j.eswa.2012.08.040",1,1,1
"10.1016/j.econmod.2017.02.007",1,1,1
"10.1109/access.2018.2876139",1,1,1
"10.1504/ijep.2009.027141",1,1,1
"10.1177/0361198119849401",1,1,1
"10.1007/s00265-009-0896-1",1,1,1
"10.1371/journal.pone.0153193",1,1,1
"10.14736/kyb-2017-5-0803",1,1,1
"10.1016/j.compbiomed.2023.107035",1,1,1
"10.1109/tac.2021.3108492",1,1,1
"10.4018/jitwe.2009040104",1,1,1
"10.1371/journal.pone.0236455",1,1,1
"10.1016/j.envsoft.2018.08.002",1,1,1
"10.1080/03772063.2020.1847701",1,1,1
"10.1007/s11403-015-0160-x",1,1,1
"10.1139/cjce-2019-0599",1,1,1
"10.1016/j.rser.2020.110405",1,1,1
"10.1016/j.envsoft.2021.105252",1,1,1
"10.3390/w15091687",1,1,1
"10.1177/0361198118780884",1,1,1
"10.1016/j.apenergy.2019.114173",1,1,1
"10.1097/ede.0000000000000756",1,1,1
"10.1155/2009/837095",1,1,1
"10.1002/gps.5633",1,1,1
"10.1049/iet-cta.2016.0129",1,1,1
"10.1111/fog.12132",1,1,1
"10.1007/s12555-019-0618-5",1,1,1
"10.1007/s11251-010-9147-0",1,1,1
"10.1016/j.jocs.2015.04.004",1,1,1
"10.1007/s00198-004-1826-8",1,1,1
"10.1002/rnc.6220",1,1,1
"10.1111/2041-210x.12464",1,1,1
"10.1007/s00191-018-0569-1",1,1,1
"10.1109/lra.2021.3062812",1,1,1
"10.1016/s0952-1976(01)00006-9",1,1,1
"10.1016/j.scs.2018.05.023",1,1,1
"10.1155/2015/162632",1,1,1
"10.1016/s0167-8655(03)00077-1",1,1,1
"10.1111/conl.12563",1,1,1
"10.1049/itr2.12382",1,1,1
"10.3389/frwa.2022.1005821",1,1,1
"10.1109/jsac.2014.2367711",1,1,1
"10.1007/s11116-013-9510-5",1,1,1
"10.1016/j.envsoft.2011.08.009",1,1,1
"10.3934/nhm.2023021",1,1,1
"10.1016/j.simpat.2020.102172",1,1,1
"10.1002/rnc.3302",1,1,1
"10.1186/1471-2105-12-396",1,1,1
"10.1016/j.ifacol.2019.09.128",1,1,1
"10.20965/jdr.2013.p0285",1,1,1
"10.1016/j.compenvurbsys.2017.01.002",1,1,1
"10.1109/twc.2022.3147499",1,1,1
"10.1109/tsg.2017.2710358",1,1,1
"10.1007/s00442-015-3541-x",1,1,1
"10.1007/s10845-009-0279-5",1,1,1
"10.5220/0011067300003191",1,1,1
"10.1109/cdc.2006.376819",1,1,1
"10.1108/oir-08-2018-0245",1,1,1
"10.1057/gpp.2010.22",1,1,1
"10.1016/j.vaccine.2010.03.055",1,1,1
"10.3233/ia-190037",1,1,1
"10.18564/jasss.3135",1,1,1
"10.1007/s40846-018-0396-8",1,1,1
"10.1093/brain/awac187",1,1,1
"10.1142/s0218001421590217",1,1,1
"10.1016/j.eclinm.2021.101141",1,1,1
"10.1016/j.indmarman.2013.02.007",1,1,1
"10.1080/03081060.2020.1868085",1,1,1
"10.18564/jasss.3414",1,1,1
"10.1080/01441647.2012.745632",1,1,1
"10.5751/es-11946-250413",1,1,1
"10.1429/101939",1,1,1
"10.1016/j.dss.2007.12.013",1,1,1
"10.1098/rsif.2021.0920",1,1,1
"10.1109/icacte.2008.14",1,1,1
"10.1111/j.2041-210x.2012.00235.x",1,1,1
"10.1007/s10956-013-9480-6",1,1,1
"10.1016/j.jtbi.2013.02.013",1,1,1
"10.1016/j.jnca.2017.01.035",1,1,1
"10.1002/rnc.6460",1,1,1
"10.5812/ircmj.37094",1,1,1
"10.1186/s40462-020-00198-7",1,1,1
"10.3390/jmse11071407",1,1,1
"10.1016/j.ecolecon.2016.08.012",1,1,1
"10.1007/s10530-009-9444-1",1,1,1
"10.1016/s2468-2667(21)00248-6",1,1,1
"10.1332/175982721x16702368352393",1,1,1
"10.1080/23311886.2021.1914397",1,1,1
"10.1109/icalt.2013.83",1,1,1
"10.1142/s0218213020400060",1,1,1
"10.1007/s00198-012-1939-4",1,1,1
"10.1177/00375497231184898",1,1,1
"10.1007/978-3-319-70139-4_16",1,1,1
"10.1145/2720024",1,1,1
"10.1016/j.ejca.2010.06.016",1,1,1
"10.1002/ece3.2916",1,1,1
"10.1007/s11403-014-0137-1",1,1,1
"10.1016/j.asoc.2013.08.006",1,1,1
"10.1007/978-3-319-15024-6_3",2,0,0
"10.1016/j.ecolmodel.2012.04.028",1,1,1
"10.5267/j.ijiec.2022.3.001",1,1,1
"10.1111/ssqu.12532",1,1,1
"10.1109/tii.2018.2808183",1,1,1
"10.1016/j.jtbi.2015.10.017",1,1,1
"10.1111/j.1472-4642.2010.00674.x",1,1,1
"10.3233/jifs-179856",1,1,1
"10.1111/ddi.12360",1,1,1
"10.1007/s00371-009-0415-4",1,1,1
"10.1080/00207179.2012.747735",1,1,1
"10.1371/journal.pcbi.1007961",1,1,1
"10.1890/0012-9615(2006)076[0601:digfwi]2.0.co;2",1,1,1
"10.1088/1755-1315/467/1/012107",1,1,1
"10.1016/j.ins.2010.03.010",1,1,1
"10.1002/rnc.6035",1,1,1
"10.1080/00207179.2016.1146970",1,1,1
"10.1109/tits.2014.2302358",1,1,1
"10.1016/j.funeco.2010.08.002",1,1,1
"10.3390/electronics11223642",1,1,1
"10.1016/j.ehb.2023.101262",1,1,1
"10.1007/978-3-319-59294-7_6",1,1,1
"10.1016/s0959-8049(99)00340-8",1,1,1
"10.1108/jkm-10-2019-0531",1,1,1
"10.1186/2194-3206-1-7",1,1,1
"10.1108/k-10-2022-1396",1,1,1
"10.1109/tsg.2012.2198247",1,1,1
"10.14430/arctic517",1,1,1
"10.1007/s11069-020-04389-8",1,1,1
"10.3390/ijerph19159052",1,1,1
"10.1057/fsm.2015.25",1,1,1
"10.1007/s11227-016-1718-7",1,1,1
"10.1155/2021/2304754",1,1,1
"10.18564/jasss.2454",1,1,1
"10.3390/app10155082",1,1,1
"10.1109/access.2019.2915575",1,1,1
"10.1109/isda.2009.60",1,1,1
"10.1016/j.cnsns.2019.104956",1,1,1
"10.1016/j.agwat.2022.107951",1,1,1
"10.1007/978-3-319-19033-4_27",1,1,1
"10.1007/s10614-020-09984-2",1,1,1
"10.1016/j.socscimed.2014.05.049",1,1,1
"10.1049/iet-cta.2019.0377",1,1,1
"10.1016/j.jocs.2022.101613",1,1,1
"10.3354/meps10725",1,1,1
"10.1016/j.cnsns.2012.01.016",1,1,1
"10.1080/10095020.2014.950717",1,1,1
"10.3390/su11133722",1,1,1
"10.1007/s11071-023-08483-x",1,1,1
"10.1145/3490354.3494386",1,1,1
"10.1016/j.cie.2019.01.024",1,1,1
"10.1186/s40854-020-00191-4",1,1,1
"10.1109/tnnls.2017.2674692",1,1,1
"10.1016/j.envsoft.2004.11.009",1,1,1
"10.1016/j.eswa.2022.117878",1,1,1
"10.1007/s10603-010-9126-5",1,1,1
"10.1109/mcse.2016.46",1,1,1
"10.3390/data4020071",1,1,1
"10.1007/978-3-319-51595-3_6",1,1,1
"10.1142/s0219525911500172",1,1,1
"10.1016/j.jpolmod.2004.12.002",1,1,1
"10.3233/faia200458",1,1,1
"10.1098/rspb.2010.1247",1,1,1
"10.1111/tops.12327",1,1,1
"10.1080/00036846.2011.564149",1,1,1
"10.1177/0958928719868448",1,1,1
"10.1002/cplx.21681",1,1,1
"10.1177/00202940221095534",1,1,1
"10.3390/en10010041",1,1,1
"10.1016/j.jpolmod.2009.06.001",1,1,1
"10.1016/j.ejpoleco.2021.102121",1,1,1
"10.1016/j.automatica.2013.02.004",1,1,1
"10.1016/j.vaccine.2022.03.065",1,1,1
"10.5194/isprs-archives-xlii-4-w5-45-2017",1,1,1
"10.1097/ta.0000000000001400",1,1,1
"10.5018/economics-ejournal.ja.2018-47",1,1,1
"10.1024/0300-9831/a000529",1,1,1
"10.1111/oik.07621",1,1,1
"10.2165/0115677-200816060-00008",1,1,1
"10.3390/math10193450",1,1,1
"10.1016/j.cej.2023.143393",1,1,1
"10.1016/j.eswa.2010.09.066",1,1,1
"10.1016/j.ejor.2016.07.007",1,1,1
"10.1007/978-3-319-67180-2_30",1,1,1
"10.1017/s0954102004001968",1,1,1
"10.1109/tcyb.2020.2977169",1,1,1
"10.1109/access.2023.3288528",1,1,1
"10.18564/jasss.3668",1,1,1
"10.1007/s00285-010-0347-7",1,1,1
"10.1016/s0303-2647(03)00003-0",1,1,1
"10.1016/j.aquaculture.2013.01.027",1,1,1
"10.1038/icb.2008.60",1,1,1
"10.1109/pdp.2015.101",1,1,1
"10.1111/j.1530-9290.2009.00115.x",1,1,1
"10.1016/j.biocon.2007.01.008",1,1,1
"10.1177/0037549709105267",1,1,1
"10.1016/j.ecolmodel.2023.110359",1,1,1
"10.1109/eeeic/icpseurope51590.2021.9584818",1,1,1
"10.1016/j.jenvman.2017.02.066",1,1,1
"10.1080/00045608.2010.517739",1,1,1
"10.3141/2564-01",1,1,1
"10.3141/2553-11",1,1,1
"10.5018/economics-ejournal.ja.2014-16",1,1,1
"10.1007/s10015-018-0497-z",1,1,1
"10.1007/978-3-319-19033-4_23",1,1,1
"10.1016/j.neucom.2016.07.063",1,1,1
"10.3390/w14172601",1,1,1
"10.1016/j.socscimed.2021.114461",1,1,1
"10.1016/j.simpat.2011.12.005",1,1,1
"10.1080/00343404.2019.1566702",1,1,1
"10.1111/1365-2656.13967",1,1,1
"10.1002/hec.3110",1,1,1
"10.1016/j.enpol.2021.112444",1,1,1
"10.3390/aerospace7010008",1,1,1
"10.1080/00207540600767764",1,1,1
"10.1109/cec.2008.4631326",1,1,1
"10.1016/j.socnet.2013.05.002",1,1,1
"10.1016/j.microrel.2019.03.010",1,1,1
"10.1016/j.rser.2019.06.034",1,1,1
"10.5194/gmd-14-6661-2021",1,1,1
"10.1080/17477778.2019.1675480",1,1,1
"10.1016/j.energy.2018.01.056",1,1,1
"10.3390/s23083930",1,1,1
"10.1080/13658810600830764",1,1,1
"10.1080/15472450.2019.1665521",1,1,1
"10.1109/ieeeconf38699.2020.9389176",1,1,1
"10.1109/ictai.2010.24",1,1,1
"10.1002/rnc.5467",1,1,1
"10.1016/j.eswa.2011.04.101",1,1,1
"10.1186/1471-2180-9-124",1,1,1
"10.1504/ijvd.2019.111586",1,1,1
"10.1680/jtran.22.00019",1,1,1
"10.1371/journal.pcbi.1005147",1,1,1
"10.1002/rnc.1344",1,1,1
"10.1109/tsg.2014.2372318",1,1,1
"10.1016/j.crm.2022.100417",1,1,1
"10.1007/s11403-015-0170-8",1,1,1
"10.1587/transinf.2015edp7050",1,1,1
"10.1111/nzg.12199",1,1,1
"10.1371/journal.pone.0080524",1,1,1
"10.1073/pnas.082080899",1,1,1
"10.1097/qai.0b013e3181605da3",1,1,1
"10.1371/journal.pone.0227024",1,1,1
"10.1093/beheco/arq120",1,1,1
"10.1007/s11704-013-2345-6",1,1,1
"10.1038/s41598-023-31351-y",1,1,1
"10.1109/tii.2014.2315499",1,1,1
"10.1080/10807039.2012.650582",1,1,1
"10.1371/journal.pone.0197181",1,1,1
"10.1109/tnse.2021.3117881",1,1,1
"10.5198/jtlu.2015.640",1,1,1
"10.1007/s40258-013-0010-8",1,1,1
"10.1038/s41598-021-89515-7",1,1,1
"10.1007/s11071-014-1879-y",1,1,1
"10.1080/15472450.2022.2074791",2,0,0
"10.1371/journal.pone.0043482",1,1,1
"10.3141/2255-10",1,1,1
"10.1007/s11046-008-9121-4",1,1,1
"10.1007/978-3-540-68498-5_7",2,0,0
"10.1109/tuffc.2005.1563264",1,1,1
"10.3233/mgs-2006-2412",1,1,1
"10.2903/j.efsa.2021.6572",1,1,1
"10.1038/s41598-020-75640-2",1,1,1
"10.1080/10798587.2011.10643187",1,1,1
"10.1080/19361610.2016.1211847",1,1,1
"10.1109/tevc.2012.2191292",1,1,1
"10.1002/rnc.4289",1,1,1
"10.1093/jae/ejt010",1,1,1
"10.1111/j.1420-9101.2009.01836.x",1,1,1
"10.1109/tiv.2022.3168550",1,1,1
"10.1177/1548512920963904",1,1,1
"10.1016/j.resourpol.2015.01.002",1,1,1
"10.1371/journal.pntd.0005730",1,1,1
"10.1016/j.energy.2015.03.017",1,1,1
"10.1016/j.tranpol.2012.11.010",1,1,1
"10.1007/s11227-018-2413-7",1,1,1
"10.1109/access.2023.3301772",2,0,0
"10.1061/(asce)up.1943-5444.0000255",1,1,1
"10.1109/tcns.2020.2979862",1,1,1
"10.1109/depcos-relcomex.2009.14",1,1,1
"10.3934/mbe.2020381",1,1,1
"10.1016/j.econmod.2018.11.022",1,1,1
"10.1111/fog.12145",1,1,1
"10.1109/jsyst.2021.3097503",1,1,1
"10.1016/j.ecolmodel.2012.12.018",1,1,1
"10.1016/j.ecolmodel.2005.02.009",1,1,1
"10.1016/j.dib.2016.02.075",1,1,1
"10.1371/journal.pone.0161978",1,1,1
"10.1016/j.resconrec.2022.106280",1,1,1
"10.3141/2216-01",1,1,1
"10.1016/j.simpat.2021.102327",1,1,1
"10.1137/19m1282970",1,1,1
"10.1016/j.tbs.2017.04.004",1,1,1
"10.1109/tac.2014.2303213",1,1,1
"10.1111/1468-0297.00600",1,1,1
"10.3233/web-160336",1,1,1
"10.1126/scirobotics.aau5630",1,1,1
"10.1007/s10559-012-9447-2",1,1,1
"10.1080/13873950701846662",1,1,1
"10.14736/kyb-2017-1-0179",1,1,1
"10.1109/lcsys.2019.2948133",1,1,1
"10.1097/jto.0b013e31822e59b3",1,1,1
"10.1016/j.ecolmodel.2022.110114",1,1,1
"10.1016/j.ifacol.2021.10.401",1,1,1
"10.1061/(asce)cp.1943-5487.0000707",1,1,1
"10.1016/j.amepre.2010.10.033",1,1,1
"10.1007/s10980-008-9255-2",1,1,1
"10.1080/02673030600586001",1,1,1
"10.1007/s10640-015-9965-2",1,1,1
"10.3390/land9120490",1,1,1
"10.1155/2018/5698170",1,1,1
"10.1016/j.socec.2018.12.008",1,1,1
"10.3233/mgs-2010-0139",1,1,1
"10.1371/journal.pone.0268118",1,1,1
"10.1016/j.ecolmodel.2007.07.025",1,1,1
"10.1016/j.soilbio.2015.10.020",1,1,1
"10.4269/ajtmh.19-0466",1,1,1
"10.1016/j.cognition.2021.104968",1,1,1
"10.1016/j.jup.2016.02.013",1,1,1
"10.1186/s12916-021-02060-y",1,1,1
"10.1177/2047487313483607",1,1,1
"10.1109/tfuzz.2020.2969391",1,1,1
"10.3390/su132313070",1,1,1
"10.1016/j.automatica.2016.01.073",1,1,1
"10.1109/etfa.2008.4638561",1,1,1
"10.1016/j.jtbi.2009.03.005",1,1,1
"10.1016/j.vaccine.2012.04.087",1,1,1
"10.1016/j.jedc.2020.103859",1,1,1
"10.3390/su15065234",1,1,1
"10.1016/j.idm.2021.06.007",1,1,1
"10.1145/2379776.2379784",1,1,1
"10.1016/j.proeng.2017.10.352",1,1,1
"10.1016/j.ecocom.2004.06.003",1,1,1
"10.1007/s10115-016-0963-7",1,1,1
"10.5194/isprsarchives-xl-1-w5-645-2015",1,1,1
"10.1007/bf02948961",1,1,1
"10.1142/s0219720015500225",1,1,1
"10.1016/j.compenvurbsys.2012.03.005",1,1,1
"10.1111/j.1540-5885.2010.00714.x",1,1,1
"10.1016/j.eap.2020.07.009",1,1,1
"10.1007/s42452-021-04567-8",1,1,1
"10.1287/moor.2022.1261",1,1,1
"10.13106/jafeb.2021.vol8.no2.0281",1,1,1
"10.1109/ictai.2012.121",1,1,1
"10.1016/j.asoc.2009.09.006",1,1,1
"10.1080/17474230802048193",1,1,1
"10.1080/08839514.2018.1530854",1,1,1
"10.1177/23814683211069988",1,1,1
"10.3390/cancers13133360",1,1,1
"10.1093/heapol/czv113",1,1,1
"10.5751/es-13341-270303",1,1,1
"10.1001/jamacardio.2020.1240",1,1,1
"10.1016/j.neucom.2015.06.033",1,1,1
"10.1080/01441647.2010.532883",1,1,1
"10.1016/j.artint.2020.103353",1,1,1
"10.1016/j.ecotra.2021.100208",1,1,1
"10.1088/1757-899x/435/1/012063",1,1,1
"10.1007/978-94-007-5583-3_11",2,0,0
"10.1007/s00191-003-0178-4",1,1,1
"10.1016/j.martra.2021.100040",1,1,1
"10.1109/tcyb.2018.2813423",1,1,1
"10.1016/j.scs.2018.11.009",1,1,1
"10.1016/j.jtbi.2005.09.019",1,1,1
"10.4204/eptcs.168.3",1,1,1
"10.7717/peerj.44",1,1,1
"10.1016/j.strueco.2022.09.005",1,1,1
"10.1007/s40121-015-0071-0",1,1,1
"10.1080/0951192x.2013.874584",1,1,1
"10.1016/j.marpol.2021.104427",1,1,1
"10.1080/03632415.2016.1245991",1,1,1
"10.1016/s0040-5809(03)00093-5",1,1,1
"10.1007/s11187-022-00638-1",1,1,1
"10.1109/itsc55140.2022.9922471",1,1,1
"10.3354/dao03329",1,1,1
"10.1007/s10458-008-9044-y",1,1,1
"10.1016/j.jfranklin.2023.03.048",1,1,1
"10.1007/s13218-011-0120-0",1,1,1
"10.1109/mcse.2017.3301217",1,1,1
"10.1016/s0003-4975(01)02559-0",1,1,1
"10.1016/j.ijepes.2019.05.001",1,1,1
"10.1080/19439962.2019.1645777",1,1,1
"10.1109/tsmc.2019.2896087",1,1,1
"10.3390/su14052915",1,1,1
"10.7307/ptt.v25i2.1293",1,1,1
"10.1016/j.cie.2015.04.006",1,1,1
"10.1093/icesjms/fst131",1,1,1
"10.1007/978-3-319-02309-0_53",1,1,1
"10.1093/icesjms/fsr190",1,1,1
"10.1145/3583131.3590443",1,1,1
"10.1016/j.asoc.2019.04.015",1,1,1
"10.4018/jmcmc.2012040104",1,1,1
"10.1016/j.cie.2019.106077",1,1,1
"10.1007/s12555-019-0473-y",1,1,1
"10.1109/bife.2009.155",1,1,1
"10.1002/mde.1342",1,1,1
"10.1109/tcyb.2019.2910534",1,1,1
"10.1109/access.2017.2713246",1,1,1
"10.1016/j.physa.2016.01.058",1,1,1
"10.3389/ffgc.2021.704930",1,1,1
"10.1007/s13194-023-00541-w",1,1,1
"10.1016/j.strusafe.2014.03.011",1,1,1
"10.1016/s1353-2561(99)00080-8",1,1,1
"10.18564/jasss.2857",1,1,1
"10.1177/089443930101900306",1,1,1
"10.1109/wetice.2008.42",1,1,1
"10.1016/j.simpat.2018.09.005",1,1,1
"10.3390/vaccines9080809",1,1,1
"10.1109/access.2020.2982318",1,1,1
"10.1016/j.compenvurbsys.2019.101452",1,1,1
"10.1007/s10198-009-0148-3",1,1,1
"10.1089/apc.2019.0064",1,1,1
"10.1109/access.2017.2713773",1,1,1
"10.3389/fbioe.2020.00249",1,1,1
"10.1007/s10339-015-0649-1",1,1,1
"10.1038/s41562-020-01040-1",1,1,1
"10.1016/j.jtbi.2020.110327",1,1,1
"10.1016/j.neucom.2019.07.013",1,1,1
"10.1109/jsee.2012.00110",1,1,1
"10.1108/ijebr-11-2015-0238",1,1,1
"10.1109/wi-iat.2014.163",1,1,1
"10.1300/j460v01n04_15",1,1,1
"10.1080/00028487.2012.697091",1,1,1
"10.1007/s10144-014-0460-3",1,1,1
"10.4102/sajems.v22i1.2817",1,1,1
"10.1016/j.engstruct.2021.112407",1,1,1
"10.3390/f12111471",1,1,1
"10.1007/s11518-011-5182-x",1,1,1
"10.1007/s10588-008-9048-9",1,1,1
"10.1016/j.ifacol.2020.12.1361",1,1,1
"10.3390/e17052590",1,1,1
"10.3233/mgs-200329",1,1,1
"10.1007/s12065-016-0137-2",1,1,1
"10.3141/2345-15",1,1,1
"10.1007/s10115-018-1292-9",1,1,1
"10.1016/j.envint.2020.106145",1,1,1
"10.1016/j.compenvurbsys.2020.101476",1,1,1
"10.3389/fphy.2021.734447",1,1,1
"10.1155/2022/1434099",1,1,1
"10.1109/tpwrs.2012.2211624",1,1,1
"10.4054/demres.2019.41.11",1,1,1
"10.1016/j.ecolmodel.2017.07.017",1,1,1
"10.1109/coginf.2009.5250780",1,1,1
"10.1109/tcns.2019.2891011",1,1,1
"10.1016/j.compenvurbsys.2008.09.011",1,1,1
"10.1038/s41598-021-81092-z",1,1,1
"10.1590/1516-1439.337714",1,1,1
"10.1007/s13218-012-0183-6",1,1,1
"10.1002/ece3.4155",1,1,1
"10.1098/rsif.2019.0264",1,1,1
"10.3390/sym14081586",1,1,1
"10.1007/978-3-319-64798-2_11",1,1,1
"10.1016/j.aei.2004.10.003",1,1,1
"10.3389/fmicb.2017.02626",1,1,1
"10.1109/tvt.2022.3215171",1,1,1
"10.1177/1548512913501728",1,1,1
"10.1016/j.gfs.2021.100514",1,1,1
"10.1177/0164027593154006",1,1,1
"10.1111/j.1095-8649.1997.tb06095.x",1,1,1
"10.1007/s00191-018-0552-x",1,1,1
"10.1109/tpwrs.2002.1007918",1,1,1
"10.1155/2013/978251",1,1,1
"10.3390/fractalfract7030268",1,1,1
"10.1109/tpwrs.2018.2876612",1,1,1
"10.1016/j.automatica.2018.08.017",1,1,1
"10.18564/jasss.3840",1,1,1
"10.1371/journal.pone.0126447",1,1,1
"10.1007/s00191-004-0206-z",1,1,1
"10.1109/iat.2006.66",1,1,1
"10.18564/jasss.4992",1,1,1
"10.1007/s10640-015-9882-4",1,1,1
"10.1016/j.future.2020.12.016",1,1,1
"10.1109/mcom.2013.6400446",1,1,1
"10.1109/cit/iucc/dasc/picom.2015.279",1,1,1
"10.1016/j.ecolmodel.2015.01.014",1,1,1
"10.1109/access.2018.2849754",1,1,1
"10.1111/ecog.01027",1,1,1
"10.3354/meps139047",1,1,1
"10.1186/s12966-018-0740-y",1,1,1
"10.1016/j.physa.2016.08.023",1,1,1
"10.1016/j.techfore.2008.04.011",1,1,1
"10.1049/cth2.12413",2,0,0
"10.1109/tcyb.2022.3165767",1,1,1
"10.1111/j.1475-6773.2010.01146.x",1,1,1
"10.1186/s12874-016-0274-4",1,1,1
"10.1007/s00198-019-05258-2",1,1,1
"10.1007/s12667-012-0054-0",1,1,1
"10.1007/978-3-030-30391-4_1",1,1,1
"10.1016/j.cstp.2021.11.012",1,1,1
"10.1016/j.ijdrr.2022.103328",1,1,1
"10.3390/a14070209",1,1,1
"10.1016/j.compenvurbsys.2015.01.007",1,1,1
"10.1007/s00285-012-0529-6",1,1,1
"10.3390/ijerph16101677",1,1,1
"10.1613/jair.1037",1,1,1
"10.1098/rsif.2014.0719",1,1,1
"10.1158/1055-9965.epi-08-0918",1,1,1
"10.3390/s20102992",1,1,1
"10.1177/00375497221075614",1,1,1
"10.1109/eem58374.2023.10161778",1,1,1
"10.1016/j.cie.2019.02.047",1,1,1
"10.1007/s11538-014-9974-2",1,1,1
"10.5018/economics-ejournal.ja.2016-6",1,1,1
"10.1007/s11116-004-7964-1",1,1,1
"10.1016/j.automatica.2009.10.025",1,1,1
"10.1007/978-3-319-59650-1_37",1,1,1
"10.1016/j.physa.2022.127904",1,1,1
"10.1111/cobi.12540",1,1,1
"10.1371/journal.pcbi.1008519",1,1,1
"10.1007/s00168-016-0791-4",1,1,1
"10.1016/j.physa.2011.05.040",1,1,1
"10.1016/j.procs.2020.03.170",1,1,1
"10.1016/j.econlet.2005.07.012",1,1,1
"10.3390/a14080230",1,1,1
"10.1177/0958928720970134",1,1,1
"10.1006/jtbi.2001.2466",1,1,1
"10.1016/j.landurbplan.2016.05.012",1,1,1
"10.1109/icseng.2017.38",1,1,1
"10.3389/fpain.2023.1183553",1,1,1
"10.1080/00438240802453351",1,1,1
"10.3233/aic-130567",1,1,1
"10.1186/s13567-015-0195-y",1,1,1
"10.1068/a45620",1,1,1
"10.1016/j.jtbi.2011.10.006",1,1,1
"10.1007/s10758-014-9218-4",1,1,1
"10.1016/j.landusepol.2020.105110",1,1,1
"10.1016/j.ijar.2022.05.001",1,1,1
"10.1007/978-3-319-59394-4_13",1,1,1
"10.1371/journal.pone.0026690",1,1,1
"10.1109/iat.2006.45",1,1,1
"10.1007/s004220050351",1,1,1
"10.1007/978-3-319-44365-2_42",1,1,1
"10.1109/tsipn.2021.3139336",1,1,1
"10.5198/jtlu.2018.1185",1,1,1
"10.1016/j.jbusres.2021.02.037",1,1,1
"10.1109/tvt.2010.2043124",1,1,1
"10.1016/j.jclepro.2017.07.246",1,1,1
"10.1109/tac.2009.2031211",1,1,1
"10.1016/j.procs.2014.05.393",1,1,1
"10.3390/su11216178",1,1,1
"10.1038/s41893-020-00649-4",1,1,1
"10.1109/tla.2019.8891956",1,1,1
"10.1111/bju.14502",1,1,1
"10.3390/electronics10111270",1,1,1
"10.20965/jrm.2019.p0905",1,1,1
"10.1007/s12469-014-0095-y",1,1,1
"10.1016/j.sysconle.2011.10.011",1,1,1
"10.1111/1475-5890.12113",1,1,1
"10.1108/k-04-2020-0229",1,1,1
"10.1111/jwas.12333",1,1,1
"10.1007/s10015-022-00843-x",1,1,1
"10.21660/2019.64.14383",1,1,1
"10.1016/j.prevetmed.2016.09.012",1,1,1
"10.1310/hct1301-11",1,1,1
"10.18564/jasss.4201",1,1,1
"10.1016/0167-6296(93)90041-c",1,1,1
"10.1016/j.ssci.2020.104790",1,1,1
"10.1016/j.eswa.2004.08.007",1,1,1
"10.1007/s10916-016-0549-7",1,1,1
"10.1007/s11066-011-9060-y",1,1,1
"10.1002/atr.1293",1,1,1
"10.1186/1471-2105-9-435",1,1,1
"10.1603/me11085",1,1,1
"10.1109/tits.2016.2597279",1,1,1
"10.1016/j.ecolmodel.2022.110234",1,1,1
"10.1061/(asce)is.1943-555x.0000565",1,1,1
"10.1061/(asce)up.1943-5444.0000280",1,1,1
"10.1007/s10115-009-0272-5",1,1,1
"10.1115/1.4050244",1,1,1
"10.1016/j.jclepro.2020.120296",1,1,1
"10.3389/frobt.2019.00134",1,1,1
"10.1080/0951192x.2021.1901312",1,1,1
"10.1098/rspb.2001.1604",1,1,1
"10.1088/0951-7715/29/7/1887",1,1,1
"10.1007/s11831-020-09465-7",1,1,1
"10.1016/j.eswa.2014.10.022",1,1,1
"10.2298/csis221222037a",1,1,1
"10.1287/trsc.2022.1158",1,1,1
"10.1109/tte.2018.2869469",1,1,1
"10.3390/drones6070181",1,1,1
"10.1016/j.jpowsour.2022.231989",1,1,1
"10.1016/j.cie.2018.04.035",1,1,1
"10.1371/journal.pone.0272664",1,1,1
"10.1016/j.apenergy.2016.01.030",1,1,1
"10.1371/journal.pone.0089822",1,1,1
"10.1111/j.1365-2656.2009.01621.x",1,1,1
"10.5751/es-06242-190135",1,1,1
"10.1007/978-3-031-23236-7_47",1,1,1
"10.3233/ifs-2009-0417",1,1,1
"10.1109/tcyb.2019.2958912",1,1,1
"10.1109/tmc.2020.3026415",1,1,1
"10.1016/j.aquaculture.2022.738868",1,1,1
"10.1080/19439962.2017.1333181",1,1,1
"10.1109/tcns.2014.2311883",1,1,1
"10.1017/aer.2021.119",1,1,1
"10.1002/ijc.29473",1,1,1
"10.1016/j.enpol.2007.12.015",1,1,1
"10.5888/pcd13.150414",1,1,1
"10.1155/2014/407639",1,1,1
"10.1155/2022/8797317",1,1,1
"10.1109/access.2017.2758160",1,1,1
"10.1111/cobi.13754",1,1,1
"10.32604/cmes.2019.03873",1,1,1
"10.1016/j.jpolmod.2006.07.006",1,1,1
"10.1109/icsmc.2006.384373",1,1,1
"10.1016/j.apenergy.2013.05.070",1,1,1
"10.1007/s11071-019-04953-3",1,1,1
"10.1016/s0167-6423(01)00011-9",1,1,1
"10.1109/iccve45908.2019.8964994",1,1,1
"10.3390/drones6100298",1,1,1
"10.1080/10428194.2017.1390230",1,1,1
"10.1061/(asce)co.1943-7862.0001476",1,1,1
"10.3390/curroncol29060311",1,1,1
"10.1016/j.fishres.2010.09.025",1,1,1
"10.1371/journal.pone.0173170",1,1,1
"10.1017/s0140525x1300304x",1,1,1
"10.1002/rnc.3650",1,1,1
"10.1016/j.eswa.2018.02.023",1,1,1
"10.3390/app9102059",1,1,1
"10.1016/j.landusepol.2019.104420",1,1,1
"10.1109/sieds.2008.4559720",1,1,1
"10.1007/s40744-021-00308-w",1,1,1
"10.1097/01.aids.0000279699.48191.12",1,1,1
"10.18564/jasss.2064",1,1,1
"10.1016/j.envsoft.2020.104839",1,1,1
"10.1007/s10015-022-00768-5",1,1,1
"10.1109/tcyb.2023.3257876",1,1,1
"10.1007/s10479-018-3019-4",1,1,1
"10.1109/tie.2003.814760",1,1,1
"10.1016/j.compbiomed.2021.104645",1,1,1
"10.1111/ele.13380",1,1,1
"10.1016/j.simpat.2019.02.004",1,1,1
"10.1016/j.biosystemseng.2022.09.001",1,1,1
"10.1007/s10614-017-9652-1",1,1,1
"10.1016/j.scs.2021.103078",1,1,1
"10.1016/j.sigpro.2013.11.030",1,1,1
"10.1109/tac.2014.2310051",1,1,1
"10.1017/s0047279421000787",1,1,1
"10.1080/15325000701801579",1,1,1
"10.7307/ptt.v29i4.2338",1,1,1
"10.1080/00207721.2016.1144226",1,1,1
"10.1142/s0219024918500607",1,1,1
"10.1016/j.jocs.2022.101685",1,1,1
"10.1007/s41745-020-00210-4",1,1,1
"10.1109/tsg.2012.2215349",1,1,1
"10.1007/s10588-020-09318-5",1,1,1
"10.1016/j.epsr.2020.106281",1,1,1
"10.1109/jsyst.2019.2917786",1,1,1
"10.1007/s11269-021-02967-4",1,1,1
"10.3389/fbioe.2021.660148",1,1,1
"10.1016/j.joca.2020.01.017",1,1,1
"10.1587/transinf.2020sap0003",1,1,1
"10.1016/s0304-3800(02)00128-x",1,1,1
"10.1093/ajae/aau076",1,1,1
"10.1007/s10458-008-9038-9",1,1,1
"10.1177/1065912919834655",1,1,1
"10.1016/j.procs.2016.05.522",1,1,1
"10.1063/5.0080474",1,1,1
"10.1177/0272989x21995805",1,1,1
"10.1109/tii.2018.2884449",1,1,1
"10.3389/frobt.2017.00055",1,1,1
"10.1109/tii.2019.2932109",1,1,1
"10.1007/s10489-007-0071-1",1,1,1
"10.1371/journal.pone.0172864",1,1,1
"10.1016/j.scitotenv.2020.144326",1,1,1
"10.1016/s0888-613x(97)10006-8",1,1,1
"10.3233/mgs-2005-1203",1,1,1
"10.1007/s12117-016-9287-y",1,1,1
"10.1038/ajg.2015.241",1,1,1
"10.1007/978-3-642-55146-8_18",1,1,1
"10.1016/j.amepre.2016.01.027",1,1,1
"10.1109/socialcom.2013.40",1,1,1
"10.1007/s10614-017-9776-3",1,1,1
"10.1016/j.esr.2020.100588",1,1,1
"10.1049/iet-rpg.2019.0468",1,1,1
"10.3390/su141911987",1,1,1
"10.3390/s19153408",1,1,1
"10.1007/s11403-022-00370-9",1,1,1
"10.1890/14-1741.1",1,1,1
"10.4028/www.scientific.net/amr.341-342.596",1,1,1
"10.1109/tac.2016.2576020",1,1,1
"10.1016/j.arcontrol.2021.03.004",1,1,1
"10.1001/archopthalmol.2011.1224",1,1,1
"10.1071/mf06149",1,1,1
"10.1016/j.eist.2022.04.003",1,1,1
"10.1016/j.jval.2023.03.006",1,1,1
"10.1155/2019/3758159",1,1,1
"10.1007/s13201-022-01706-3",1,1,1
"10.1590/01047760201723032335",1,1,1
"10.3200/35-08-061",1,1,1
"10.1177/1355819615579232",1,1,1
"10.1007/s101440050007",1,1,1
"10.1089/pop.2023.0037",1,1,1
"10.1038/s41598-022-15605-9",1,1,1
"10.1007/978-3-319-23850-0_12",1,1,1
"10.1002/lno.11691",1,1,1
"10.1016/j.apnum.2014.12.007",1,1,1
"10.3389/fphy.2020.00382",1,1,1
"10.1016/j.envsoft.2012.11.003",1,1,1
"10.1093/bioinformatics/btp361",1,1,1
"10.1016/j.neucom.2015.11.039",1,1,1
"10.7163/gpol.2014.11",1,1,1
"10.1080/1351847x.2021.1976664",1,1,1
"10.3390/su13137466",1,1,1
"10.1111/j.1365-2419.2009.00522.x",1,1,1
"10.1016/j.clinsp.2023.100203",1,1,1
"10.1016/j.jcpo.2017.12.006",1,1,1
"10.1007/s40888-020-00183-8",1,1,1
"10.1109/tac.2017.2747767",1,1,1
"10.1371/journal.pone.0100527",1,1,1
"10.1097/mlr.0000000000000302",1,1,1
"10.3141/2487-01",1,1,1
"10.1007/s10237-011-0316-0",1,1,1
"10.4304/jcp.8.2.334-340",1,1,1
"10.3390/app11115241",1,1,1
"10.1016/j.eswa.2009.12.073",1,1,1
"10.1080/08839514.2011.606767",1,1,1
"10.1109/icecet52533.2021.9698687",1,1,1
"10.1162/artl_a_00392",1,1,1
"10.1016/j.automatica.2019.04.040",1,1,1
"10.3390/s20154164",1,1,1
"10.1016/j.jedc.2018.07.007",1,1,1
"10.1080/15732479.2018.1562478",1,1,1
"10.1016/j.ecolmodel.2018.02.011",1,1,1
"10.1002/cplx.20372",1,1,1
"10.1504/ijaac.2018.090805",1,1,1
"10.1038/s41598-018-31960-y",1,1,1
"10.30880/ijscet.2022.13.04.023",1,1,1
"10.2298/csis100209016d",1,1,1
"10.1007/s11403-018-0217-8",1,1,1
"10.1080/03031853.2021.1937245",1,1,1
"10.1111/j.1744-7976.2009.01166.x",1,1,1
"10.1016/j.proeng.2015.01.517",2,0,0
"10.1016/j.automatica.2022.110404",1,1,1
"10.1016/j.ecolmodel.2011.05.028",1,1,1
"10.1139/f2011-065",1,1,1
"10.1007/s00354-017-0010-6",1,1,1
"10.1109/tevc.2012.2208465",1,1,1
"10.1177/1550147717741576",1,1,1
"10.1109/tcyb.2018.2839892",1,1,1
"10.1111/exsy.12054",1,1,1
"10.1109/pimrc.2017.8292682",1,1,1
"10.1016/j.jpolmod.2019.07.005",1,1,1
"10.1177/0022002707308598",1,1,1
"10.1061/jtepbs.0000441",1,1,1
"10.3390/en16062614",1,1,1
"10.1016/j.engappai.2019.03.017",1,1,1
"10.1177/0361198118793257",1,1,1
"10.1371/journal.pntd.0006999",1,1,1
"10.3390/safety2020014",1,1,1
"10.18564/jasss.1640",1,1,1
"10.1016/j.elerap.2004.10.010",1,1,1
"10.1007/s12239-013-0026-y",1,1,1
"10.2478/amns.2022.2.0110",1,1,1
"10.15837/ijccc.2013.5.401",1,1,1
"10.1007/978-3-319-12027-0_50",1,1,1
"10.1109/tcyb.2020.2967995",1,1,1
"10.1177/1354068815605671",1,1,1
"10.1007/s12076-020-00243-4",1,1,1
"10.18757/ejtir.2020.20.4.4463",1,1,1
"10.1007/s10458-020-09464-9",1,1,1
"10.1016/j.frl.2018.08.008",1,1,1
"10.1080/03081060500053533",1,1,1
"10.1016/j.ssresearch.2011.12.004",1,1,1
"10.1109/tit.2018.2862161",1,1,1
"10.1109/syscon53536.2022.9773871",1,1,1
"10.1007/s10781-021-09498-7",1,1,1
"10.1142/s0219525908001556",1,1,1
"10.1007/s11771-011-0820-5",1,1,1
"10.1007/s10015-015-0255-4",1,1,1
"10.1111/2041-210x.13422",1,1,1
"10.1016/j.automatica.2014.08.016",1,1,1
"10.3926/jiem.2009.v2n2.p360-386",1,1,1
"10.1137/140962188",1,1,1
"10.1007/s00034-015-0157-7",1,1,1
"10.22616/erdev2017.16.n247",1,1,1
"10.1016/j.amepre.2014.07.011",1,1,1
"10.1126/sciadv.aat0450",1,1,1
"10.1049/iet-its.2013.0132",1,1,1
"10.1002/rnc.1713",1,1,1
"10.1109/drpt.2008.4523397",1,1,1
"10.3390/ijms232213920",1,1,1
"10.5334/irsp.115",1,1,1
"10.1016/j.jebo.2019.01.010",1,1,1
"10.1007/978-3-031-20845-4_3",1,1,1
"10.1142/s0218202520500529",1,1,1
"10.1111/acem.13272",1,1,1
"10.1002/mma.6844",1,1,1
"10.1145/3546915",1,1,1
"10.1109/tcyb.2018.2869224",1,1,1
"10.1201/9781315368986",2,0,0
"10.3354/meps256099",1,1,1
"10.1177/1091142117691602",1,1,1
"10.1177/0272989x15585114",1,1,1
"10.1016/j.probengmech.2022.103244",1,1,1
"10.1080/00207721.2013.763303",1,1,1
"10.1136/bjophthalmol-2013-304338",1,1,1
"10.1890/0012-9658(2006)87[1215:damoid]2.0.co;2",1,1,1
"10.1093/imamci/dnx062",1,1,1
"10.1142/s0219525913500070",1,1,1
"10.1016/j.asoc.2016.07.030",1,1,1
"10.1016/j.csi.2020.103425",1,1,1
"10.1139/cjce-2016-0050",1,1,1
"10.3390/en11092476",1,1,1
"10.18564/jasss.2740",1,1,1
"10.3945/jn.116.235952",1,1,1
"10.1371/journal.pcbi.1000434",1,1,1
"10.1109/access.2019.2946644",1,1,1
"10.1109/soli.2009.5203962",1,1,1
"10.1177/0272989x221085569",1,1,1
"10.3390/drones6070172",1,1,1
"10.1016/j.scs.2018.04.001",1,1,1
"10.1038/s41598-019-46597-8",1,1,1
"10.18564/jasss.2911",1,1,1
"10.1017/s0269888902000371",1,1,1
"10.1016/j.eswa.2022.116830",1,1,1
"10.1007/s12555-009-0611-z",1,1,1
"10.1016/j.compag.2010.02.006",1,1,1
"10.1016/j.jebo.2010.03.014",1,1,1
"10.1002/eej.20085",1,1,1
"10.1080/13607863.2016.1199011",1,1,1
"10.1049/iet-cta.2017.0328",1,1,1
"10.1016/j.jval.2012.06.014",1,1,1
"10.1109/tcns.2019.2939642",1,1,1
"10.3141/2311-09",1,1,1
"10.1007/s12555-019-1005-5",1,1,1
"10.1002/hec.1165",1,1,1
"10.14311/ap.2013.53.0847",1,1,1
"10.4028/www.scientific.net/amm.598.627",1,1,1
"10.3390/su11216049",1,1,1
"10.1016/j.jedc.2013.03.001",1,1,1
"10.1016/s0304-3800(01)00490-2",1,1,1
"10.2981/08-010",1,1,1
"10.1002/er.3130",1,1,1
"10.1109/tpwrs.2017.2778098",1,1,1
"10.4081/gh.2017.495",1,1,1
"10.1016/j.eswa.2022.116602",1,1,1
"10.1016/j.egypro.2016.10.019",1,1,1
"10.1111/jvh.13178",1,1,1
"10.1016/j.apgeog.2018.02.013",1,1,1
"10.1108/dta-03-2019-0043",1,1,1
"10.1016/s0304-3770(01)00206-6",1,1,1
"10.1016/j.ecolecon.2008.07.014",1,1,1
"10.1016/j.ifacol.2020.12.974",1,1,1
"10.1109/jsyst.2009.2029663",1,1,1
"10.1016/s0168-1605(01)00668-7",1,1,1
"10.3141/2133-12",1,1,1
"10.3141/2470-04",1,1,1
"10.1016/j.ecolmodel.2022.109951",1,1,1
"10.1111/gcb.16741",1,1,1
"10.1177/0022002702046003003",1,1,1
"10.1016/j.jenvp.2016.03.007",1,1,1
"10.3233/978-1-61499-716-0-168",1,1,1
"10.1007/s10115-017-1141-2",1,1,1
"10.1177/0272989x17732973",1,1,1
"10.3390/s22114099",1,1,1
"10.1016/j.ins.2014.03.051",1,1,1
"10.1007/s11192-018-2825-4",1,1,1
"10.1109/iita.2009.463",1,1,1
"10.1007/978-3-030-01370-7_19",1,1,1
"10.1007/s12555-019-9216-3",1,1,1
"10.1109/tie.2016.2617821",1,1,1
"10.1016/j.biocon.2011.02.003",1,1,1
"10.1080/17477778.2019.1603090",1,1,1
"10.1068/a41158",1,1,1
"10.1016/j.jtbi.2023.111537",1,1,1
"10.1016/j.ecolmodel.2010.07.010",1,1,1
"10.1109/tcyb.2019.2913983",1,1,1
"10.1109/tevc.2016.2577593",1,1,1
"10.12973/ejmste/77941",1,1,1
"10.1061/jmenea.meeng-5084",1,1,1
"10.1016/j.jbusres.2004.04.005",1,1,1
"10.1080/02673037.2010.483583",1,1,1
"10.1109/wsc48552.2020.9383926",1,1,1
"10.1016/j.jmp.2019.102279",1,1,1
"10.1007/s10479-021-04504-3",1,1,1
"10.1002/rnc.3687",1,1,1
"10.2193/2008-573",1,1,1
"10.1109/tcst.2019.2892032",1,1,1
"10.1109/cisis.2008.145",1,1,1
"10.1016/j.amc.2018.08.002",1,1,1
"10.1109/ical.2009.5262703",1,1,1
"10.1080/20479700.2019.1698863",1,1,1
"10.1109/lra.2019.2935377",1,1,1
"10.1109/percom.2008.51",1,1,1
"10.1007/bf02394637",1,1,1
"10.1111/1365-2435.12771",1,1,1
"10.1016/j.ecolmodel.2020.109308",1,1,1
"10.1016/j.compenvurbsys.2016.09.002",1,1,1
"10.1016/j.habitatint.2022.102622",1,1,1
"10.1139/f07-187",1,1,1
"10.1016/j.ins.2021.08.033",1,1,1
"10.1080/019697201317080925",1,1,1
"10.18564/jasss.4506",1,1,1
"10.1016/j.compind.2006.07.005",1,1,1
"10.1093/icesjms/fsw253",1,1,1
"10.1016/j.pocean.2021.102567",1,1,1
"10.1016/j.mcm.2005.02.014",1,1,1
"10.1016/j.scs.2021.103659",1,1,1
"10.3390/a6030442",1,1,1
"10.1371/journal.pone.0218649",1,1,1
"10.1016/s0360-8352(97)00202-7",1,1,1
"10.1109/access.2019.2913182",1,1,1
"10.20858/tp.2019.14.2.10",1,1,1
"10.1016/j.ifacol.2019.12.092",1,1,1
"10.1109/tcsi.2016.2552718",1,1,1
"10.1111/1365-2435.13152",1,1,1
"10.1016/j.jclepro.2019.118378",1,1,1
"10.1109/cist49399.2021.9357185",1,1,1
"10.1007/s00202-022-01547-y",1,1,1
"10.3390/fire6030083",1,1,1
"10.1007/s11403-009-0057-7",1,1,1
"10.1080/17477778.2017.1387333",1,1,1
"10.1109/tcyb.2022.3231900",2,0,0
"10.5267/j.ijiec.2019.3.003",1,1,1
"10.1002/cncr.26637",1,1,1
"10.1016/j.compbiomed.2021.104518",1,1,1
"10.1007/978-3-319-91899-0_2",1,1,1
"10.1016/j.cpc.2012.05.020",1,1,1
"10.3233/kes-2006-10605",1,1,1
"10.1155/2021/2606191",1,1,1
"10.1002/cplx.20233",1,1,1
"10.1016/j.isatra.2019.07.019",1,1,1
"10.1111/jbi.14228",1,1,1
"10.1016/j.swevo.2020.100762",1,1,1
"10.1098/rsos.170344",1,1,1
"10.1007/978-3-319-31008-4_13",1,1,1
"10.1109/tie.2017.2711575",1,1,1
"10.23919/springsim.2019.8732907",2,0,0
"10.1049/rpg2.12272",1,1,1
"10.1007/978-3-030-58802-1_40",1,1,1
"10.1016/j.lungcan.2020.01.011",1,1,1
"10.3390/en16041720",1,1,1
"10.1016/j.est.2022.105566",1,1,1
"10.20965/jrm.2023.p0911",1,1,1
"10.1109/tsmc.2019.2943822",1,1,1
"10.1109/tcyb.2016.2570860",1,1,1
"10.1016/j.annepidem.2021.08.021",1,1,1
"10.1177/0049124120986201",1,1,1
"10.1308/003588409x359402",1,1,1
"10.1016/j.autcon.2020.103337",1,1,1
"10.1016/j.jhsa.2022.09.002",1,1,1
"10.1007/s40864-019-00121-3",1,1,1
"10.1007/978-3-030-34747-5_22",1,1,1
"10.5220/0005872103060313",1,1,1
"10.1007/s10458-015-9311-7",1,1,1
"10.1111/gcb.12489",1,1,1
"10.3141/2236-11",1,1,1
"10.1016/j.compind.2014.02.016",1,1,1
"10.1007/978-3-030-29513-4_59",1,1,1
"10.1109/tac.2017.2771140",1,1,1
"10.1038/s41562-017-0181-7",1,1,1
"10.1016/s0304-3800(99)00179-9",1,1,1
"10.15388/21-infor456",1,1,1
"10.1016/j.ssci.2011.03.003",1,1,1
"10.1016/j.epidem.2012.11.003",1,1,1
"10.1093/imammb/dqac017",1,1,1
"10.1007/s10940-016-9281-1",1,1,1
"10.1109/jsyst.2021.3138930",1,1,1
"10.1109/lcsys.2021.3084529",1,1,1
"10.1016/j.reseneeco.2012.09.002",1,1,1
"10.1155/2015/178490",1,1,1
"10.1016/j.physa.2019.123558",1,1,1
"10.1111/gcb.13915",1,1,1
"10.1016/j.automatica.2009.09.025",1,1,1
"10.3390/systems4010004",1,1,1
"10.1109/ijcnn.2008.4634330",1,1,1
"10.1016/j.vaccine.2020.01.073",1,1,1
"10.1023/a:1025668124244",1,1,1
"10.1080/00207179.2017.1338358",1,1,1
"10.1016/j.automatica.2022.110823",1,1,1
"10.1016/j.jenvman.2021.112250",1,1,1
"10.1109/mcom.2008.4689256",1,1,1
"10.1109/jsyst.2023.3257982",1,1,1
"10.1016/j.ifacol.2019.11.335",1,1,1
"10.1016/j.automatica.2019.01.009",1,1,1
"10.1016/j.procs.2011.08.009",1,1,1
"10.3390/en16062876",1,1,1
"10.1038/s41598-018-24764-7",1,1,1
"10.1016/j.ypmed.2021.106438",1,1,1
"10.1371/journal.pone.0222828",1,1,1
"10.1109/access.2020.3029765",1,1,1
"10.1037/a0020699",1,1,1
"10.1016/j.automatica.2016.02.030",1,1,1
"10.1108/k-03-2014-0058",1,1,1
"10.1117/12.2517776",1,1,1
"10.1186/1471-2334-14-280",1,1,1
"10.1007/s11424-020-8097-0",1,1,1
"10.1007/s00191-021-00743-6",1,1,1
"10.1109/lwc.2018.2844162",1,1,1
"10.1177/138826271301500402",1,1,1
"10.1109/tac.2021.3095258",1,1,1
"10.1016/j.ifacol.2021.06.143",1,1,1
"10.1371/journal.pone.0140338",1,1,1
"10.1007/s11721-021-00191-9",1,1,1
"10.1016/j.proeng.2017.06.085",1,1,1
"10.1049/iet-cta.2011.0482",1,1,1
"10.1002/ece3.2204",1,1,1
"10.1038/s41598-017-12078-z",1,1,1
"10.1002/asjc.2849",1,1,1
"10.1166/asl.2014.5630",1,1,1
"10.1109/tsg.2017.2703643",1,1,1
"10.1080/13658810903401024",1,1,1
"10.1109/tac.2017.2750924",1,1,1
"10.1017/jpr.2019.44",1,1,1
"10.1016/j.dss.2022.113743",1,1,1
"10.1016/j.engappai.2011.06.009",1,1,1
"10.1016/j.jpolmod.2021.03.013",1,1,1
"10.1080/00207543.2019.1699671",1,1,1
"10.1098/rspb.2013.0763",1,1,1
"10.1016/j.jbusres.2007.02.010",1,1,1
"10.1371/journal.pone.0104207",1,1,1
"10.3233/978-1-60750-481-8-147",1,1,1
"10.1371/journal.pone.0135871",1,1,1
"10.1007/978-3-319-19033-4_14",1,1,1
"10.1016/j.jtbi.2017.03.014",1,1,1
"10.1371/journal.pone.0080380",1,1,1
"10.1034/j.1600-0706.2002.990205.x",1,1,1
"10.1111/eva.13440",1,1,1
"10.1093/jigpal/jzaa039",1,1,1
"10.1016/j.asoc.2017.12.013",1,1,1
"10.1007/978-3-319-67229-8_28",1,1,1
"10.1007/s00267-010-9577-0",1,1,1
"10.1111/gcb.15527",1,1,1
"10.1186/1471-2148-6-75",1,1,1
"10.1016/j.automatica.2018.07.009",1,1,1
"10.1142/s021962202250064x",1,1,1
"10.3141/2311-16",1,1,1
"10.1061/(asce)0733-9488(2010)136:1(59)",1,1,1
"10.1016/j.jval.2011.11.009",1,1,1
"10.1155/2017/3078063",1,1,1
"10.18564/jasss.4544",1,1,1
"10.1016/j.automatica.2021.109908",1,1,1
"10.1016/j.simpat.2013.09.002",1,1,1
"10.1016/s0957-4174(96)00075-9",1,1,1
"10.3103/s0146411617070069",1,1,1
"10.1016/j.ssci.2014.05.010",1,1,1
"10.1016/j.ifacol.2021.11.128",1,1,1
"10.3390/f10080680",1,1,1
"10.1098/rsos.201895",1,1,1
"10.1016/j.cjca.2016.02.056",1,1,1
"10.1080/23248378.2022.2109522",1,1,1
"10.1177/0272989x211042894",1,1,1
"10.1016/j.bica.2015.04.006",1,1,1
"10.2495/ut090201",1,1,1
"10.1007/s11205-021-02811-7",1,1,1
"10.3141/2323-07",1,1,1
"10.1177/00375497231185358",1,1,1
"10.1016/j.jocs.2011.07.005",1,1,1
"10.3390/su11205803",1,1,1
"10.1109/csii.2019.00018",1,1,1
"10.1038/s41366-018-0210-2",1,1,1
"10.1002/asjc.1349",1,1,1
"10.18564/jasss.4635",1,1,1
"10.1002/ese3.891",1,1,1
"10.1007/s11524-021-00581-8",1,1,1
"10.1108/sef-04-2017-0087",1,1,1
"10.1057/s41287-021-00490-1",1,1,1
"10.1093/bioinformatics/btw250",1,1,1
"10.1109/tpwrs.2009.2030379",1,1,1
"10.1016/j.ijpe.2018.09.027",1,1,1
"10.1098/rsif.2014.0694",1,1,1
"10.1016/j.asoc.2020.106603",1,1,1
"10.1111/gean.12219",1,1,1
"10.1109/tcyb.2019.2909784",1,1,1
"10.1103/physreve.101.022412",1,1,1
"10.1016/j.ecolmodel.2008.01.017",1,1,1
"10.1016/j.procir.2016.03.094",1,1,1
"10.1007/s11403-012-0087-4",1,1,1
"10.1016/j.trc.2020.102631",1,1,1
"10.1080/014416400295220",1,1,1
"10.2307/1941757",1,1,1
"10.1109/lcsys.2023.3279788",1,1,1
"10.1177/097380101100500201",1,1,1
"10.1016/j.ejcon.2017.11.005",1,1,1
"10.1093/aje/kwad022",1,1,1
"10.1098/rstb.2020.0299",1,1,1
"10.3846/tede.2010.21",1,1,1
"10.3141/2428-09",1,1,1
"10.1890/0012-9658(1999)080[2492:pdasse]2.0.co;2",1,1,1
"10.1177/0272989x211003081",1,1,1
"10.1186/s40100-023-00262-x",1,1,1
"10.4018/jmbl.2010010104",1,1,1
"10.1109/tpwrs.2004.835667",1,1,1
"10.3141/2486-09",1,1,1
"10.1080/08839510500484181",1,1,1
"10.1016/j.ecolmodel.2016.05.005",1,1,1
"10.1007/s10458-006-0012-0",1,1,1
"10.7717/peerj.1689",1,1,1
"10.1080/15230430.2023.2220208",1,1,1
"10.1111/oik.07002",1,1,1
"10.1186/s40294-018-0052-8",1,1,1
"10.3390/ijms18122592",1,1,1
"10.1080/09593330.2021.1934737",1,1,1
"10.1016/j.ecolmodel.2005.01.047",1,1,1
"10.1007/s10888-022-09537-7",1,1,1
"10.1016/j.ins.2012.07.017",1,1,1
"10.3390/app10175780",1,1,1
"10.1016/j.jocs.2016.02.006",1,1,1
"10.3141/2554-03",1,1,1
"10.3233/mgs-150230",1,1,1
"10.1007/s00265-014-1850-4",1,1,1
"10.1111/jfr3.12845",1,1,1
"10.1139/f95-241",1,1,1
"10.2147/ceor.s396806",1,1,1
"10.1155/2018/6815040",1,1,1
"10.1080/01691864.2022.2119886",1,1,1
"10.1371/journal.pone.0087892",1,1,1
"10.1002/rnc.1531",1,1,1
"10.1051/mmnp:2006005",1,1,1
"10.1093/ajcn/nqac194",1,1,1
"10.1371/journal.pone.0215965",1,1,1
"10.1016/j.compeleceng.2016.05.014",1,1,1
"10.1016/j.ijrobp.2014.04.006",1,1,1
"10.1002/ecs2.2589",1,1,1
"10.1080/19648189.2015.1134675",1,1,1
"10.1016/j.eclinm.2021.100865",1,1,1
"10.1007/s10015-010-0783-x",1,1,1
"10.1177/1059712308090536",1,1,1
"10.1097/qad.0000000000002887",1,1,1
"10.1111/j.1467-842x.1999.tb01199.x",1,1,1
"10.1109/tcns.2021.3061643",1,1,1
"10.1016/j.ifacol.2016.10.126",1,1,1
"10.3390/su14159796",1,1,1
"10.1016/j.cnsns.2022.106499",1,1,1
"10.1016/j.puhe.2019.10.003",1,1,1
"10.1142/s0129183116501321",1,1,1
"10.1186/s12942-016-0066-4",1,1,1
"10.1080/00038628.2022.2160694",1,1,1
"10.1016/j.lungcan.2021.04.004",1,1,1
"10.1109/tac.2009.2037249",1,1,1
"10.1371/journal.pone.0190605",1,1,1
"10.1080/09537281003769980",1,1,1
"10.1007/s11432-020-3159-9",1,1,1
"10.1142/s0218001401001003",1,1,1
"10.1109/tie.2012.2183831",1,1,1
"10.1086/691469",1,1,1
"10.1080/00207179.2015.1125023",1,1,1
"10.18564/jasss.3738",1,1,1
"10.1109/ipc.2007.18",1,1,1
"10.1109/tie.2004.837881",1,1,1
"10.1109/tim.2003.814694",1,1,1
"10.3141/1978-17",1,1,1
"10.1109/tits.2023.3262655",1,1,1
"10.1145/3167020.3167025",1,1,1
"10.1186/s13071-020-04226-8",1,1,1
"10.3390/info12080325",1,1,1
"10.1016/j.ecoinf.2018.04.003",1,1,1
"10.1016/j.neucom.2015.03.044",1,1,1
"10.1109/access.2019.2901300",1,1,1
"10.1136/bmjopen-2015-008649",1,1,1
"10.1111/acv.12558",1,1,1
"10.1007/s10680-009-9184-z",1,1,1
"10.1371/journal.pone.0166232",1,1,1
"10.3934/krm.2020006",1,1,1
"10.1007/s11403-019-00258-1",1,1,1
"10.1002/oby.22615",1,1,1
"10.1177/1059712311422611",1,1,1
"10.3141/2658-01",1,1,1
"10.1016/j.simpat.2019.101940",1,1,1
"10.1098/rspb.2021.2512",1,1,1
"10.1007/s00521-020-05402-8",1,1,1
"10.1023/a:1027395807322",1,1,1
"10.1016/j.ins.2020.02.038",1,1,1
"10.1109/access.2019.2904619",1,1,1
"10.1016/j.ijepes.2016.12.008",1,1,1
"10.1007/978-3-030-91156-0_3",1,1,1
"10.1016/s0168-8227(00)00217-5",1,1,1
"10.1080/00207721.2013.793781",1,1,1
"10.1007/978-3-030-01370-7_73",1,1,1
"10.3390/math10203879",1,1,1
"10.1016/j.lingua.2007.04.001",1,1,1
"10.3390/systems10060215",1,1,1
"10.1098/rstb.2022.0311",1,1,1
"10.1080/0022250x.2016.1250083",1,1,1
"10.1007/s10708-019-09987-z",1,1,1
"10.1016/j.jfranklin.2022.09.039",2,0,0
"10.1093/imammb/dqq002",1,1,1
"10.1016/s0167-9236(99)00071-8",1,1,1
"10.1177/0969141316629505",1,1,1
"10.1016/j.landusepol.2015.12.026",1,1,1
"10.1109/tcss.2022.3146966",1,1,1
"10.1108/13552551311310383",1,1,1
"10.1371/journal.pone.0259037",1,1,1
"10.1007/978-3-030-93413-2_32",1,1,1
"10.1155/2018/9306128",1,1,1
"10.1007/978-3-319-23850-0_10",1,1,1
"10.1016/j.oceaneng.2022.111577",1,1,1
"10.1145/3394486.3403119",1,1,1
"10.1007/s10489-022-04426-y",1,1,1
"10.1109/access.2020.3001298",1,1,1
"10.1016/j.ins.2009.11.028",1,1,1
"10.1177/0361198119844971",1,1,1
"10.1109/tcyb.2020.3025824",1,1,1
"10.1016/j.compag.2021.106412",1,1,1
"10.2105/ajph.2014.301934",1,1,1
"10.1007/978-3-319-21106-0_12",2,0,0
"10.1016/j.envpol.2011.12.024",1,1,1
"10.1016/j.cnsns.2014.06.002",1,1,1
"10.17775/cseejpes.2020.02820",1,1,1
"10.1257/aer.20131408",1,1,1
"10.3846/16484142.2016.1193053",1,1,1
"10.1017/s0047279414000555",1,1,1
"10.1134/s1995080219030144",1,1,1
"10.1002/hep.29611",1,1,1
"10.1016/j.compenvurbsys.2010.06.001",1,1,1
"10.3390/s18020375",1,1,1
"10.1007/pl00002396",1,1,1
"10.1016/j.isatra.2022.02.036",1,1,1
"10.1109/access.2023.3301935",2,0,0
"10.23919/acc.2018.8430999",1,1,1
"10.1002/eej.10057",1,1,1
"10.1016/j.simpat.2018.04.002",1,1,1
"10.1371/journal.pone.0168867",1,1,1
"10.1137/20m1385937",1,1,1
"10.1007/978-3-030-92604-5_5",2,0,0
"10.1016/j.mbs.2014.07.009",1,1,1
"10.1057/s41271-021-00332-8",1,1,1
"10.1504/ijipt.2009.028658",1,1,1
"10.1016/j.neucom.2015.11.087",1,1,1
"10.1016/b978-0-12-809633-8.90160-2",2,0,0
"10.25088/complexsystems.22.1.35",1,1,1
"10.1007/s12555-020-0235-x",1,1,1
"10.1080/15732479.2018.1555264",1,1,1
"10.1007/s00038-017-1041-y",1,1,1
"10.3390/sym11081044",1,1,1
"10.1371/journal.pone.0115528",1,1,1
"10.1016/j.compeleceng.2017.04.013",1,1,1
"10.1002/rnc.3800",1,1,1
"10.2166/wst.2013.273",1,1,1
"10.1016/j.enpol.2017.05.042",1,1,1
"10.1109/tgrs.2013.2244095",1,1,1
"10.1109/tpwrd.2013.2244923",1,1,1
"10.3934/mbe.2022646",1,1,1
"10.1016/j.epsr.2013.11.027",1,1,1
"10.1016/s2214-109x(15)00162-x",1,1,1
"10.1177/0022002720962209",1,1,1
"10.1016/j.ecolmodel.2003.08.008",1,1,1
"10.1007/s10489-021-02554-5",1,1,1
"10.1111/j.0030-1299.2005.13513.x",1,1,1
"10.1016/j.robot.2006.05.001",1,1,1
"10.1080/17477778.2020.1806748",1,1,1
"10.1109/tia.2014.2350072",1,1,1
"10.1080/03081060802086512",1,1,1
"10.1002/acs.3408",1,1,1
"10.1109/access.2020.3041441",1,1,1
"10.1016/j.neucom.2014.12.037",1,1,1
"10.3390/land11050619",1,1,1
"10.1007/s10479-023-05388-1",1,1,1
"10.1016/j.ejor.2018.04.011",1,1,1
"10.1890/1051-0761(2000)010[0115:snzfdw]2.0.co;2",1,1,1
"10.1109/access.2019.2900172",1,1,1
"10.1016/j.cose.2006.12.003",1,1,1
"10.1111/roiw.12397",1,1,1
"10.1016/j.jtbi.2021.110789",1,1,1
"10.18564/jasss.2472",1,1,1
"10.1109/tsmc.2023.3274864",2,0,0
"10.1049/iet-gtd.2014.1077",1,1,1
"10.1016/j.ijpe.2010.11.001",1,1,1
"10.1007/s40313-013-0062-x",1,1,1
"10.1287/isre.2019.0879",1,1,1
"10.4316/aece.2015.03010",1,1,1
"10.1016/j.physa.2023.128895",1,1,1
"10.1057/s41302-022-00221-2",1,1,1
"10.1177/1729881416658177",1,1,1
"10.2316/j.2019.201-3051",1,1,1
"10.1007/s12061-013-9085-8",1,1,1
"10.1111/mam.12316",1,1,1
"10.1016/j.camwa.2017.03.008",1,1,1
"10.3390/ijerph17020560",1,1,1
"10.1080/13645579.2022.2052651",1,1,1
"10.1177/03611981221082562",1,1,1
"10.1371/journal.pone.0004646",1,1,1
"10.5334/gh.952",1,1,1
"10.1016/j.dss.2008.03.007",1,1,1
"10.3390/s19020221",1,1,1
"10.1016/j.tele.2020.101435",1,1,1
"10.1177/1091142116679729",1,1,1
"10.1016/j.trc.2007.11.005",1,1,1
"10.1073/pnas.2007476117",1,1,1
"10.1038/s41598-022-10349-y",1,1,1
"10.1332/175982721x16389693442869",1,1,1
"10.1111/2041-210x.12769",1,1,1
"10.1109/tac.2011.2164733",1,1,1
"10.1109/tac.2017.2752843",1,1,1
"10.1080/00207179.2022.2085179",1,1,1
"10.1007/s10115-007-0067-5",1,1,1
"10.5755/j01.itc.43.1.4600",1,1,1
"10.3390/app13042486",1,1,1
"10.2495/tdi-v2-n2-123-135",1,1,1
"10.1016/j.peva.2010.11.007",1,1,1
"10.2514/1.i010412",1,1,1
"10.1111/jfpe.13983",1,1,1
"10.1023/a:1026252817929",1,1,1
"10.1073/pnas.092080799",1,1,1
"10.1177/0272989x14528380",1,1,1
"10.1007/s11403-018-0228-5",1,1,1
"10.1371/journal.pcbi.1008937",1,1,1
"10.1016/s0921-8890(97)00023-7",1,1,1
"10.1016/j.rser.2017.06.040",1,1,1
"10.1145/1293731.1293733",1,1,1
"10.1109/isgteurope52324.2021.9639902",1,1,1
"10.1002/ecs2.2394",1,1,1
"10.1071/mf07001",1,1,1
"10.1016/j.automatica.2013.03.017",1,1,1
"10.1016/s1364-8152(03)00030-6",1,1,1
"10.1016/j.asr.2021.05.001",1,1,1
"10.1109/tcyb.2017.2714173",1,1,1
"10.1007/s11403-019-00238-5",1,1,1
"10.1080/01691864.2013.871578",1,1,1
"10.1016/s0168-8227(00)00215-1",1,1,1
"10.3233/jhs-220001",1,1,1
"10.1098/rsos.230015",1,1,1
"10.1007/s40999-021-00663-3",1,1,1
"10.1080/01969720490426867",1,1,1
"10.1332/175982721x16702576055509",1,1,1
"10.1142/s0219622018500220",1,1,1
"10.1155/2021/6617205",1,1,1
"10.1155/2013/312396",1,1,1
"10.1109/jproc.2020.3033753",1,1,1
"10.1016/j.neucom.2023.126495",1,1,1
"10.1016/j.agrformet.2019.01.020",1,1,1
"10.1080/02827581.2019.1577914",1,1,1
"10.3390/wevj12030122",1,1,1
"10.1007/s40534-015-0072-4",1,1,1
"10.1080/00036846.2016.1218433",1,1,1
"10.1371/journal.pone.0020728",1,1,1
"10.1080/13658816.2020.1741000",1,1,1
"10.1080/09613210902863682",1,1,1
"10.1016/j.procs.2015.05.265",1,1,1
"10.1016/j.ecolmodel.2021.109499",1,1,1
"10.1007/s10980-021-01282-y",1,1,1
"10.1007/s10726-010-9202-x",1,1,1
"10.1007/s10845-019-01478-9",1,1,1
"10.7307/ptt.v31i1.2832",1,1,1
"10.1007/s11771-004-0009-2",1,1,1
"10.1142/s0219525911003001",1,1,1
"10.1109/brics-cci-cbic.2013.111",1,1,1
"10.1016/s0925-5273(97)00146-1",1,1,1
"10.1142/s1793962312500262",1,1,1
"10.1016/j.neucom.2015.09.128",1,1,1
"10.1016/j.jebo.2023.05.039",1,1,1
"10.1093/ntr/ntaa046",1,1,1
"10.1128/iai.00145-12",1,1,1
"10.1111/eva.13508",1,1,1
"10.1111/j.1530-9290.2009.00112.x",1,1,1
"10.3130/jaabe.9.39",1,1,1
"10.1016/j.fishres.2019.03.021",1,1,1
"10.1016/j.compchemeng.2013.09.004",1,1,1
"10.1177/019251391012004005",1,1,1
"10.3390/en15197317",1,1,1
"10.1109/jrfid.2022.3162952",1,1,1
"10.1371/journal.pone.0270318",1,1,1
"10.3141/2076-09",1,1,1
"10.1016/j.apgeog.2018.05.005",1,1,1
"10.2495/cr100581",1,1,1
"10.1017/aaq.2016.18",1,1,1
"10.1109/tac.2011.2161052",1,1,1
"10.1016/j.elerap.2005.08.002",1,1,1
"10.1016/j.socnet.2012.03.001",1,1,1
"10.1061/(asce)te.1943-5436.0000534",1,1,1
"10.1007/s10614-013-9415-6",1,1,1
"10.1049/iet-its.2011.0125",1,1,1
"10.1080/09511920600710927",1,1,1
"10.1109/tcyb.2021.3049910",1,1,1
"10.1007/s10592-007-9366-3",1,1,1
"10.1007/s11116-017-9776-0",1,1,1
"10.3141/1994-11",1,1,1
"10.1109/tcsii.2021.3133711",1,1,1
"10.1016/s0378-4371(03)00204-8",1,1,1
"10.3389/fphy.2022.1044049",1,1,1
"10.1002/rnc.6890",1,1,1
"10.1007/s00442-020-04638-4",1,1,1
"10.7326/m16-0577",1,1,1
"10.1016/j.dss.2008.09.006",1,1,1
"10.1016/j.physa.2003.09.052",1,1,1
"10.1371/journal.pone.0184564",1,1,1
"10.1111/bju.13542",1,1,1
"10.1109/tcyb.2018.2870543",1,1,1
"10.1073/pnas.0909374107",1,1,1
"10.1016/j.jclepro.2017.10.196",1,1,1
"10.1097/mlr.0000000000001213",1,1,1
"10.1002/jia2.25494",1,1,1
"10.1109/sitis.2013.152",1,1,1
"10.1109/access.2023.3305529",1,1,1
"10.1007/s11116-019-10003-z",1,1,1
"10.5194/hess-23-2261-2019",1,1,1
"10.1016/j.inffus.2005.04.002",1,1,1
"10.3233/mgs-150232",1,1,1
"10.1002/gps.2223",1,1,1
"10.1016/j.retrec.2019.01.002",1,1,1
"10.18564/jasss.2824",1,1,1
"10.1016/s0304-3800(97)01957-1",1,1,1
"10.1111/j.1524-4733.2009.00687.x",1,1,1
"10.1016/j.ecolmodel.2015.07.012",1,1,1
"10.1016/j.trpro.2019.09.002",1,1,1
"10.1016/j.jaim.2019.05.001",1,1,1
"10.1016/s0165-1889(00)00037-3",1,1,1
"10.1007/978-3-319-16211-9_33",1,1,1
"10.1002/rnc.6092",1,1,1
"10.1016/j.automatica.2015.08.021",1,1,1
"10.5267/j.dsl.2020.5.002",1,1,1
"10.1093/geront/45.1.12",1,1,1
"10.1080/00207543.2012.720393",1,1,1
"10.1007/978-3-319-94649-8_1",1,1,1
"10.3390/app11114944",1,1,1
"10.1142/s0219525904000159",1,1,1
"10.1007/s12559-019-09689-1",1,1,1
"10.1111/tops.12489",1,1,1
"10.1142/s0219525912500506",1,1,1
"10.1155/2013/359750",1,1,1
"10.1016/j.ecolmodel.2005.02.010",1,1,1
"10.1089/sur.2011.057",1,1,1
"10.1016/j.epidem.2009.05.001",1,1,1
"10.1109/access.2022.3146716",1,1,1
"10.1155/2017/1760842",1,1,1
"10.1016/j.procs.2015.05.461",1,1,1
"10.1002/ecj.12181",1,1,1
"10.1016/j.ijdrr.2020.101657",1,1,1
"10.1073/pnas.2014297117",1,1,1
"10.1186/1475-2875-9-132",1,1,1
"10.1109/ictai.2007.56",1,1,1
"10.1016/j.sysconle.2021.104990",1,1,1
"10.1182/blood.2021010864",1,1,1
"10.3390/app11072941",1,1,1
"10.1080/00207170902838269",1,1,1
"10.1016/j.scitotenv.2020.144114",1,1,1
"10.1080/15325008.2021.1937390",1,1,1
"10.1007/s00158-003-0374-8",1,1,1
"10.1109/tsg.2016.2591507",1,1,1
"10.1080/19427867.2017.1386872",1,1,1
"10.1016/j.socscimed.2019.112667",1,1,1
"10.1109/access.2018.2877421",1,1,1
"10.1016/j.autcon.2022.104426",1,1,1
"10.1016/j.foar.2016.11.003",1,1,1
"10.18564/jasss.2391",1,1,1
"10.2307/2055367",0,2,0
"10.1049/iet-cta.2013.0813",1,1,1
"10.1016/j.procs.2015.05.274",1,1,1
"10.1016/j.neucom.2015.10.113",1,1,1
"10.1016/j.apenergy.2019.114417",1,1,1
"10.1080/13658816.2013.779377",1,1,1
"10.1109/tac.2012.2235715",1,1,1
"10.1016/s0925-5273(01)00182-7",1,1,1
"10.1016/j.ifacol.2022.07.244",1,1,1
"10.1016/j.procir.2016.06.076",1,1,1
"10.3390/w6030723",1,1,1
"10.1088/1748-9326/aaf934",1,1,1
"10.1016/j.breast.2019.03.004",1,1,1
"10.3390/land9070233",1,1,1
"10.1117/12.600017",1,1,1
"10.1890/1051-0761(2002)012[1611:nicisr]2.0.co;2",1,1,1
"10.1080/21680566.2016.1142399",1,1,1
"10.1056/nejmsa1616035",1,1,1
"10.1109/tac.2022.3164990",1,1,1
"10.3390/s20020358",1,1,1
"10.1111/j.1756-8765.2009.01037.x",1,1,1
"10.1016/s0167-2681(02)00068-9",1,1,1
"10.3141/2330-14",1,1,1
"10.1109/tpds.2020.3048383",1,1,1
"10.1038/s41437-018-0118-6",1,1,1
"10.1016/j.engappai.2004.08.007",1,1,1
"10.1016/j.prevetmed.2014.02.004",1,1,1
"10.1007/s40314-021-01705-1",1,1,1
"10.1111/spol.12581",1,1,1
"10.1016/j.automatica.2020.109133",1,1,1
"10.1007/s00170-008-1858-x",1,1,1
"10.1109/tcst.2016.2562578",1,1,1
"10.1016/j.leaqua.2020.101477",1,1,1
"10.1001/jamaoncol.2018.5449",1,1,1
"10.1111/meca.12306",1,1,1
"10.3389/frobt.2021.640446",1,1,1
"10.7866/hpe-rpe.19.1.5",1,1,1
"10.1016/j.simpat.2011.07.004",1,1,1
"10.1016/j.renene.2010.11.032",1,1,1
"10.1016/j.ecocom.2023.101042",1,1,1
"10.1016/j.jtbi.2016.08.014",1,1,1
"10.1109/tro.2021.3104253",1,1,1
"10.1007/s11071-017-3780-y",1,1,1
"10.1371/journal.pone.0252885",1,1,1
"10.3934/dcds.2020105",1,1,1
"10.1142/s0218843002000480",1,1,1
"10.1046/j.1365-2656.2002.00637.x",1,1,1
"10.1109/access.2022.3149278",1,1,1
"10.1016/j.healthplace.2021.102729",1,1,1
"10.1007/s10588-016-9212-6",1,1,1
"10.31209/2018.100000045",1,1,1
"10.1080/00207179.2019.1683608",1,1,1
"10.1007/s11067-021-09516-x",1,1,1
"10.3390/en12071317",1,1,1
"10.1111/j.1540-4560.2007.00498.x",1,1,1
"10.1007/s10916-015-0375-3",1,1,1
"10.1016/j.neucom.2015.09.056",1,1,1
"10.1016/j.neucom.2020.02.037",1,1,1
"10.1139/cjfas-2021-0342",1,1,1
"10.1080/19485565.2019.1568673",1,1,1
"10.1063/1.4917550",1,1,1
"10.1287/orsc.1110.0697",1,1,1
"10.1002/cplx.20232",1,1,1
"10.1016/j.artint.2014.11.001",1,1,1
"10.1098/rsos.212023",1,1,1
"10.1371/journal.pone.0180193",1,1,1
"10.1080/00036846.2021.1912282",1,1,1
"10.1001/jama.2022.3385",1,1,1
"10.1016/j.puhe.2020.08.016",1,1,1
"10.1016/j.ecolmodel.2007.12.013",1,1,1
"10.1016/j.engstruct.2016.01.045",1,1,1
"10.1016/j.anbehav.2019.05.026",1,1,1
"10.1007/s12652-020-02120-w",1,1,1
"10.1016/s2214-109x(21)00103-0",1,1,1
"10.1002/smj.2123",1,1,1
"10.1016/j.tbs.2017.02.002",1,1,1
"10.1371/journal.pntd.0002032",1,1,1
"10.1016/j.ecocom.2008.10.014",1,1,1
"10.1016/j.neucom.2012.06.053",1,1,1
"10.1016/j.trd.2015.02.007",1,1,1
"10.3389/fmicb.2013.00423",1,1,1
"10.1007/978-3-540-79005-1_13",1,1,1
"10.1007/s40815-018-0518-z",1,1,1
"10.1109/iciea51954.2021.9516246",1,1,1
"10.1016/j.procs.2014.08.165",1,1,1
"10.1029/2007wr006536",1,1,1
"10.3310/hta22680",1,1,1
"10.1016/j.displa.2021.102041",1,1,1
"10.1109/itsc45102.2020.9294608",1,1,1
"10.1109/tetc.2022.3202297",1,1,1
"10.1007/s12652-021-03490-5",1,1,1
"10.1016/j.epidem.2019.100369",1,1,1
"10.18564/jasss.2030",1,1,1
"10.18564/jasss.4816",1,1,1
"10.1007/s11222-015-9593-2",1,1,1
"10.1109/tac.2017.2696824",1,1,1
"10.3906/elk-1806-220",1,1,1
"10.1109/upec.2006.367750",1,1,1
"10.1016/j.eswa.2010.01.012",1,1,1
"10.3389/fevo.2022.993627",1,1,1
"10.3354/meps250247",1,1,1
"10.1007/s40273-015-0273-z",1,1,1
"10.1371/journal.pntd.0006188",1,1,1
"10.1016/0360-8352(86)90115-4",1,1,1
"10.1016/j.ijfoodmicro.2004.10.028",1,1,1
"10.1117/12.603193",1,1,1
"10.1093/icesjms/fsr095",1,1,1
"10.2196/30581",1,1,1
"10.1186/s12889-015-2284-2",1,1,1
"10.1049/iet-gtd.2017.2032",1,1,1
"10.1016/j.jtbi.2019.03.021",1,1,1
"10.1136/gutjnl-2011-301917",1,1,1
"10.1177/0272989x211065479",1,1,1
"10.1016/j.envsoft.2017.02.010",1,1,1
"10.1155/2014/535308",1,1,1
"10.1016/j.marpol.2021.104485",1,1,1
"10.1155/2019/8457124",1,1,1
"10.1007/978-3-319-51100-9_36",1,1,1
"10.1016/j.jobe.2021.102609",1,1,1
"10.1016/j.ssci.2015.10.006",1,1,1
"10.1016/j.econmod.2016.01.018",1,1,1
"10.1016/s0304-3800(02)00291-0",1,1,1
"10.1016/j.aei.2016.05.002",1,1,1
"10.3934/mbe.2019281",1,1,1
"10.1080/23789689.2020.1788338",1,1,1
"10.1016/j.procs.2019.04.108",1,1,1
"10.1016/j.scs.2023.104527",1,1,1
"10.1109/tnse.2022.3226763",1,1,1
"10.1080/00222500590920860",1,1,1
"10.1016/j.jbi.2015.06.012",1,1,1
"10.1016/j.jpolmod.2019.05.002",1,1,1
"10.1080/00207721.2012.659691",1,1,1
"10.1016/j.parco.2018.03.006",1,1,1
"10.1016/j.jebo.2018.03.015",1,1,1
"10.1038/ismej.2014.174",1,1,1
"10.1016/j.enbuild.2016.07.042",1,1,1
"10.1108/jhlscm-07-2013-0023",1,1,1
"10.1016/j.jclepro.2022.132620",1,1,1
"10.1109/tem.2021.3091600",1,1,1
"10.1007/s11269-013-0394-0",1,1,1
"10.3390/en10050620",1,1,1
"10.1007/s00366-022-01625-6",1,1,1
"10.1098/rsos.220120",1,1,1
"10.1109/jsyst.2019.2940864",1,1,1
"10.3233/mgs-2006-2408",1,1,1
"10.1016/j.enpol.2012.05.013",1,1,1
"10.1016/j.eswa.2010.05.052",1,1,1
"10.1002/ecs2.1785",1,1,1
"10.1890/03-4111",1,1,1
"10.1071/wr19192",1,1,1
"10.1016/j.ecolecon.2015.02.020",1,1,1
"10.1016/j.ijnurstu.2021.103901",1,1,1
"10.5772/62444",1,1,1
"10.1093/icc/dtaa057",1,1,1
"10.1016/j.automatica.2013.08.001",1,1,1
"10.1046/j.1365-2311.2001.00360.x",1,1,1
"10.1016/1054-3139(95)80061-1",1,1,1
"10.1177/0361198119839970",1,1,1
"10.1515/bis-2014-0015",1,1,1
"10.1080/00207543.2022.2148767",2,0,0
"10.1007/s00285-021-01675-2",1,1,1
"10.1049/iet-cta.2015.1184",1,1,1
"10.1016/j.jfi.2017.08.004",1,1,1
"10.1002/asjc.291",1,1,1
"10.1016/j.aej.2012.01.001",1,1,1
"10.1016/j.buildenv.2021.108147",1,1,1
"10.1007/s10164-016-0490-8",1,1,1
"10.1177/0022343306069290",1,1,1
"10.1007/s10489-022-03933-2",1,1,1
"10.1093/beheco/ars078",1,1,1
"10.1016/j.automatica.2020.109446",1,1,1
"10.1111/j.1420-9101.2011.02375.x",1,1,1
"10.1186/1471-2458-11-522",1,1,1
"10.1109/jsyst.2018.2876933",1,1,1
"10.4186/ej.2021.25.12.37",1,1,1
"10.1016/j.vaccine.2011.06.059",1,1,1
"10.1016/j.advengsoft.2004.06.007",1,1,1
"10.1088/1757-899x/190/1/012033",2,0,0
"10.1016/j.energy.2019.02.034",1,1,1
"10.21660/2017.36.2744",1,1,1
"10.1186/s13071-020-04149-4",1,1,1
"10.1016/j.ejor.2005.12.007",1,1,1
"10.1016/j.lungcan.2022.05.015",1,1,1
"10.1016/j.ifacol.2023.01.078",1,1,1
"10.3390/agronomy10101458",1,1,1
"10.1186/s12889-020-10150-4",1,1,1
"10.1007/978-3-319-93638-3_47",1,1,1
"10.1177/1548512917738858",1,1,1
"10.1098/rstb.2016.0238",1,1,1
"10.1016/j.healthplace.2015.10.001",1,1,1
"10.1177/0361198118791667",1,1,1
"10.1504/ijkl.2009.031509",1,1,1
"10.1109/lra.2021.3098332",1,1,1
"10.1371/journal.pone.0008332",1,1,1
"10.1080/15568318.2018.1503380",1,1,1
"10.1038/s41430-021-00967-6",1,1,1
"10.1016/j.comnet.2015.12.017",1,1,1
"10.1007/s13369-013-0807-7",1,1,1
"10.1163/15685373-12340041",1,1,1
"10.1007/s00521-018-3701-0",1,1,1
"10.1016/j.envsoft.2010.10.011",1,1,1
"10.1007/s10614-018-9850-5",1,1,1
"10.1287/inte.2017.0929",1,1,1
"10.1007/s10549-015-3605-y",1,1,1
"10.1142/s0219265921440072",1,1,1
"10.1097/phm.0000000000001659",1,1,1
"10.1371/journal.pone.0248757",1,1,1
"10.1111/1475-6773.13916",1,1,1
"10.1111/jiec.13303",1,1,1
"10.1080/1747423x.2011.558600",1,1,1
"10.1080/17517575.2018.1552993",1,1,1
"10.1080/00038628.2019.1662767",1,1,1
"10.1016/j.ecolmodel.2005.10.006",1,1,1
"10.1016/j.envsoft.2022.105319",1,1,1
"10.1111/ecog.06190",1,1,1
"10.1016/j.energy.2023.128403",1,1,1
"10.3390/axioms5010007",1,1,1
"10.1016/j.ins.2021.12.054",1,1,1
"10.1002/asjc.1152",1,1,1
"10.1155/2014/464190",1,1,1
"10.1007/s12555-016-0040-8",1,1,1
"10.1016/j.erss.2018.08.024",1,1,1
"10.1016/j.scs.2019.101733",1,1,1
"10.1177/0361198119827531",1,1,1
"10.1093/molbev/msz199",1,1,1
"10.1139/f02-064",1,1,1
"10.1002/hfm.20303",1,1,1
"10.1016/j.ecolecon.2010.10.004",1,1,1
"10.1016/s0002-9149(96)00524-3",1,1,1
"10.1109/lsp.2022.3158589",1,1,1
"10.1007/s00371-013-0853-x",1,1,1
"10.1109/access.2020.3008820",1,1,1
"10.3141/2124-25",1,1,1
"10.1016/s0022-0736(99)90046-8",1,1,1
"10.1016/j.datak.2015.08.001",1,1,1
"10.1016/j.ypmed.2016.10.017",1,1,1
"10.1108/20408741311303896",1,1,1
"10.1111/2041-210x.13324",1,1,1
"10.1682/jrrd.2010.08.0139",1,1,1
"10.1007/s00442-020-04843-1",1,1,1
"10.1287/ijoc.2019.0916",1,1,1
"10.1007/s10816-020-09503-5",1,1,1
"10.1007/s00245-014-9271-3",1,1,1
"10.18564/jasss.2083",1,1,1
"10.1080/13588265.2021.1889237",1,1,1
"10.1002/int.20208",1,1,1
"10.1093/advances/nmab138",1,1,1
"10.1007/s10389-021-01489-y",1,1,1
"10.1007/978-3-319-67190-1_32",1,1,1
"10.1098/rsbl.2023.0020",1,1,1
"10.1016/j.respol.2007.12.011",1,1,1
"10.1007/978-3-319-25159-2_76",1,1,1
"10.3390/su13148015",1,1,1
"10.1016/j.aap.2019.06.001",1,1,1
"10.1098/rspb.2008.1444",1,1,1
"10.1007/s13369-015-1927-z",1,1,1
"10.1166/asl.2017.8597",1,1,1
"10.1109/tsmcb.2008.923528",1,1,1
"10.1016/j.simpat.2020.102129",1,1,1
"10.1002/asjc.1044",1,1,1
"10.1016/j.apsoil.2014.06.001",1,1,1
"10.1257/jel.46.3.571",1,1,1
"10.1016/j.physa.2006.04.112",1,1,1
"10.3846/bjrbe.2013.22",1,1,1
"10.1016/j.ecolmodel.2015.01.006",1,1,1
"10.1049/iet-cta.2014.0667",1,1,1
"10.1016/j.jtbi.2011.08.032",1,1,1
"10.1016/j.prevetmed.2013.10.011",1,1,1
"10.1155/2022/1604303",1,1,1
"10.1007/978-3-031-20611-5_25",1,1,1
"10.1179/1942787513y.0000000003",1,1,1
"10.1093/cid/ciac062",1,1,1
"10.1016/j.landusepol.2023.106725",1,1,1
"10.2174/1567205015666180202094551",1,1,1
"10.3390/ijerph18158212",1,1,1
"10.1023/a:1014547520852",1,1,1
"10.1111/gcb.15776",1,1,1
"10.3390/s150204513",1,1,1
"10.1093/jrs/feaa028",1,1,1
"10.1145/3033274.3085153",1,1,1
"10.1080/09511920903440321",1,1,1
"10.1017/dap.2020.18",1,1,1
"10.1371/journal.pone.0189578",1,1,1
"10.3233/jcm-226090",1,1,1
"10.1002/rnc.3342",1,1,1
"10.1016/j.spasta.2016.06.002",1,1,1
"10.1016/j.ecolmodel.2009.09.014",1,1,1
"10.1002/ijc.33704",1,1,1
"10.1080/17517575.2019.1704067",1,1,1
"10.1016/j.compenvurbsys.2018.10.001",1,1,1
"10.3934/krm.2023007",1,1,1
"10.1098/rsif.2017.0320",1,1,1
"10.1016/j.neucom.2021.04.025",1,1,1
"10.3141/2175-15",1,1,1
"10.1186/s12916-020-01887-1",1,1,1
"10.1628/001522108x374197",1,1,1
"10.1007/s00191-023-00822-w",1,1,1
"10.1161/circulationaha.115.019985",1,1,1
"10.1007/s00521-022-07003-z",1,1,1
"10.1007/978-3-319-47253-9_8",1,1,1
"10.1109/dasc50938.2020.9256688",1,1,1
"10.1002/ps.3341",1,1,1
"10.1007/s11047-015-9530-5",1,1,1
"10.1145/3091478.3098882",1,1,1
"10.1073/pnas.91.11.4708",1,1,1
"10.18564/jasss.2001",1,1,1
"10.1177/0037549703038886",1,1,1
"10.1371/journal.pone.0074097",1,1,1
"10.1016/j.scitotenv.2016.08.080",1,1,1
"10.1016/j.amepre.2016.07.001",1,1,1
"10.17310/ntj.2003.3.14",1,1,1
"10.1093/imamat/hxaa032",1,1,1
"10.1109/tcyb.2021.3058094",1,1,1
"10.1016/j.enpol.2010.02.002",1,1,1
"10.1097/sla.0000000000005517",1,1,1
"10.1016/j.wneu.2016.05.034",1,1,1
"10.1016/j.aei.2020.101036",1,1,1
"10.1111/1365-2745.13320",1,1,1
"10.1016/j.trc.2023.104037",1,1,1
"10.1109/tcyb.2019.2908389",1,1,1
"10.1002/sres.922",1,1,1
"10.1016/j.autcon.2010.05.005",1,1,1
"10.1016/j.ecolmodel.2018.01.001",1,1,1
"10.1007/s11047-014-9449-2",1,1,1
"10.1109/access.2021.3098625",1,1,1
"10.1016/s0921-8890(98)00085-2",1,1,1
"10.1109/tcyb.2023.3266923",1,1,1
"10.1007/s10588-010-9077-z",1,1,1
"10.1371/journal.pone.0242779",1,1,1
"10.1108/jfep-10-2020-0214",1,1,1
"10.1007/s11538-018-0494-3",1,1,1
"10.1016/j.optlaseng.2017.10.009",1,1,1
"10.1093/ntr/ntaa104",1,1,1
"10.1002/rnc.4865",1,1,1
"10.3390/s22218142",1,1,1
"10.1016/j.jenvman.2021.113501",1,1,1
"10.1002/atr.1398",1,1,1
"10.1155/2021/5361887",1,1,1
"10.2478/saeb-2018-0002",1,1,1
"10.3389/fmars.2018.00183",1,1,1
"10.1016/j.cie.2019.07.007",1,1,1
"10.1016/j.vaccine.2008.11.074",1,1,1
"10.1016/j.jobe.2021.103210",1,1,1
"10.15388/informatica.2015.61",1,1,1
"10.1007/s42001-020-00065-w",1,1,1
"10.3109/09638288.2015.1041614",1,1,1
"10.1016/j.ecolmodel.2009.12.007",1,1,1
"10.3141/2539-14",1,1,1
"10.1177/0037549717699072",1,1,1
"10.1177/00333549221116361",1,1,1
"10.1177/0018720815621173",1,1,1
"10.1016/j.envsoft.2012.02.012",1,1,1
"10.1098/rsos.201587",1,1,1
"10.5038/2375-0901.15.4.6",1,1,1
"10.1155/2022/4341816",1,1,1
"10.1016/j.simpat.2017.11.001",1,1,1
"10.3233/web-170357",1,1,1
"10.1080/21680566.2021.1989079",1,1,1
"10.1109/tste.2013.2253811",1,1,1
"10.1109/tcsii.2021.3055543",1,1,1
"10.22201/fe.01851667p.2021.317.79301",1,1,1
"10.3141/2402-02",1,1,1
"10.1016/s0304-3800(03)00101-7",1,1,1
"10.1016/j.ijtst.2022.03.001",1,1,1
"10.1007/s00198-009-1114-8",1,1,1
"10.1016/j.ribaf.2019.101066",1,1,1
"10.7250/bjrbe.2021-16.540",1,1,1
"10.3390/electronics10141626",1,1,1
"10.1007/s10015-009-0631-z",1,1,1
"10.1016/j.jfranklin.2017.02.022",1,1,1
"10.1016/j.apenergy.2016.05.034",1,1,1
"10.1016/j.jss.2015.09.014",1,1,1
"10.1016/j.future.2016.04.021",1,1,1
"10.1007/s10916-014-0149-3",1,1,1
"10.1016/s0304-3800(98)00115-x",1,1,1
"10.1016/j.sysconle.2013.08.005",1,1,1
"10.5194/isprs-archives-xliii-b4-2022-79-2022",1,1,1
"10.3390/land7030109",1,1,1
"10.2193/0022-541x(2006)70[1102:eocfpa]2.0.co;2",1,1,1
"10.1155/2021/9606815",1,1,1
"10.3141/2286-04",1,1,1
"10.1111/jeb.13912",1,1,1
"10.3130/jaabe.12.41",1,1,1
"10.1049/itr2.12397",1,1,1
"10.1109/access.2022.3187534",1,1,1
"10.1080/17512549.2017.1421099",1,1,1
"10.1111/roiw.12207",1,1,1
"10.1007/s00500-021-05648-x",1,1,1
"10.1086/671907",1,1,1
"10.1177/1091142104272710",1,1,1
"10.32604/iasc.2022.025091",1,1,1
"10.1016/j.landurbplan.2010.11.016",1,1,1
"10.3390/ijerph10115750",1,1,1
"10.1109/tnnls.2022.3202097",1,1,1
"10.1109/access.2021.3110255",1,1,1
"10.1046/j.1365-2664.2003.00822.x",1,1,1
"10.1063/5.0034816",1,1,1
"10.3390/s22010208",1,1,1
"10.1007/s11403-012-0097-2",1,1,1
"10.1016/j.asoc.2017.04.010",1,1,1
"10.1016/j.aej.2020.08.043",1,1,1
"10.1371/journal.pone.0243628",1,1,1
"10.3390/smartcities3030053",1,1,1
"10.3389/frobt.2021.637125",1,1,1
"10.1007/s10144-011-0279-0",1,1,1
"10.1112/s1461157014000333",1,1,1
"10.1177/14780771221082249",1,1,1
"10.1016/j.ijdrr.2017.09.013",1,1,1
"10.3991/ijet.v14i07.8832",1,1,1
"10.1177/01600176231160498",1,1,1
"10.1016/j.neucom.2014.02.043",1,1,1
"10.1061/(asce)up.1943-5444.0000488",1,1,1
"10.1158/0008-5472.can-18-3147",1,1,1
"10.1186/s12859-020-3394-0",1,1,1
"10.3354/meps10922",1,1,1
"10.1007/s13194-021-00360-x",1,1,1
"10.1016/j.isatra.2019.06.003",1,1,1
"10.1080/14737167.2023.2144838",1,1,1
"10.1377/hlthaff.2018.05246",1,1,1
"10.1007/s10489-022-03924-3",1,1,1
"10.1016/j.procs.2018.04.015",1,1,1
"10.1016/j.ijhydene.2022.08.107",1,1,1
"10.1109/euc.2008.109",1,1,1
"10.1016/j.jand.2021.05.006",1,1,1
"10.1109/tits.2023.3266461",2,0,0
"10.3390/app11073179",1,1,1
"10.1080/00207721.2018.1552769",1,1,1
"10.1016/j.ecolmodel.2022.110063",1,1,1
"10.1103/physreve.106.034402",1,1,1
"10.1136/tc-2022-057856",1,1,1
"10.1109/jsyst.2022.3208414",1,1,1
"10.1142/s0219525918500133",1,1,1
"10.4018/ijsir.2021100107",1,1,1
"10.1016/j.jclepro.2021.128662",1,1,1
"10.1109/iros.2006.282424",1,1,1
"10.1016/j.ecolmodel.2015.06.019",1,1,1
"10.1109/icrtccm.2017.21",1,1,1
"10.1007/s10845-008-0119-z",1,1,1
"10.1016/j.ecolmodel.2014.10.026",1,1,1
"10.1177/0037549718794882",1,1,1
"10.1016/j.epidem.2019.01.001",1,1,1
"10.1016/j.enpol.2020.112014",1,1,1
"10.1007/s11116-004-8287-y",1,1,1
"10.1128/jvi.44.3.1003-1012.1982",1,1,1
"10.1016/j.ejor.2021.08.015",1,1,1
"10.1088/1748-3190/ab6ed9",1,1,1
"10.3390/en15249592",1,1,1
"10.1111/nyas.12344",1,1,1
"10.1016/j.jisa.2021.102748",1,1,1
"10.1080/13873954.2011.601418",1,1,1
"10.1016/s0925-5273(99)00097-3",1,1,1
"10.1109/tac.2015.2400713",1,1,1
"10.1186/s13660-017-1533-6",1,1,1
"10.1016/j.ejor.2022.01.018",1,1,1
"10.1016/j.comnet.2012.08.010",1,1,1
"10.1108/ijlm-03-2022-0139",1,1,1
"10.1080/00207179.2020.1790663",1,1,1
"10.1109/dasc50938.2020.9256816",1,1,1
"10.1007/s10816-013-9197-0",1,1,1
"10.1109/tie.2016.2524411",1,1,1
"10.1016/j.agsy.2014.07.002",1,1,1
"10.1177/0037549713515029",1,1,1
"10.3390/a14010020",1,1,1
"10.1080/01605682.2021.2013137",1,1,1
"10.1016/j.eswa.2023.119500",1,1,1
"10.1371/journal.pone.0086406",1,1,1
"10.1016/j.automatica.2013.03.005",1,1,1
"10.1007/s00268-022-06656-0",1,1,1
"10.1016/j.epidem.2017.02.010",1,1,1
"10.1002/cam4.2476",1,1,1
"10.1002/mrm.25704",1,1,1
"10.1017/s0269888915000193",1,1,1
"10.1080/088395197118073",1,1,1
"10.1177/0049124113494573",1,1,1
"10.1016/j.engappai.2015.01.011",1,1,1
"10.1109/tcss.2022.3217614",2,0,0
"10.1016/j.cie.2022.107981",1,1,1
"10.3354/cr01117",1,1,1
"10.1007/978-3-642-39829-2_3",1,1,1
"10.1016/j.epsr.2011.03.004",1,1,1
"10.1051/mmnp/2019027",1,1,1
"10.1016/j.jclepro.2015.06.070",1,1,1
"10.1016/j.physa.2006.05.037",1,1,1
"10.1186/s12942-020-00217-1",1,1,1
"10.1049/iet-cta.2014.0219",1,1,1
"10.1046/j.1466-822x.2001.00256.x",1,1,1
"10.1016/j.promfg.2017.07.128",1,1,1
"10.1111/1365-2664.13000",1,1,1
"10.1155/2014/520672",1,1,1
"10.1016/j.neucom.2018.03.036",1,1,1
"10.1371/journal.pmed.1002570",1,1,1
"10.1007/s11081-016-9343-0",1,1,1
"10.1007/s00202-023-01741-6",1,1,1
"10.1016/j.ins.2014.09.029",1,1,1
"10.1016/j.amc.2023.128094",1,1,1
"10.1007/978-3-319-39387-2_4",1,1,1
"10.1002/eap.1942",1,1,1
"10.1371/journal.pcbi.1007457",1,1,1
"10.1097/qad.0000000000000176",1,1,1
"10.2166/ws.2018.035",1,1,1
"10.1016/j.ecss.2014.11.033",1,1,1
"10.1016/j.ecolmodel.2010.06.026",1,1,1
"10.1142/s0219525908001581",1,1,1
"10.1016/j.envsci.2012.08.004",1,1,1
"10.1111/nup.12008",1,1,1
"10.4018/jegr.2008010105",1,1,1
"10.1109/icpca.2008.4783656",1,1,1
"10.1016/j.eswa.2009.01.008",1,1,1
"10.1109/tnse.2020.3047232",1,1,1
"10.1016/j.ygyno.2020.10.036",1,1,1
"10.1007/978-3-319-25524-8_31",1,1,1
"10.1109/tnse.2018.2856522",1,1,1
"10.15208/beh.2015.02",1,1,1
"10.1007/978-3-319-39345-2_53",1,1,1
"10.1007/s11606-016-3932-7",1,1,1
"10.1109/ams.2009.147",1,1,1
"10.1016/s0888-613x(01)00032-9",1,1,1
"10.1016/j.amepre.2014.11.010",1,1,1
"10.1111/1365-2664.14461",1,1,1
"10.1016/s2468-2667(18)30118-x",1,1,1
"10.1109/tcyb.2021.3049486",1,1,1
"10.3233/jifs-169318",1,1,1
"10.3390/s22239537",1,1,1
"10.1016/j.jhydrol.2019.124425",1,1,1
"10.1080/13658810600830541",1,1,1
"10.3917/redp.294.0591",1,1,1
"10.1177/1049731519852151",1,1,1
"10.1134/s1064226916120159",1,1,1
"10.1371/journal.pone.0281658",1,1,1
"10.1145/3393691.3394217",2,0,0
"10.1016/j.ins.2018.04.034",1,1,1
"10.1016/j.asoc.2014.01.004",1,1,1
"10.1007/s11356-022-19392-8",1,1,1
"10.3103/s0146411621020036",1,1,1
"10.1145/2695664.2695705",1,1,1
"10.1016/j.jedc.2022.104521",1,1,1
"10.1200/cci.17.00029",1,1,1
"10.1016/j.applthermaleng.2015.06.059",1,1,1
"10.1016/j.jtbi.2008.08.015",1,1,1
"10.1007/s11431-022-2352-9",1,1,1
"10.3390/app11041772",1,1,1
"10.1371/journal.pone.0181558",1,1,1
"10.1109/lcsys.2017.2717854",1,1,1
"10.1093/jnci/djr385",1,1,1
"10.1162/1064546041766424",1,1,1
"10.1016/j.ijdrr.2022.103164",1,1,1
"10.1007/s10588-019-09295-4",1,1,1
"10.1007/s11111-010-0110-4",1,1,1
"10.1016/j.ecolmodel.2014.03.016",1,1,1
"10.1016/j.jpdc.2005.09.004",1,1,1
"10.1016/j.jval.2020.10.004",1,1,1
"10.1016/j.worlddev.2008.02.005",1,1,1
"10.1108/tpm-04-2015-0023",1,1,1
"10.3390/app9071388",1,1,1
"10.1007/s00285-014-0847-y",1,1,1
"10.1109/access.2020.3041473",1,1,1
"10.1007/978-3-319-46331-5_4",2,0,0
"10.1109/aeees54426.2022.9759413",1,1,1
"10.1016/j.seta.2022.102859",1,1,1
"10.1142/s1793962318500186",1,1,1
"10.1080/15472450.2013.801714",1,1,1
"10.1155/2021/6654254",1,1,1
"10.1007/s12546-011-9061-6",1,1,1
"10.1007/s00521-017-3078-5",1,1,1
"10.1177/0361198120934476",1,1,1
"10.1111/j.1365-2664.2006.01179.x",1,1,1
"10.1088/1755-1315/124/1/012014",1,1,1
"10.1109/access.2018.2815662",1,1,1
"10.1007/s11518-010-5132-z",1,1,1
"10.3390/computers10010012",1,1,1
"10.1001/jamaoncol.2019.3323",1,1,1
"10.5220/0006249304550459",1,1,1
"10.1016/j.jbusvent.2021.106128",1,1,1
"10.1002/cb.1630",1,1,1
"10.1371/journal.pone.0093661",1,1,1
"10.1016/j.jclepro.2021.127462",1,1,1
"10.1016/j.ecolmodel.2019.02.004",1,1,1
"10.1016/j.compind.2018.01.001",1,1,1
"10.3130/jaabe.9.163",1,1,1
"10.18564/jasss.2661",1,1,1
"10.1109/iccima.2001.970457",1,1,1
"10.1016/j.fishres.2015.07.033",1,1,1
"10.7326/m16-0799",1,1,1
"10.1007/s12530-020-09347-0",1,1,1
"10.1016/j.jtbi.2009.05.013",1,1,1
"10.1179/1942787513y.0000000004",1,1,1
"10.1016/j.foar.2019.06.008",1,1,1
"10.1007/s00125-010-1661-8",1,1,1
"10.1016/j.eja.2020.126102",1,1,1
"10.1109/cbms.2008.21",1,1,1
"10.1016/j.agsy.2015.12.009",1,1,1
"10.1177/0361198119825833",1,1,1
"10.3934/krm.2017004",1,1,1
"10.1007/s00265-017-2331-3",1,1,1
"10.1371/journal.pone.0080672",1,1,1
"10.1016/j.compenvurbsys.2005.01.009",1,1,1
"10.1186/1471-2458-9-s1-s14",1,1,1
"10.1007/s00442-003-1205-8",1,1,1
"10.3390/su9050765",1,1,1
"10.1016/j.apenergy.2016.10.056",1,1,1
"10.1007/s11403-023-00382-z",1,1,1
"10.3233/978-1-61499-578-4-271",1,1,1
"10.1139/f92-282",1,1,1
"10.3906/elk-1601-206",1,1,1
"10.1371/journal.pone.0242676",1,1,1
"10.1134/s0005117922050034",1,1,1
"10.1016/j.apenergy.2023.120783",1,1,1
"10.1186/1471-2334-11-199",1,1,1
"10.1109/roman.2001.981873",1,1,1
"10.1109/tnnls.2022.3156279",1,1,1
"10.1186/cc5942",1,1,1
"10.1016/j.rser.2017.04.064",1,1,1
"10.1287/mnsc.49.3.290.12740",1,1,1
"10.1007/s11432-017-9284-4",1,1,1
"10.1115/1.4037947",1,1,1
"10.1111/1753-6405.12604",1,1,1
"10.1093/cje/23.5.565",1,1,1
"10.1016/j.ifacol.2020.12.2300",1,1,1
"10.3390/f12020155",1,1,1
"10.1515/eletel-2015-0043",1,1,1
"10.1002/2014wr015382",1,1,1
"10.1080/01969722.2011.595338",1,1,1
"10.1016/j.robot.2004.07.023",1,1,1
"10.1007/978-3-319-59294-7_26",1,1,1
"10.1016/j.amepre.2020.03.010",1,1,1
"10.1080/15732479.2021.1897630",1,1,1
"10.1016/j.compchemeng.2010.01.020",1,1,1
"10.1080/713609861",1,1,1
"10.3390/jmse10101412",1,1,1
"10.1109/cpe.2018.8372553",1,1,1
"10.1177/0037549712470733",1,1,1
"10.1007/s13593-023-00890-z",1,1,1
"10.1016/j.aap.2018.07.027",1,1,1
"10.1016/j.seta.2020.100653",1,1,1
"10.1016/j.ecolmodel.2016.12.017",1,1,1
"10.1016/j.ast.2022.107639",1,1,1
"10.1017/s0263574722000194",1,1,1
"10.1002/dac.4504",1,1,1
"10.1007/s11036-016-0704-x",1,1,1
"10.1111/1475-6773.12037",1,1,1
"10.1371/journal.pmed.1001480",1,1,1
"10.1109/tcns.2020.2976271",1,1,1
"10.1098/rspb.2019.1323",1,1,1
"10.1016/j.ecolmodel.2011.01.020",1,1,1
"10.1016/j.jtbi.2009.08.022",1,1,1
"10.1177/003335490912400604",1,1,1
"10.1007/s10015-022-00770-x",1,1,1
"10.1093/ietisy/e88-d.9.2031",2,0,0
"10.1007/s10015-016-0297-2",1,1,1
"10.1371/journal.pcbi.1005378",1,1,1
"10.1371/journal.pone.0255654",1,1,1
"10.1142/s0219525909002180",1,1,1
"10.1016/j.rtbm.2020.100588",1,1,1
"10.6002/ect.2021.0330",1,1,1
"10.1002/ecj.12078",1,1,1
"10.1016/j.dss.2013.05.022",1,1,1
"10.1007/978-3-319-42007-3_85",1,1,1
"10.1016/j.neucom.2021.06.049",1,1,1
"10.1007/s11695-017-3100-0",1,1,1
"10.1108/jepp-d-18-00084",1,1,1
"10.1016/j.fishres.2006.03.005",1,1,1
"10.1016/s0933-3657(03)00010-1",1,1,1
"10.1371/journal.pcbi.1006273",1,1,1
"10.1016/j.elerap.2013.07.003",1,1,1
"10.18564/jasss.4723",1,1,1
"10.1115/dscc2013-3812",1,1,1
"10.2165/11532880-000000000-00000",1,1,1
"10.1016/j.marpolbul.2013.07.024",1,1,1
"10.1007/978-3-319-39883-9_18",1,1,1
"10.1006/bulm.2000.0179",1,1,1
"10.1016/j.ifacol.2015.12.247",1,1,1
"10.1155/2023/3196066",1,1,1
"10.1016/j.enpol.2017.04.034",1,1,1
"10.1177/1059712309339859",1,1,1
"10.1186/1471-2334-14-12",1,1,1
"10.3138/infor.46.2.97",1,1,1
"10.1016/j.physd.2005.10.012",1,1,1
"10.1016/j.ifacol.2016.07.035",1,1,1
"10.3233/978-1-60750-044-5-282",1,1,1
"10.1016/j.eswa.2016.01.058",1,1,1
"10.1109/tac.2003.821416",1,1,1
"10.1016/j.tpb.2018.10.002",1,1,1
"10.1016/j.tpb.2006.01.006",1,1,1
"10.1021/es960843j",1,1,1
"10.4018/ijmmme.2020070101",1,1,1
"10.1093/aje/kwab219",1,1,1
"10.1109/tccn.2023.3248859",1,1,1
"10.1016/j.aei.2015.08.001",1,1,1
"10.1016/j.anbehav.2005.11.001",1,1,1
"10.1109/icet.2006.335960",1,1,1
"10.1002/ece3.2029",1,1,1
"10.1109/lcsys.2023.3285143",1,1,1
"10.1093/icesjms/fsv145",1,1,1
"10.1057/hs.2012.16",1,1,1
"10.2298/pan2102231z",1,1,1
"10.1016/j.ejor.2017.10.056",1,1,1
"10.1007/s10586-009-0095-x",1,1,1
"10.3103/s0146411619080091",1,1,1
"10.1016/j.energy.2010.06.013",1,1,1
"10.1080/095281398146770",1,1,1
"10.1142/s021952590900212x",1,1,1
"10.1186/1471-2148-9-16",1,1,1
"10.3233/idt-130163",1,1,1
"10.1016/j.jtbi.2015.09.007",1,1,1
"10.1049/cth2.12185",1,1,1
"10.1111/2041-210x.13656",1,1,1
"10.1007/978-3-030-02840-4_9",1,1,1
"10.1007/978-3-030-50371-0_37",1,1,1
"10.1007/978-3-030-92843-8_19",1,1,1
"10.1109/icmla.2013.148",1,1,1
"10.1080/09528130802386093",1,1,1
"10.1016/j.jhep.2022.04.014",1,1,1
"10.1001/jamanetworkopen.2020.12522",1,1,1
"10.1016/j.ifacol.2017.08.197",1,1,1
"10.1016/j.gloenvcha.2011.09.006",1,1,1
"10.1016/j.ecss.2016.01.038",1,1,1
"10.1086/324112",1,1,1
"10.17310/ntj.2010.1.04",1,1,1
"10.3389/fmicb.2020.566826",1,1,1
"10.1061/jtepbs.0000129",1,1,1
"10.3390/f14020428",1,1,1
"10.1016/s0166-3615(03)00065-4",1,1,1
"10.1016/j.cnsns.2013.10.009",1,1,1
"10.1016/j.tcs.2019.09.001",1,1,1
"10.1213/ane.0b013e31829cc6d2",1,1,1
"10.1115/1.4026042",1,1,1
"10.1016/j.ecolmodel.2011.04.014",1,1,1
"10.1016/j.epidem.2023.100677",1,1,1
"10.1016/j.neucom.2021.06.097",1,1,1
"10.1016/s0047-2727(97)00078-9",1,1,1
"10.1016/j.scitotenv.2019.133769",1,1,1
"10.1016/j.envsoft.2017.06.039",1,1,1
"10.1080/03081060.2012.635431",1,1,1
"10.1007/978-3-319-27947-3_17",1,1,1
"10.1007/s10462-012-9388-1",1,1,1
"10.1016/j.procs.2018.11.054",1,1,1
"10.1016/j.buildenv.2014.12.015",1,1,1
"10.1109/iros40897.2019.8968607",1,1,1
"10.1109/icrtccm.2017.43",1,1,1
"10.1007/s11066-011-9061-x",1,1,1
"10.1080/02626667.2021.1888954",1,1,1
"10.1109/tcss.2022.3146049",1,1,1
"10.1016/j.patcog.2003.09.014",1,1,1
"10.1155/2020/5282035",1,1,1
"10.1016/j.ifacol.2022.10.219",1,1,1
"10.1007/s13524-011-0023-6",1,1,1
"10.1109/tac.2014.2303236",1,1,1
"10.1016/j.ijepes.2023.109191",1,1,1
"10.1016/j.ecocom.2017.08.003",1,1,1
"10.1587/transinf.e93.d.3260",1,1,1
"10.1109/iitsi.2010.22",1,1,1
"10.3141/2175-06",1,1,1
"10.1007/s11192-015-1800-6",1,1,1
"10.1109/access.2020.2990295",1,1,1
"10.1016/j.jenvman.2015.11.060",1,1,1
"10.1007/s11403-018-0216-9",1,1,1
"10.1007/s00285-017-1098-5",1,1,1
"10.1016/j.sysconle.2016.12.001",1,1,1
"10.33039/ami.2020.07.010",1,1,1
"10.1162/artl_a_00240",1,1,1
"10.1109/mwc.003.2200469",1,1,1
"10.1016/j.jas.2014.01.002",1,1,1
"10.3233/mgs-2010-0144",1,1,1
"10.1016/j.ifacol.2022.07.044",1,1,1
"10.1016/j.ssci.2018.11.028",1,1,1
"10.18564/jasss.4706",1,1,1
"10.1162/artl_a_00382",1,1,1
"10.1109/bwss.2012.31",1,1,1
"10.1007/978-3-319-44636-3_44",1,1,1
"10.1161/circulationaha.121.053678",1,1,1
"10.1109/access.2022.3202938",1,1,1
"10.1016/j.enpol.2008.03.035",1,1,1
"10.1109/aict50176.2020.9368751",1,1,1
"10.3390/w13243643",1,1,1
"10.1007/s10957-016-0881-6",1,1,1
"10.1007/s10472-023-09884-9",1,1,1
"10.1016/j.plrev.2010.02.001",1,1,1
"10.1016/j.trstmh.2006.11.007",1,1,1
"10.1002/cncr.33499",1,1,1
"10.1007/s10951-011-0256-7",1,1,1
"10.1002/joom.1187",1,1,1
"10.1016/j.scs.2021.103560",1,1,1
"10.2989/18142320409504052",1,1,1
"10.1080/15472450.2014.892380",1,1,1
"10.4204/eptcs.264.4",1,1,1
"10.1002/isaf.1419",1,1,1
"10.1108/k-11-2014-0245",1,1,1
"10.1016/j.cosrev.2017.03.001",1,1,1
"10.1007/978-3-319-65340-2_59",1,1,1
"10.1109/wsc57314.2022.10015440",1,1,1
"10.1148/radiol.2018181114",1,1,1
"10.1007/978-3-030-24302-9_24",1,1,1
"10.1109/tlt.2013.9",1,1,1
"10.1166/jctn.2012.2618",1,1,1
"10.1002/rnc.4572",1,1,1
"10.1016/j.engappai.2015.05.002",1,1,1
"10.1016/j.future.2018.09.050",1,1,1
"10.1016/j.jfranklin.2014.11.004",1,1,1
"10.3390/w12113075",1,1,1
"10.1007/s12065-023-00823-5",1,1,1
"10.1016/j.automatica.2020.108897",1,1,1
"10.1109/tnse.2023.3235527",1,1,1
"10.1016/j.jtbi.2008.12.024",1,1,1
"10.1007/s11284-004-0024-7",1,1,1
"10.3390/machines2010013",1,1,1
"10.1109/dexa.2015.31",1,1,1
"10.1016/j.enpol.2021.112759",1,1,1
"10.1016/j.crvi.2003.12.002",1,1,1
"10.3233/jifs-169714",1,1,1
"10.1016/j.enpol.2023.113477",1,1,1
"10.1371/journal.pone.0045258",1,1,1
"10.1016/j.automatica.2018.08.023",1,1,1
"10.1097/mlr.0000000000000618",1,1,1
"10.1021/acs.est.1c03837",1,1,1
"10.1177/1045389x07087302",1,1,1
"10.1080/0954009021000068934",1,1,1
"10.1016/j.atmosenv.2020.117324",1,1,1
"10.1109/jcai.2009.202",1,1,1
"10.1109/access.2022.3149956",1,1,1
"10.1007/s10661-017-6019-y",1,1,1
"10.1016/j.compenvurbsys.2018.11.010",1,1,1
"10.1002/ece3.656",1,1,1
"10.1155/2018/6568719",1,1,1
"10.1002/jbmr.4775",1,1,1
"10.3233/978-1-60750-661-4-72",1,1,1
"10.1016/j.camwa.2011.11.058",1,1,1
"10.1127/anthranz/2014/0450",1,1,1
"10.1098/rspb.2020.1095",1,1,1
"10.1504/ijtel.2015.072810",1,1,1
"10.1080/08965803.2023.2206284",1,1,1
"10.1016/j.ecolmodel.2013.07.027",1,1,1
"10.3390/drones7070470",1,1,1
"10.4018/jitwe.2008100103",1,1,1
"10.1080/13658816.2016.1263306",1,1,1
"10.1088/1361-6579/aaca86",1,1,1
"10.1109/icctd.2009.32",1,1,1
"10.1080/17421772.2022.2061722",1,1,1
"10.1016/j.egyr.2023.05.070",1,1,1
"10.18564/jasss.2503",1,1,1
"10.1109/tits.2017.2728125",1,1,1
"10.1137/21m143546x",1,1,1
"10.1109/tste.2015.2441107",1,1,1
"10.1002/ece3.1680",1,1,1
"10.1007/s12325-022-02353-5",1,1,1
"10.1109/fas-w.2016.65",1,1,1
"10.1016/j.jairtraman.2021.102104",1,1,1
"10.1007/s11424-008-9104-z",1,1,1
"10.3389/fpsyg.2022.844012",1,1,1
"10.1016/j.engappai.2021.104235",1,1,1
"10.4028/www.scientific.net/amm.467.609",1,1,1
"10.1109/tcyb.2021.3082164",1,1,1
"10.1109/access.2021.3098387",1,1,1
"10.1016/j.ast.2020.106437",1,1,1
"10.18564/jasss.2840",1,1,1
"10.1061/(asce)ae.1943-5568.0000459",1,1,1
"10.3390/app13010642",1,1,1
"10.1016/j.engappai.2021.104286",1,1,1
"10.3141/2416-05",1,1,1
"10.1109/tpwrs.2006.873109",1,1,1
"10.1016/j.ijdrr.2020.101524",1,1,1
"10.1016/j.cities.2019.102503",1,1,1
"10.1016/j.seares.2012.08.003",1,1,1
"10.18564/jasss.4259",1,1,1
"10.5751/es-08642-210323",1,1,1
"10.18564/jasss.3812",1,1,1
"10.1016/j.apenergy.2020.115371",1,1,1
"10.1080/00207543.2023.2178370",1,1,1
"10.1016/j.ssci.2016.11.003",1,1,1
"10.1007/s10559-019-00106-x",1,1,1
"10.1007/s10916-020-01608-4",1,1,1
"10.1371/journal.pone.0208775",1,1,1
"10.1016/j.ejor.2016.03.050",1,1,1
"10.1016/j.jval.2015.09.2940",1,1,1
"10.1007/978-3-319-56541-5_42",1,1,1
"10.1016/j.pursup.2008.09.003",1,1,1
"10.1080/00207179.2020.1854866",1,1,1
"10.1016/j.simpat.2008.08.008",1,1,1
"10.1073/pnas.0506330102",1,1,1
"10.1016/j.ecoinf.2017.06.004",1,1,1
"10.1007/s12555-019-0172-8",1,1,1
"10.1155/2011/104617",1,1,1
"10.1016/j.jfranklin.2017.11.017",1,1,1
"10.1016/s1473-3099(14)71074-6",1,1,1
"10.1109/cec.2007.4424550",1,1,1
"10.1093/cid/ciac568",1,1,1
"10.3390/electronics10151749",1,1,1
"10.1002/etc.5599",0,2,0
"10.1109/tnse.2022.3217460",1,1,1
"10.1016/j.pain.2011.10.018",1,1,1
"10.1109/aiiot54504.2022.9817168",1,1,1
"10.3390/math9233061",1,1,1
"10.9781/ijimai.2019.03.002",1,1,1
"10.3934/mbe.2022184",1,1,1
"10.1016/j.ijpe.2015.04.008",1,1,1
"10.1016/j.eswa.2023.119783",1,1,1
"10.1109/tevc.2005.856206",1,1,1
"10.3389/fenrg.2022.916996",1,1,1
"10.1177/0037549714536930",1,1,1
"10.1016/j.compenvurbsys.2016.11.003",1,1,1
"10.1177/00375497231178303",1,1,1
"10.1016/j.apgeog.2015.03.016",1,1,1
"10.1142/s0219525912500774",1,1,1
"10.1109/iros.2005.1545245",1,1,1
"10.1177/03611981211062217",1,1,1
"10.1016/j.ijpe.2011.08.023",1,1,1
"10.18564/jasss.4835",1,1,1
"10.1007/s11165-014-9424-z",1,1,1
"10.3354/meps11253",1,1,1
"10.1080/09614524.2020.1801583",1,1,1
"10.1177/0898264313491425",1,1,1
"10.1177/0037549704050907",1,1,1
"10.1049/iet-cta.2013.0074",1,1,1
"10.1016/j.geoforum.2007.07.011",1,1,1
"10.3390/app12168203",1,1,1
"10.18564/jasss.3090",1,1,1
"10.1016/j.ins.2012.04.001",1,1,1
"10.1016/j.enpol.2020.111434",1,1,1
"10.1109/mcse.2023.3267327",1,1,1
"10.1016/j.ecolmodel.2015.02.010",1,1,1
"10.1080/0953728021000080988",1,1,1
"10.1016/j.trgeo.2021.100591",1,1,1
"10.1111/fog.12046",1,1,1
"10.1016/j.scitotenv.2015.07.152",1,1,1
"10.1016/j.jtbi.2016.07.040",1,1,1
"10.1016/j.biocon.2005.02.015",1,1,1
"10.1016/j.jtbi.2019.110059",1,1,1
"10.1007/s00265-019-2709-5",1,1,1
"10.1093/jnci/dju322",1,1,1
"10.18564/jasss.3374",1,1,1
"10.1007/bf02765269",1,1,1
"10.1097/jto.0000000000000474",1,1,1
"10.2316/j.2020.201-0063",1,1,1
"10.1111/caje.12546",1,1,1
"10.1016/j.asoc.2006.02.001",1,1,1
"10.1371/journal.pone.0034101",1,1,1
"10.1093/cid/ciaa1829",1,1,1
"10.1016/j.advengsoft.2015.08.010",1,1,1
"10.1051/mmnp/201611504",1,1,1
"10.1111/j.1728-4465.2004.00005.x",1,1,1
"10.1007/s10458-020-09450-1",1,1,1
"10.1016/j.ecocom.2019.100790",1,1,1
"10.1061/(asce)co.1943-7862.0000065",1,1,1
"10.18553/jmcp.2021.27.1.073",1,1,1
"10.1057/jos.2014.3",1,1,1
"10.1177/1046878109341765",1,1,1
"10.1007/s00607-022-01148-4",1,1,1
"10.1007/s10113-017-1104-x",1,1,1
"10.1111/1365-2664.13096",1,1,1
"10.1001/jamainternmed.2014.3889",1,1,1
"10.3390/systems9040073",1,1,1
"10.3354/esr01202",1,1,1
"10.1080/15230406.2014.931251",1,1,1
"10.1177/1059712310385875",1,1,1
"10.1080/10410236.2016.1196414",1,1,1
"10.1164/rccm.201702-0377oc",1,1,1
"10.1142/s1793962321500227",1,1,1
"10.1016/s0014-2921(97)00005-6",1,1,1
"10.1016/j.landusepol.2023.106743",1,1,1
"10.1049/itr2.12348",2,0,0
"10.1080/09540090802091982",1,1,1
"10.1016/j.jenvman.2018.09.069",1,1,1
"10.1109/cscc53858.2021.00028",1,1,1
"10.1080/10807039.2012.683741",1,1,1
"10.1016/s2214-109x(18)30450-9",1,1,1
"10.1016/j.physa.2008.12.008",1,1,1
"10.1109/access.2021.3102850",1,1,1
"10.20965/jdr.2021.p0866",1,1,1
"10.1109/mnet.011.2000007",1,1,1
"10.1016/j.buildenv.2020.106924",1,1,1
"10.1016/j.ecolmodel.2008.06.033",1,1,1
"10.1007/s11229-018-1773-0",1,1,1
"10.1016/j.dss.2012.12.033",1,1,1
"10.1103/physreve.102.022212",1,1,1
"10.18564/jasss.3377",1,1,1
"10.1002/cplx.20008",1,1,1
"10.1016/j.techfore.2023.122559",1,1,1
"10.1016/j.mex.2021.101276",1,1,1
"10.1109/access.2023.3280070",1,1,1
"10.1016/j.jtbi.2010.10.038",1,1,1
"10.1109/aeees51875.2021.9403185",1,1,1
"10.1016/j.jairtraman.2021.102108",1,1,1
"10.1007/978-981-10-1678-3_76",1,1,1
"10.1177/0037549709359090",1,1,1
"10.1007/s10015-022-00761-y",1,1,1
"10.1002/pam.21614",1,1,1
"10.3390/su14137642",1,1,1
"10.1016/j.est.2019.01.019",1,1,1
"10.1108/ria-03-2022-0052",1,1,1
"10.1016/j.cropro.2019.01.010",1,1,1
"10.1061/(asce)0733-9488(2010)136:1(50)",1,1,1
"10.1109/poms.2018.8629448",2,0,0
"10.1177/0193841x9501900606",1,1,1
"10.1016/j.iatssr.2017.06.003",1,1,1
"10.1016/j.jtbi.2017.06.030",1,1,1
"10.1109/tnnls.2021.3069209",1,1,1
"10.1007/s10980-009-9438-5",1,1,1
"10.1080/09537287.2013.782946",1,1,1
"10.1109/access.2021.3125620",1,1,1
"10.1185/03007995.2010.494451",1,1,1
"10.1007/978-3-030-00524-5_7",1,1,1
"10.1109/tie.2018.2881938",1,1,1
"10.1289/ehp1370",1,1,1
"10.1016/j.jebo.2018.04.007",1,1,1
"10.1016/j.ecolmodel.2018.09.026",1,1,1
"10.1080/1943815x.2014.883413",1,1,1
"10.1016/j.trpro.2018.10.088",1,1,1
"10.1177/23814683221097064",1,1,1
"10.1016/j.jedc.2018.02.014",1,1,1
"10.1007/s12205-009-0117-5",1,1,1
"10.1038/s41598-021-81459-2",1,1,1
"10.1371/journal.pone.0251737",1,1,1
"10.1371/journal.pone.0170766",1,1,1
"10.1016/j.ifacol.2022.04.228",1,1,1
"10.3390/en12050856",1,1,1
"10.1080/02626667.2020.1750617",1,1,1
"10.1016/j.ecolmodel.2022.109962",1,1,1
"10.1109/tcns.2020.3034523",1,1,1
"10.1109/tits.2020.3041436",1,1,1
"10.1186/1478-4491-11-55",1,1,1
"10.1155/2021/8875515",1,1,1
"10.1177/0272989x10369005",1,1,1
"10.1142/s0218213011000504",1,1,1
"10.1016/j.physa.2018.03.077",1,1,1
"10.3389/frobt.2020.519985",1,1,1
"10.1109/tcss.2018.2818324",1,1,1
"10.1016/j.puhe.2019.02.009",1,1,1
"10.1109/ie51775.2021.9486506",1,1,1
"10.1016/j.worlddev.2021.105742",1,1,1
"10.1177/0278364910394690",1,1,1
"10.1080/00207543.2018.1543970",1,1,1
"10.1111/conl.12415",1,1,1
"10.1007/978-3-319-60819-8_1",1,1,1
"10.1016/j.amc.2022.127826",1,1,1
"10.1007/978-3-319-43606-7_14",1,1,1
"10.1061/(asce)cp.1943-5487.0000051",1,1,1
"10.1109/access.2020.3041393",1,1,1
"10.3389/fimmu.2022.995395",1,1,1
"10.1109/mits.2009.934643",1,1,1
"10.1109/access.2018.2870689",1,1,1
"10.1111/j.1813-6982.2009.01205.x",1,1,1
"10.4028/www.scientific.net/amm.519-520.77",1,1,1
"10.1016/j.ecolecon.2020.106636",1,1,1
"10.1002/rnc.1784",1,1,1
"10.1016/j.eswa.2014.07.057",1,1,1
"10.1007/978-3-319-27308-2_35",1,1,1
"10.1007/s12080-022-00540-2",1,1,1
"10.1016/j.techfore.2016.07.013",1,1,1
"10.1155/2021/8404951",1,1,1
"10.1109/icebe.2013.2",1,1,1
"10.1016/j.csbj.2020.05.023",1,1,1
"10.1061/(asce)cp.1943-5487.0000802",1,1,1
"10.1007/s11116-019-10012-y",1,1,1
"10.1007/s11465-019-0563-9",1,1,1
"10.1061/(asce)te.1943-5436.0000831",1,1,1
"10.1109/access.2017.2726012",1,1,1
"10.1371/journal.pone.0194013",1,1,1
"10.1016/j.eswa.2012.01.120",1,1,1
"10.1093/infdis/jiu470",1,1,1
"10.1109/mci.2012.2215152",1,1,1
"10.1093/aje/kwaa247",1,1,1
"10.1155/2022/1252534",1,1,1
"10.1109/greencom.2012.39",1,1,1
"10.1097/aud.0000000000000981",1,1,1
"10.3390/ijgi8040163",1,1,1
"10.1007/s11721-021-00187-5",1,1,1
"10.1007/s10113-017-1243-0",1,1,1
"10.1137/090766188",1,1,1
"10.1007/s11116-013-9452-y",1,1,1
"10.3354/meps08060",1,1,1
"10.1093/imammb/dqp018",1,1,1
"10.1007/s11518-006-0083-0",1,1,1
"10.1002/ieam.4402",1,1,1
"10.1016/j.automatica.2022.110340",1,1,1
"10.1016/j.anbehav.2016.01.003",1,1,1
"10.1016/j.ejor.2016.07.059",1,1,1
"10.1007/s10586-017-0852-1",1,1,1
"10.3354/meps11245",1,1,1
"10.1109/tpwrs.2014.2322622",1,1,1
"10.24136/eq.v12i2.19",1,1,1
"10.1016/j.cose.2009.08.002",1,1,1
"10.1061/(asce)cp.1943-5487.0000860",1,1,1
"10.1002/asjc.2861",1,1,1
"10.3141/2176-01",1,1,1
"10.1177/0272989x221105079",1,1,1
"10.1016/s0304-3800(96)00010-5",1,1,1
"10.1890/09-0073.1",1,1,1
"10.1080/10429247.2020.1858641",1,1,1
"10.1177/1548512913516213",1,1,1
"10.1016/j.scs.2018.02.020",1,1,1
"10.1007/s10588-016-9220-6",1,1,1
"10.1016/j.proeng.2011.08.554",1,1,1
"10.1097/qai.0000000000001817",1,1,1
"10.1016/j.sysconle.2015.04.010",1,1,1
"10.1057/s41273-016-0034-9",1,1,1
"10.1155/2020/1902162",1,1,1
"10.1016/j.procs.2013.01.003",1,1,1
"10.1017/dsj.2022.17",1,1,1
"10.1080/08952841.2010.495565",1,1,1
"10.1016/j.futures.2014.02.003",1,1,1
"10.1007/s10614-012-9348-5",1,1,1
"10.1186/s12879-021-05954-7",1,1,1
"10.1166/asl.2017.8760",1,1,1
"10.3390/su13158222",1,1,1
"10.1016/j.compbiolchem.2021.107585",1,1,1
"10.3390/en12152880",1,1,1
"10.1007/978-3-319-47253-9_7",1,1,1
"10.1145/2611040.2611097",1,1,1
"10.1504/ijcat.2009.026598",1,1,1
"10.18564/jasss.5003",1,1,1
"10.1007/s11721-021-00189-3",1,1,1
"10.1080/15325008.2018.1466938",1,1,1
"10.1142/s0219525921400038",1,1,1
"10.1080/20548923.2019.1647648",1,1,1
"10.1109/tpwrs.2020.3021474",1,1,1
"10.1109/gpecom55404.2022.9815632",1,1,1
"10.3389/fimmu.2021.712457",1,1,1
"10.3233/978-1-60750-082-7-21",1,1,1
"10.1002/asjc.894",1,1,1
"10.1080/15472450.2022.2078664",1,1,1
"10.1177/03611981231182397",1,1,1
"10.1186/s12936-023-04563-w",1,1,1
"10.1093/inthealth/ihw059",1,1,1
"10.1002/eco.1388",1,1,1
"10.1161/circoutcomes.118.005481",1,1,1
"10.1080/00207170802549578",1,1,1
"10.1016/j.ejor.2020.01.054",1,1,1
"10.4271/2010-01-1564",2,0,0
"10.1007/s11205-010-9775-4",1,1,1
"10.1080/17477778.2022.2062262",1,1,1
"10.1109/tsmcb.2009.2036592",1,1,1
"10.1145/3173574.3174127",1,1,1
"10.3389/frobt.2017.00050",1,1,1
"10.1080/00224499.2023.2183485",1,1,1
"10.5194/gmd-7-1251-2014",1,1,1
"10.1016/j.amc.2018.10.015",1,1,1
"10.31803/tg-20230511184836",1,1,1
"10.1016/j.automatica.2018.10.048",1,1,1
"10.1016/j.ecolmodel.2015.08.013",1,1,1
"10.1016/j.cnsns.2022.106879",1,1,1
"10.1057/jos.2014.26",1,1,1
"10.1007/s11047-013-9398-1",1,1,1
"10.1007/978-3-319-16549-3_13",1,1,1
"10.1287/ijoc.2022.1234",1,1,1
"10.1007/s10488-011-0370-z",1,1,1
"10.1093/plankt/fbq015",1,1,1
"10.1007/s10489-008-0154-7",1,1,1
"10.1145/3281548.3281551",1,1,1
"10.1103/physreve.99.032301",1,1,1
"10.1061/(asce)nh.1527-6996.0000511",1,1,1
"10.1515/ijeeps-2016-0039",1,1,1
"10.3390/su13137428",1,1,1
"10.1016/j.jfranklin.2016.11.019",1,1,1
"10.1016/j.ecoinf.2022.101604",1,1,1
"10.1080/15568318.2012.660113",1,1,1
"10.1007/s11538-013-9924-4",1,1,1
"10.1016/j.ifacol.2019.11.271",1,1,1
"10.1016/j.eng.2018.03.003",1,1,1
"10.1016/j.compenvurbsys.2015.01.006",1,1,1
"10.1163/22105832-00901003",1,1,1
"10.1186/s12889-017-4639-3",1,1,1
"10.1371/journal.pone.0085059",1,1,1
"10.1049/iet-cta.2019.1275",1,1,1
"10.1016/s2468-2667(17)30105-6",1,1,1
"10.1109/titb.2005.847511",1,1,1
"10.24507/ijicic.15.02.519",1,1,1
"10.3233/mgs-2007-3103",1,1,1
"10.1109/access.2017.2764467",1,1,1
"10.1109/ipdpsw.2012.65",1,1,1
"10.1371/journal.pone.0275849",1,1,1
"10.1631/fitee.2000182",1,1,1
"10.1111/ecot.12197",1,1,1
"10.1016/j.ecolecon.2020.106879",1,1,1
"10.1109/uksim.2013.106",1,1,1
"10.37190/ord220104",1,1,1
"10.1007/s11424-007-9016-3",1,1,1
"10.1080/17457300.2022.2098343",1,1,1
"10.1016/s0360-8352(96)00056-3",1,1,1
"10.1016/j.ecolmodel.2020.109230",1,1,1
"10.1016/j.enpol.2015.12.013",1,1,1
"10.1007/s11280-018-0608-8",1,1,1
"10.1002/asjc.3130",1,1,1
"10.3390/su142315637",1,1,1
"10.1177/1059712315608243",1,1,1
"10.1080/19401493.2019.1704062",1,1,1
"10.1002/asjc.311",1,1,1
"10.1002/ecs2.2116",1,1,1
"10.18564/jasss.3819",1,1,1
"10.1007/s00168-012-0523-3",1,1,1
"10.1111/issr.12194",1,1,1
"10.1111/j.0030-1299.2005.13350.x",1,1,1
"10.1016/j.asoc.2012.04.033",1,1,1
"10.1016/j.autcon.2022.104254",1,1,1
"10.1017/s1446181112000296",1,1,1
"10.1016/j.neucom.2017.11.051",1,1,1
"10.18564/jasss.4433",1,1,1
"10.1258/jms.2010.010019",1,1,1
"10.3390/su13179702",1,1,1
"10.1016/j.physa.2006.06.023",1,1,1
"10.1016/j.neucom.2018.01.004",1,1,1
"10.3390/su13094855",1,1,1
"10.25088/complexsystems.21.1.21",1,1,1
"10.1071/mf10217",1,1,1
"10.1016/j.trc.2017.12.008",1,1,1
"10.2507/ijsimm13(2)co5",1,1,1
"10.21307/jofnem-2018-002",1,1,1
"10.1111/ecog.06453",1,1,1
"10.1515/jhsem-2014-0057",1,1,1
"10.1155/2021/5398316",1,1,1
"10.1016/j.engappai.2015.08.013",1,1,1
"10.1007/s13177-019-00193-2",1,1,1
"10.1007/s10015-021-00717-8",1,1,1
"10.1016/j.pocean.2014.03.009",1,1,1
"10.1016/j.amepre.2011.04.008",1,1,1
"10.1016/j.jval.2013.06.013",1,1,1
"10.1016/j.watres.2013.10.053",1,1,1
"10.1046/j.1365-2419.1997.00037.x",1,1,1
"10.1093/icesjms/fsx195",1,1,1
"10.1016/j.scitotenv.2020.144096",1,1,1
"10.1016/j.evolhumbehav.2022.08.005",1,1,1
"10.3390/app10196746",1,1,1
"10.1587/transinf.2015edp7156",1,1,1
"10.1504/ijisd.2008.018195",1,1,1
"10.1007/s11431-011-4475-0",1,1,1
"10.3390/en11081993",1,1,1
"10.1080/01490401003712515",1,1,1
"10.1007/s00265-022-03215-4",1,1,1
"10.1007/s11424-021-0167-4",1,1,1
"10.1016/j.rser.2022.112506",1,1,1
"10.1016/j.future.2012.03.019",1,1,1
"10.1080/13658816.2012.741240",1,1,1
"10.1007/s00300-013-1287-7",1,1,1
"10.1111/caje.12181",1,1,1
"10.1007/s40258-016-0248-z",1,1,1
"10.1017/s0376892915000417",1,1,1
"10.1016/j.automatica.2019.108636",1,1,1
"10.1007/s10257-018-0378-y",1,1,1
"10.1061/(asce)is.1943-555x.0000231",1,1,1
"10.1016/j.cie.2022.107960",1,1,1
"10.1117/12.778104",1,1,1
"10.1103/physreve.85.066106",1,1,1
"10.1007/978-3-319-77538-8_13",1,1,1
"10.1371/journal.pone.0118399",1,1,1
"10.14736/kyb-2017-2-0282",1,1,1
"10.1111/ijpo.12915",1,1,1
"10.1007/978-981-13-3143-5_15",1,1,1
"10.3233/mgs-160246",1,1,1
"10.1016/j.mechatronics.2014.10.001",1,1,1
"10.1111/jcms.13099",1,1,1
"10.15196/rs110107",1,1,1
"10.1016/s0933-3657(03)00009-5",1,1,1
"10.1007/s11023-021-09565-8",1,1,1
"10.1016/j.rtbm.2022.100804",1,1,1
"10.18564/jasss.3246",1,1,1
"10.1093/heapol/czx125",1,1,1
"10.2112/si75-217.1",1,1,1
"10.1057/s41294-017-0041-5",1,1,1
"10.3934/nhm.2022010",1,1,1
"10.1016/j.resconrec.2021.105520",1,1,1
"10.1177/0361198118776113",1,1,1
"10.18564/jasss.4219",1,1,1
"10.1109/tnnls.2018.2817880",1,1,1
"10.1007/s10905-012-9374-0",1,1,1
"10.3390/cancers14071839",1,1,1
"10.1007/s10588-022-09364-1",2,0,0
"10.18564/jasss.1784",1,1,1
"10.1109/tac.2015.2482959",1,1,1
"10.1109/tac.2018.2857723",1,1,1
"10.1007/s10682-007-9180-x",1,1,1
"10.1109/eebda53927.2022.9744817",1,1,1
"10.4018/jiit.2010100104",1,1,1
"10.3390/ijfs11020073",1,1,1
"10.1049/iet-cta.2013.0402",1,1,1
"10.1063/1.5021839",1,1,1
"10.1371/journal.pone.0117027",1,1,1
"10.1016/j.ppees.2007.11.002",1,1,1
"10.1609/aimag.v35i3.2534",1,1,1
"10.5751/es-08841-220125",1,1,1
"10.1080/21650349.2015.1026941",1,1,1
"10.1109/cscs.2019.00048",1,1,1
"10.1109/tie.2016.2598799",1,1,1
"10.1016/j.robot.2014.10.005",1,1,1
"10.1371/journal.pone.0124800",1,1,1
"10.1007/s40888-021-00253-5",1,1,1
"10.1016/j.envsci.2020.04.001",1,1,1
"10.1080/02755947.2013.788587",1,1,1
"10.1061/(asce)nh.1527-6996.0000199",1,1,1
"10.1007/978-3-319-54229-4_7",1,1,1
"10.1103/physreve.93.022409",1,1,1
"10.1371/journal.pone.0150626",1,1,1
"10.1007/978-981-13-8679-4_31",1,1,1
"10.1016/j.ecolmodel.2019.108923",1,1,1
"10.5220/0006122201450152",1,1,1
"10.1016/j.trc.2019.08.006",1,1,1
"10.23919/acc45564.2020.9147726",1,1,1
"10.4304/jcp.8.2.326-333",1,1,1
"10.1016/j.foreco.2019.117496",1,1,1
"10.1016/j.ecolmodel.2009.06.027",1,1,1
"10.1142/s0218202510004684",1,1,1
"10.1007/978-3-031-21127-0_9",1,1,1
"10.3141/2019-11",1,1,1
"10.1007/s11740-023-01209-3",1,1,1
"10.1002/hec.944",1,1,1
"10.1139/cjfas-2016-0392",1,1,1
"10.1155/2022/4869762",1,1,1
"10.1007/s13369-016-2372-3",1,1,1
"10.1086/679586",1,1,1
"10.3390/su13137000",1,1,1
"10.4001/003.025.0108",1,1,1
"10.1016/j.eswa.2005.04.013",1,1,1
"10.1111/eva.12143",1,1,1
"10.3846/enviro.2017.134",1,1,1
"10.1016/j.aquatox.2006.09.010",1,1,1
"10.1016/j.vaccine.2019.06.013",1,1,1
"10.1016/j.envpol.2021.117544",1,1,1
"10.1016/j.ifacol.2018.06.217",1,1,1
"10.1016/j.eswa.2021.114861",1,1,1
"10.1007/s40684-021-00402-y",1,1,1
"10.1155/2015/106769",1,1,1
"10.1016/j.compenvurbsys.2014.09.001",1,1,1
"10.3389/fpsyg.2022.837171",1,1,1
"10.1016/j.compind.2013.03.008",1,1,1
"10.1007/978-981-19-2635-8_70",1,1,1
"10.1002/asjc.2814",1,1,1
"10.1504/ijil.2007.012581",1,1,1
"10.1155/2018/4915970",1,1,1
"10.1093/oep/gpr029",1,1,1
"10.1016/j.evolhumbehav.2020.10.002",1,1,1
"10.1002/eej.20485",1,1,1
"10.1016/j.asoc.2015.04.001",1,1,1
"10.1016/j.ecoinf.2015.06.004",1,1,1
"10.1103/physreve.98.012419",1,1,1
"10.1016/j.dss.2007.04.008",1,1,1
"10.1093/jae/ejm001",1,1,1
"10.1016/s0378-4371(03)00053-0",1,1,1
"10.1155/2021/6627081",1,1,1
"10.1016/j.limno.2008.05.006",1,1,1
"10.1093/plankt/fbs039",1,1,1
"10.3141/2182-18",1,1,1
"10.1371/journal.pmed.1003902",1,1,1
"10.14246/irspsd.3.4_57",1,1,1
"10.1371/journal.pone.0263964",1,1,1
"10.1016/j.pmedr.2022.101716",1,1,1
"10.1016/j.ecolmodel.2006.04.023",1,1,1
"10.1016/j.jebo.2013.12.018",1,1,1
"10.1115/1.4047153",2,0,0
"10.1080/03081060.2019.1565163",1,1,1
"10.20965/jaciii.2022.p0008",1,1,1
"10.1080/00207721.2011.649365",1,1,1
"10.1049/smc2.12032",1,1,1
"10.1007/s11538-023-01177-w",1,1,1
"10.3390/app10144752",1,1,1
"10.1016/j.procs.2012.04.161",1,1,1
"10.1007/s00267-010-9539-6",1,1,1
"10.7717/peerj.2993",1,1,1
"10.1111/j.1600-6143.2004.00479.x",1,1,1
"10.1016/j.jclepro.2020.125237",1,1,1
"10.1109/icacc.2009.96",1,1,1
"10.1016/j.ecolmodel.2009.06.023",1,1,1
"10.18564/jasss.1589",1,1,1
"10.1002/asjc.1261",1,1,1
"10.1016/j.biosystems.2021.104532",1,1,1
"10.3390/info10020053",1,1,1
"10.1007/s11432-020-3111-4",1,1,1
"10.1016/j.est.2015.12.004",1,1,1
"10.1109/tem.2002.803388",1,1,1
"10.1155/2022/6431776",1,1,1
"10.1371/journal.pone.0020380",1,1,1
"10.1016/j.ecolmodel.2015.11.004",1,1,1
"10.1007/s11277-012-0623-5",1,1,1
"10.1103/physreve.64.016130",2,0,0
"10.1016/j.jbusres.2020.03.041",1,1,1
"10.1007/978-3-319-19629-9_13",1,1,1
"10.1016/j.ecolmodel.2017.02.026",1,1,1
"10.1002/hep.28227",1,1,1
"10.1142/s0218001402001940",1,1,1
"10.1111/j.1744-7976.2009.01168.x",1,1,1
"10.1016/j.actbio.2022.05.049",1,1,1
"10.3390/s20071853",1,1,1
"10.1109/access.2021.3083705",2,0,0
"10.3390/s22207887",1,1,1
"10.3928/01484834-20100331-04",1,1,1
"10.1016/j.dss.2006.08.002",1,1,1
"10.1080/09645290903546538",1,1,1
"10.1002/oca.2885",1,1,1
"10.1016/s0304-3800(98)00191-4",1,1,1
"10.3390/en3091622",1,1,1
"10.3390/hydrology9030049",1,1,1
"10.1016/j.eswa.2021.115506",1,1,1
"10.1017/epi.2016.7",1,1,1
"10.1016/j.ifacol.2020.12.978",1,1,1
"10.1007/978-3-319-32554-5_30",1,1,1
"10.1016/j.trpro.2018.12.189",1,1,1
"10.1016/j.ecolmodel.2018.12.019",1,1,1
"10.1007/978-3-319-25420-3_9",1,1,1
"10.1016/j.trpro.2018.11.042",1,1,1
"10.1117/12.421061",1,1,1
"10.1016/j.jobe.2022.104794",1,1,1
"10.1111/cwe.12279",1,1,1
"10.1109/tro.2022.3216068",1,1,1
"10.1109/cdc.2006.377565",1,1,1
"10.3389/fmars.2020.00385",1,1,1
"10.1016/s0378-4371(01)00312-0",1,1,1
"10.1016/j.automatica.2015.02.025",1,1,1
"10.1016/j.procs.2016.07.424",1,1,1
"10.1016/j.tra.2008.01.024",1,1,1
"10.1098/rsif.2016.0167",1,1,1
"10.1650/condor-17-11.1",1,1,1
"10.3141/1939-13",1,1,1
"10.1080/12265934.2021.1951821",1,1,1
"10.18502/ijaai.v21i2.9223",1,1,1
"10.1073/pnas.68.7.1608",1,1,1
"10.1016/j.jtbi.2021.110648",1,1,1
"10.1117/12.264308",1,1,1
"10.1016/j.isatra.2022.01.027",1,1,1
"10.1080/18128602.2010.520276",1,1,1
"10.1378/chest.113.1.124",1,1,1
"10.1016/j.envsoft.2017.11.007",1,1,1
"10.1016/j.foodpol.2020.101978",1,1,1
"10.1080/00207160802649973",1,1,1
"10.1109/infocom48880.2022.9796901",1,1,1
"10.1109/access.2017.2696026",1,1,1
"10.1007/s10980-017-0605-9",1,1,1
"10.1007/s11721-014-0093-3",1,1,1
"10.1007/s10614-022-10249-3",1,1,1
"10.1007/978-3-319-49700-6_32",1,1,1
"10.1016/j.ejor.2015.03.008",1,1,1
"10.1016/j.landusepol.2019.04.024",1,1,1
"10.3141/2270-16",1,1,1
"10.3389/fams.2023.1000785",1,1,1
"10.1002/oca.2999",1,1,1
"10.1109/tcyb.2017.2685425",1,1,1
"10.1109/tits.2014.2304394",1,1,1
"10.3390/f13122133",1,1,1
"10.3141/2297-21",1,1,1
"10.1016/j.isatra.2016.04.025",1,1,1
"10.7326/m22-0664",1,1,1
"10.3390/e24101440",1,1,1
"10.3141/2255-03",1,1,1
"10.3390/electronics11233927",1,1,1
"10.2507/ijsimm13(3)3.266",1,1,1
"10.5220/0007363701540161",1,1,1
"10.1007/978-3-642-12788-5_11",1,1,1
"10.1007/s11067-021-09532-x",1,1,1
"10.1080/09720529.2017.1390838",1,1,1
"10.1007/s12061-010-9056-2",1,1,1
"10.5489/cuaj.7453",1,1,1
"10.1109/tase.2018.2792327",1,1,1
"10.1086/708142",1,1,1
"10.1080/758522327",1,1,1
"10.1080/00207721.2019.1585998",1,1,1
"10.1109/cts.2007.4621776",1,1,1
"10.1080/02673030903361656",1,1,1
"10.1098/rsif.2015.0178",1,1,1
"10.12758/mda.2021.03",1,1,1
"10.1142/s0218213012400039",1,1,1
"10.1016/j.ecolmodel.2017.03.019",1,1,1
"10.1007/s10015-018-0493-3",1,1,1
"10.1007/s10588-013-9159-9",1,1,1
"10.13106/jafeb.2021.vol8.no1.543",1,1,1
"10.1080/19427867.2018.1525821",1,1,1
"10.1371/journal.pcbi.1010228",1,1,1
"10.1186/1471-2148-10-380",1,1,1
"10.1016/j.enpol.2018.09.021",1,1,1
"10.3354/meps184273",1,1,1
"10.1016/j.eswa.2012.01.067",1,1,1
"10.1002/ece3.5552",1,1,1
"10.1016/j.fishres.2022.106574",1,1,1
"10.1109/tac.2017.2660298",1,1,1
"10.1016/j.automatica.2015.02.037",1,1,1
"10.1016/s1084-8045(03)00039-0",1,1,1
"10.1109/access.2021.3075276",1,1,1
"10.1007/978-3-319-11310-4_14",1,1,1
"10.1111/gcbb.12945",1,1,1
"10.1016/j.bica.2015.04.005",1,1,1
"10.1016/j.physa.2019.121151",1,1,1
"10.1158/1055-9965.epi-20-1230",1,1,1
"10.1007/978-3-319-15392-6_2",1,1,1
"10.1109/tcns.2022.3141012",1,1,1
"10.1016/j.cirpj.2010.04.001",1,1,1
"10.1109/icdm50108.2020.00156",1,1,1
"10.1109/naecon.2008.4806544",1,1,1
"10.5751/es-12440-260238",1,1,1
"10.1145/1842722.1842725",1,1,1
"10.1890/13-0118.1",1,1,1
"10.1145/3149235.3149240",1,1,1
"10.1016/j.jpolmod.2022.03.006",1,1,1
"10.1080/15472450.2017.1404680",1,1,1
"10.1111/j.1467-9515.2005.00468.x",1,1,1
"10.1109/tac.2015.2444211",1,1,1
"10.1007/978-3-030-22750-0_71",1,1,1
"10.1016/j.ast.2020.106366",1,1,1
"10.3141/2352-04",1,1,1
"10.1631/fitee.2000177",1,1,1
"10.1007/s10588-012-9129-7",1,1,1
"10.1007/s10726-009-9183-9",1,1,1
"10.1186/s12882-017-0699-y",1,1,1
"10.1016/j.ecolecon.2019.106587",1,1,1
"10.1177/03611981221150394",1,1,1
"10.1016/j.jtbi.2021.110762",1,1,1
"10.1007/s10845-021-01759-2",1,1,1
"10.1007/s11066-013-9083-7",1,1,1
"10.1142/s0219525910002736",1,1,1
"10.1371/journal.pone.0261816",1,1,1
"10.1016/j.automatica.2022.110215",1,1,1
"10.1016/j.simpat.2014.08.002",1,1,1
"10.1007/s00366-022-01654-1",1,1,1
"10.1080/09640568.2015.1033515",1,1,1
"10.3390/ijgi8090388",1,1,1
"10.1016/j.ecolmodel.2013.07.029",1,1,1
"10.3141/2536-06",1,1,1
"10.1016/j.ecolmodel.2005.02.011",1,1,1
"10.1186/s12889-016-3996-7",1,1,1
"10.1016/j.simpat.2016.02.001",1,1,1
"10.1371/journal.pone.0129070",1,1,1
"10.1007/978-3-030-21290-2_8",1,1,1
"10.1016/j.ins.2021.06.019",1,1,1
"10.1016/j.physa.2016.11.144",1,1,1
"10.1007/s13177-018-0172-8",1,1,1
"10.1017/s0266462313000044",1,1,1
"10.1007/s12562-021-01578-7",1,1,1
"10.1109/tnnls.2021.3080122",1,1,1
"10.1109/tac.2016.2527920",1,1,1
"10.1016/s0304-3800(98)00179-3",1,1,1
"10.1007/s10980-010-9493-y",1,1,1
"10.1007/s10588-018-9278-4",1,1,1
"10.1086/724579",1,1,1
"10.1109/eeeic-2.2013.6737885",1,1,1
"10.1155/2015/320601",1,1,1
"10.1186/s12913-023-09773-1",1,1,1
"10.1103/physreve.70.056101",1,1,1
"10.1080/17477778.2021.1970487",1,1,1
"10.1890/14-2358.1",1,1,1
"10.3390/en13051093",1,1,1
"10.1177/0361198119837511",1,1,1
"10.1109/access.2022.3142320",1,1,1
"10.1007/s11538-011-9668-y",1,1,1
"10.1007/s40273-015-0374-8",1,1,1
"10.1016/j.isatra.2021.08.001",1,1,1
"10.1016/j.ecolmodel.2015.06.038",1,1,1
"10.1007/s40864-019-00118-y",1,1,1
"10.1080/00207179.2021.1964605",1,1,1
"10.1186/s12916-016-0678-3",1,1,1
"10.1109/tsmcc.2006.871145",1,1,1
"10.1109/icie.2009.35",1,1,1
"10.1007/s13748-012-0012-z",1,1,1
"10.1177/1729881419879827",1,1,1
"10.1007/s11538-020-00701-6",1,1,1
"10.1155/2017/1812045",1,1,1
"10.1016/j.egyr.2022.09.172",1,1,1
"10.23919/jsee.2023.000084",1,1,1
"10.1634/theoncologist.2015-0162",1,1,1
"10.1016/j.ejor.2015.08.065",1,1,1
"10.1002/asi.24195",1,1,1
"10.1109/tac.2012.2208295",1,1,1
"10.1080/13669877.2010.486075",1,1,1
"10.1007/978-3-319-19033-4_4",1,1,1
"10.1136/bmjopen-2013-002683",1,1,1
"10.1098/rsif.2019.0728",1,1,1
"10.1007/978-3-540-85058-8_8",1,1,1
"10.1109/iita.2009.254",1,1,1
"10.1177/0894439310370104",1,1,1
"10.1002/cncr.24256",1,1,1
"10.1142/s0218001497000093",1,1,1
"10.1001/jamaoncol.2015.6275",1,1,1
"10.1142/s0218843003000693",1,1,1
"10.1109/tia.2015.2394375",1,1,1
"10.1016/j.enpol.2017.05.021",1,1,1
"10.1016/j.engstruct.2015.02.019",1,1,1
"10.1016/j.cie.2011.07.003",1,1,1
"10.1016/j.asoc.2019.02.028",1,1,1
"10.5220/0007579302750280",1,1,1
"10.1016/s2352-3018(15)00016-8",1,1,1
"10.1111/1365-2664.12996",1,1,1
"10.1007/s11277-019-07019-0",1,1,1
"10.1080/17477778.2023.2169643",1,1,1
"10.3390/cancers13153751",1,1,1
"10.1137/19m1304131",1,1,1
"10.3141/2585-03",1,1,1
"10.1016/j.future.2020.01.037",1,1,1
"10.1002/ajhb.21157",1,1,1
"10.1109/tpds.2021.3137837",1,1,1
"10.1086/668600",1,1,1
"10.1890/02-5010",1,1,1
"10.1016/0957-4174(96)00036-x",1,1,1
"10.1111/ele.12269",1,1,1
"10.3390/en13092258",1,1,1
"10.1371/journal.pntd.0005093",1,1,1
"10.1186/1752-0509-7-117",1,1,1
"10.1016/j.jfranklin.2022.06.029",2,0,0
"10.1108/14684520210452736",1,1,1
"10.1093/beheco/arq157",2,0,0
"10.1155/2022/6342857",1,1,1
"10.3311/ppci.7409",1,1,1
"10.1073/pnas.0705802104",1,1,1
"10.1111/apce.12319",1,1,1
"10.1111/nrm.12055",1,1,1
"10.1142/s0219691319410157",1,1,1
"10.1001/jamanetworkopen.2021.48317",1,1,1
"10.1016/j.physa.2019.121432",1,1,1
"10.1109/tcyb.2022.3175769",1,1,1
"10.1016/j.ecolecon.2018.03.023",1,1,1
"10.1007/s12273-021-0768-9",1,1,1
"10.1016/j.foreco.2014.05.057",1,1,1
"10.1109/tac.2021.3132235",1,1,1
"10.1080/09540121.2022.2147478",1,1,1
"10.1108/k-01-2023-0104",1,1,1
"10.1016/j.vaccine.2019.09.070",1,1,1
"10.1007/s11069-022-05732-x",1,1,1
"10.4018/ijdwm.2019040103",1,1,1
"10.1086/714449",1,1,1
"10.1111/1756-185x.13277",1,1,1
"10.1117/12.774580",1,1,1
"10.1109/nswctc.2009.339",1,1,1
"10.1007/s10115-010-0375-z",1,1,1
"10.1016/s0304-3800(99)00131-3",1,1,1
"10.1098/rsfs.2019.0019",1,1,1
"10.1088/0031-9155/55/2/001",1,1,1
"10.1111/coin.12060",1,1,1
"10.1007/s00146-017-0720-9",1,1,1
"10.1016/j.procs.2014.03.085",1,1,1
"10.1016/j.ecolmodel.2017.01.011",1,1,1
"10.1016/j.softx.2021.100801",1,1,1
"10.1108/aeat-01-2018-0012",1,1,1
"10.3141/2416-01",1,1,1
"10.1016/j.joep.2013.08.006",1,1,1
"10.17645/up.v6i2.4021",1,1,1
"10.1109/access.2020.2966321",1,1,1
"10.1109/lcsys.2019.2919425",1,1,1
"10.1016/j.ecolmodel.2009.09.019",1,1,1
"10.1631/fitee.1500306",1,1,1
"10.3390/en15051774",1,1,1
"10.1109/jsee.2013.00111",1,1,1
"10.18564/jasss.4791",1,1,1
"10.1371/journal.pone.0074516",1,1,1
"10.1016/j.jval.2015.12.002",1,1,1
"10.1016/s1473-3099(22)00138-4",1,1,1
"10.1109/robot.2008.4543712",1,1,1
"10.1109/tcyb.2022.3142035",2,0,0
"10.1016/j.tpb.2004.03.005",1,1,1
"10.1007/s10339-008-0236-9",1,1,1
"10.1016/j.jtbi.2020.110186",1,1,1
"10.1109/eeeic.2017.7977519",1,1,1
"10.3389/fphar.2022.816248",1,1,1
"10.1080/15472450.2014.889964",1,1,1
"10.3389/fpubh.2020.00160",1,1,1
"10.18564/jasss.5014",1,1,1
"10.1109/tpwrs.2020.2990179",1,1,1
"10.1057/jos.2012.7",1,1,1
"10.1007/s00040-010-0077-2",1,1,1
"10.1186/s12879-020-05737-6",1,1,1
"10.1002/rnc.4498",1,1,1
"10.1111/j.1461-0248.2010.01458.x",1,1,1
"10.1016/j.ssci.2015.06.001",1,1,1
"10.1177/0361198120936267",1,1,1
"10.1108/k-07-2018-0409",1,1,1
"10.3390/systems11020086",1,1,1
"10.1016/j.trpro.2015.03.002",1,1,1
"10.1371/journal.pone.0230364",1,1,1
"10.1109/access.2020.3036913",1,1,1
"10.1080/1406099x.2015.1124227",1,1,1
"10.1016/j.automatica.2018.05.034",1,1,1
"10.1016/0169-2070(91)90035-t",1,1,1
"10.1007/s11116-021-10210-7",1,1,1
"10.1177/10943420221127034",1,1,1
"10.1142/s0219525908001635",1,1,1
"10.1628/001522115x14186532237317",1,1,1
"10.1177/0037549714551291",1,1,1
"10.1371/journal.pone.0048426",1,1,1
"10.1080/17538947.2013.872703",1,1,1
"10.1016/j.neucom.2014.03.069",1,1,1
"10.3233/mgs-2005-1202",1,1,1
"10.1371/journal.pone.0171832",1,1,1
"10.1086/682674",1,1,1
"10.1016/j.cie.2016.11.008",1,1,1
"10.1177/0361198120927000",1,1,1
"10.1109/iiai-aai.2016.44",1,1,1
"10.1007/978-3-031-21131-7_46",1,1,1
"10.1080/09537287.2021.1979679",1,1,1
"10.1142/s0218127417502194",1,1,1
"10.1016/j.biosystems.2005.09.002",1,1,1
"10.1002/hfm.20504",1,1,1
"10.1007/s10922-006-9056-3",1,1,1
"10.1177/1687814017696655",1,1,1
"10.1016/j.automatica.2008.01.004",1,1,1
"10.3390/jrfm13040071",1,1,1
"10.1109/jiot.2022.3151134",1,1,1
"10.1016/j.trpro.2015.03.019",1,1,1
"10.1016/j.idm.2021.11.004",1,1,1
"10.3141/1894-22",1,1,1
"10.1080/00207179.2012.713986",1,1,1
"10.1109/tnse.2020.3019195",1,1,1
"10.1016/j.biosystems.2016.07.008",1,1,1
"10.1007/s10452-011-9384-6",1,1,1
"10.1038/22521",1,1,1
"10.1049/rpg2.12145",1,1,1
"10.1007/s41109-023-00559-2",1,1,1
"10.3389/fonc.2022.872765",1,1,1
"10.3390/su14063616",1,1,1
"10.1007/s12652-013-0197-4",1,1,1
"10.1002/psp.2551",1,1,1
"10.1136/bmjopen-2017-017353",1,1,1
"10.3414/me11-01-0099",1,1,1
"10.1016/j.biocontrol.2018.05.010",1,1,1
"10.1016/j.procs.2018.08.256",1,1,1
"10.1016/j.envsoft.2021.105016",1,1,1
"10.1016/j.ecolmodel.2006.10.018",1,1,1
"10.1016/j.anbehav.2021.06.033",1,1,1
"10.1007/s10479-012-1259-2",1,1,1
"10.1007/s00191-011-0232-6",1,1,1
"10.1016/j.energy.2022.126290",1,1,1
"10.1016/j.compag.2023.107926",1,1,1
"10.1186/1471-2407-11-92",1,1,1
"10.1155/2018/2730671",1,1,1
"10.1007/s13177-015-0120-9",1,1,1
"10.1177/0361198120919400",1,1,1
"10.1177/1687814017720882",1,1,1
"10.1186/s13584-016-0091-6",1,1,1
"10.1109/tsmca.2008.918619",1,1,1
"10.1075/is.10.1.03dic",1,1,1
"10.1177/0049124109334793",1,1,1
"10.1177/0037549717721754",1,1,1
"10.1007/s00198-019-05173-6",1,1,1
"10.1007/s10707-006-9831-z",1,1,1
"10.1371/journal.pone.0145885",1,1,1
"10.1007/0-387-23152-8_3",1,1,1
"10.1016/j.ecolmodel.2019.02.008",1,1,1
"10.1371/journal.pone.0207674",1,1,1
"10.1109/tac.2015.2457112",1,1,1
"10.1016/j.mbs.2019.108218",1,1,1
"10.1016/j.apgeog.2013.01.003",1,1,1
"10.1007/s11403-020-00287-1",1,1,1
"10.1109/tii.2018.2823321",1,1,1
"10.1016/j.ecoinf.2015.04.001",1,1,1
"10.1007/s11071-014-1379-0",1,1,1
"10.1371/journal.pone.0054584",1,1,1
"10.1016/j.eclinm.2022.101555",1,1,1
"10.1002/ijc.29364",1,1,1
"10.1111/ele.13432",1,1,1
"10.1007/978-3-319-47253-9_41",1,1,1
"10.1007/s10144-008-0081-9",1,1,1
"10.1093/plankt/fbm094",1,1,1
"10.1109/access.2022.3223360",1,1,1
"10.18564/jasss.4633",1,1,1
"10.1109/icsmc.2009.5345952",1,1,1
"10.2507/ijsimm11(4)1.193",1,1,1
"10.1109/tcss.2022.3219036",1,1,1
"10.1007/s12555-019-0395-8",1,1,1
"10.1016/j.ijepes.2019.04.023",1,1,1
"10.1016/j.ecolmodel.2013.03.014",1,1,1
"10.1007/978-3-319-92537-0_78",1,1,1
"10.1016/j.neucom.2017.08.061",1,1,1
"10.1007/s00191-015-0418-4",1,1,1
"10.1093/jnci/djab072",1,1,1
"10.1080/00207540500521071",1,1,1
"10.1080/21680566.2022.2040063",1,1,1
"10.2478/s13537-012-0004-x",1,1,1
"10.1162/108819806775545376",1,1,1
"10.1016/j.jfranklin.2018.01.043",1,1,1
"10.1016/j.ecolmodel.2017.09.006",1,1,1
"10.1007/s10742-021-00246-8",1,1,1
"10.1109/globecom48099.2022.10001584",1,1,1
"10.1109/tcns.2018.2796301",1,1,1
"10.1186/s12916-020-01729-0",1,1,1
"10.1016/j.enbuild.2021.111429",1,1,1
"10.1890/es13-00376.1",1,1,1
"10.1007/s00521-010-0368-6",1,1,1
"10.1111/mice.12119",1,1,1
"10.1002/er.3768",1,1,1
"10.1088/1748-3190/ac6849",1,1,1
"10.3390/smartcities2030026",1,1,1
"10.1016/j.ijcrp.2021.200102",1,1,1
"10.1007/s10489-022-03821-9",1,1,1
"10.1093/beheco/ars010",1,1,1
"10.1007/s40273-019-00840-2",1,1,1
"10.1016/j.egyr.2021.08.186",1,1,1
"10.1080/1747423x.2018.1499828",1,1,1
"10.1504/ijcee.2019.100558",1,1,1
"10.1080/09593969.2017.1397046",1,1,1
"10.1002/cplx.21580",1,1,1
"10.1016/j.forpol.2018.07.005",1,1,1
"10.1108/tpm-11-2012-0036",1,1,1
"10.1371/journal.pone.0117856",1,1,1
"10.1016/j.jocs.2016.09.009",1,1,1
"10.1016/j.ufug.2023.127981",1,1,1
"10.1109/tac.2022.3157791",1,1,1
"10.1177/10911421221125598",1,1,1
"10.1016/j.jksuci.2023.101580",1,1,1
"10.1016/j.neucom.2017.11.001",1,1,1
"10.1109/ems.2009.40",1,1,1
"10.1016/j.energy.2016.05.127",1,1,1
"10.1007/s12555-022-0261-y",1,1,1
"10.1016/j.econmod.2017.02.005",1,1,1
"10.1002/cpt.2728",1,1,1
"10.1007/s11036-022-01987-7",1,1,1
"10.1016/j.actbio.2015.09.011",1,1,1
"10.1016/j.jval.2021.11.1363",1,1,1
"10.1016/j.future.2019.04.051",1,1,1
"10.1155/2016/4189206",1,1,1
"10.1016/j.jag.2018.02.012",1,1,1
"10.1016/j.arcontrol.2009.03.005",1,1,1
"10.1016/j.mex.2022.101673",1,1,1
"10.1109/fbie.2009.5405803",1,1,1
"10.1016/j.eswa.2014.11.013",1,1,1
"10.1016/j.ecolmodel.2004.04.038",1,1,1
"10.1109/cec.2008.4631244",1,1,1
"10.1049/cit2.12120",1,1,1
"10.1016/j.ijtst.2021.03.009",1,1,1
"10.1080/03081070802367366",1,1,1
"10.1016/j.procs.2017.01.168",1,1,1
"10.1016/j.ins.2003.03.024",1,1,1
"10.1080/13658816.2010.496370",1,1,1
"10.1007/978-3-319-60240-0_7",1,1,1
"10.1109/icalt.2003.1215038",1,1,1
"10.1016/j.jclepro.2017.05.128",1,1,1
"10.1016/j.enbuild.2020.109900",1,1,1
"10.3389/frobt.2022.865414",1,1,1
"10.1111/1365-2435.13735",1,1,1
"10.1016/j.engappai.2008.04.002",1,1,1
"10.1109/ihmsc.2009.41",1,1,1
"10.1016/j.eswa.2013.07.081",1,1,1
"10.1016/j.dss.2018.09.005",1,1,1
"10.1073/pnas.1917763117",1,1,1
"10.1080/00207179.2011.631149",1,1,1
"10.1137/15m1046174",1,1,1
"10.1007/s12555-020-0722-0",1,1,1
"10.1128/msystems.00018-20",1,1,1
"10.1080/00045608.2014.892342",1,1,1
"10.1038/s41598-023-37980-7",1,1,1
"10.3390/app9245448",1,1,1
"10.1007/s13369-014-0973-2",1,1,1
"10.1016/j.automatica.2017.07.011",1,1,1
"10.1890/13-1275.1",1,1,1
"10.1061/(asce)ae.1943-5568.0000223",1,1,1
"10.1023/b:apin.0000013334.33853.0c",1,1,1
"10.2316/journal.206.2013.2.206-3539",1,1,1
"10.1016/j.inffus.2009.12.003",1,1,1
"10.1145/2618168.2618178",1,1,1
"10.1016/j.automatica.2021.110104",1,1,1
"10.1007/s12555-019-0446-1",1,1,1
"10.1177/03611981221107630",1,1,1
"10.1093/czoolo/61.1.98",1,1,1
"10.1111/j.1475-5661.2012.00532.x",1,1,1
"10.15388/infedu.2014.02",1,1,1
"10.3389/fbuil.2019.00080",1,1,1
"10.1061/(asce)te.1943-5436.0000473",1,1,1
"10.1007/978-3-319-64798-2_17",1,1,1
"10.1016/j.ecolmodel.2018.10.019",1,1,1
"10.1097/j.pain.0000000000001718",1,1,1
"10.1111/j.1728-4465.1999.00169.x",1,1,1
"10.1007/978-3-319-70694-8_11",1,1,1
"10.1007/s40313-020-00593-w",1,1,1
"10.1038/s41598-020-78780-7",1,1,1
"10.1109/access.2018.2825954",1,1,1
"10.1016/j.jhydrol.2020.125313",1,1,1
"10.3390/en13205517",1,1,1
"10.3389/fbioe.2021.641794",1,1,1
"10.1002/rnc.4680",1,1,1
"10.1109/tie.2013.2275976",1,1,1
"10.1002/rnc.3706",1,1,1
"10.2308/accr.2009.84.6.1805",1,1,1
"10.1080/23311886.2022.2116814",1,1,1
"10.1016/j.agsy.2018.06.016",1,1,1
"10.3389/fmicb.2022.915095",1,1,1
"10.3141/2594-18",1,1,1
"10.1016/j.ifacol.2021.06.050",1,1,1
"10.18564/jasss.3855",1,1,1
"10.1038/s41598-022-20234-3",1,1,1
"10.1177/1091142113517925",1,1,1
"10.1016/j.isatra.2018.07.029",1,1,1
"10.1007/s13235-023-00508-9",1,1,1
"10.1038/s41598-023-28659-0",1,1,1
"10.1007/978-3-319-99608-0_60",1,1,1
"10.1007/s10663-013-9223-1",1,1,1
"10.1007/s12065-011-0052-5",1,1,1
"10.1007/978-3-319-25524-8_10",1,1,1
"10.1088/1742-5468/aa933a",1,1,1
"10.3389/fams.2021.689934",1,1,1
"10.1016/j.envsoft.2008.02.005",1,1,1
"10.1016/j.bspc.2022.103734",1,1,1
"10.1016/j.asej.2020.10.021",1,1,1
"10.1007/s00198-018-04821-7",1,1,1
"10.1093/infdis/jiz288",1,1,1
"10.1080/03081060.2013.779473",1,1,1
"10.1016/j.eswa.2023.119672",1,1,1
"10.1098/rsif.2020.0667",1,1,1
"10.1016/j.prevetmed.2004.12.002",1,1,1
"10.1371/journal.pone.0125841",1,1,1
"10.1093/applin/aml033",1,1,1
"10.1016/j.ijepes.2022.108260",1,1,1
"10.1007/978-3-319-39387-2_12",1,1,1
"10.1016/s0304-3800(98)00065-9",1,1,1
"10.1109/tnse.2022.3151380",1,1,1
"10.3233/kes-2010-0206",1,1,1
"10.1002/rnc.3582",1,1,1
"10.3390/wevj13030044",1,1,1
"10.1016/j.rser.2007.06.004",2,0,0
"10.1371/journal.pmed.0050200",1,1,1
"10.1109/iscsct.2008.131",1,1,1
"10.1016/j.jenvman.2022.116849",1,1,1
"10.1097/qad.0000000000001653",1,1,1
"10.3233/mgs-130205",1,1,1
"10.1371/journal.pone.0283517",1,1,1
"10.1109/synasc.2013.23",1,1,1
"10.1108/ijicc-02-2017-0010",1,1,1
"10.1016/j.aap.2021.106288",1,1,1
"10.1027/1016-9040/a000257",1,1,1
"10.1145/3447548.3467229",1,1,1
"10.1016/j.egypro.2017.07.280",1,1,1
"10.1016/j.ifacol.2020.12.269",1,1,1
"10.1504/ijcat.2011.041654",1,1,1
"10.1016/j.ecolmodel.2015.07.015",1,1,1
"10.3389/fpsyg.2022.970789",1,1,1
"10.1097/olq.0000000000001766",1,1,1
"10.18564/jasss.2336",1,1,1
"10.1016/j.jfranklin.2017.12.026",1,1,1
"10.1016/j.dcan.2021.07.010",1,1,1
"10.1016/j.soard.2017.03.025",1,1,1
"10.1017/s0269888903000560",1,1,1
"10.3389/fenvs.2023.1139565",1,1,1
"10.1109/ests.2007.372123",1,1,1
"10.3389/fevo.2023.1122682",1,1,1
"10.1049/iet-cta.2018.6133",1,1,1
"10.1111/coin.12418",1,1,1
"10.1007/978-3-319-19728-9_1",1,1,1
"10.1016/s2214-109x(21)00585-4",1,1,1
"10.1016/j.simpat.2017.12.005",1,1,1
"10.5038/2375-0901.16.4.6",1,1,1
"10.1080/00207179.2016.1200748",1,1,1
"10.1007/s10144-004-0192-x",1,1,1
"10.1016/j.jtbi.2007.08.011",1,1,1
"10.3390/su141912817",1,1,1
"10.1001/jamanetworkopen.2020.28620",1,1,1
"10.1111/codi.15724",1,1,1
"10.1161/jaha.121.022735",1,1,1
"10.1007/978-3-319-15159-5_22",1,1,1
"10.3390/en81212430",1,1,1
"10.1002/hep.20484",1,1,1
"10.1016/j.compenvurbsys.2019.01.002",1,1,1
"10.1108/aeat-12-2012-0236",1,1,1
"10.1016/j.neucom.2017.02.031",1,1,1
"10.1093/icb/icab159",1,1,1
"10.1016/j.techfore.2016.01.019",1,1,1
"10.1016/j.eneco.2015.08.017",1,1,1
"10.1016/j.compenvurbsys.2011.11.005",1,1,1
"10.1016/j.neucom.2019.12.067",1,1,1
"10.1007/s10682-015-9758-7",1,1,1
"10.1007/s11229-018-01985-x",1,1,1
"10.1016/j.asoc.2012.07.017",1,1,1
"10.1016/j.asoc.2016.09.038",1,1,1
"10.31577/cai_2022_2_479",1,1,1
"10.3390/sym12040627",1,1,1
"10.1109/tcns.2021.3106452",1,1,1
"10.1016/j.scitotenv.2014.09.004",1,1,1
"10.1111/exd.14698",1,1,1
"10.1023/a:1023399017816",1,1,1
"10.1053/j.ajkd.2007.05.019",1,1,1
"10.1016/j.eswa.2022.117665",1,1,1
"10.1093/jncics/pkab081",1,1,1
"10.1080/03081060.2020.1805544",1,1,1
"10.1057/jos.2014.42",1,1,1
"10.1049/iet-cta.2013.0062",1,1,1
"10.1016/j.infsof.2017.11.013",1,1,1
"10.1139/l11-085",1,1,1
"10.1016/j.epidem.2019.100348",1,1,1
"10.1016/j.ecolmodel.2018.08.010",1,1,1
"10.1093/jjco/hyab195",1,1,1
"10.1111/1365-2656.13176",1,1,1
"10.1007/s40808-015-0005-6",1,1,1
"10.1371/journal.pone.0104034",1,1,1
"10.3390/math10162832",1,1,1
"10.1136/bmjopen-2020-037629",1,1,1
"10.1016/j.spc.2022.05.017",1,1,1
"10.3389/fphys.2021.662845",1,1,1
"10.1086/706259",1,1,1
"10.1016/j.epsr.2019.105976",1,1,1
"10.1016/j.automatica.2019.108637",1,1,1
"10.1017/bca.2022.15",1,1,1
"10.1016/j.enconman.2015.04.003",1,1,1
"10.1016/j.eswa.2005.01.008",1,1,1
"10.3390/en13112771",1,1,1
"10.1038/s41598-022-25020-9",1,1,1
"10.1016/j.ecolmodel.2011.03.038",1,1,1
"10.1016/j.procs.2014.05.436",1,1,1
"10.1007/s11235-011-9512-6",1,1,1
"10.1080/14697688.2021.1970212",1,1,1
"10.1186/s12885-018-4362-1",1,1,1
"10.1046/j.1365-2664.2002.00728.x",1,1,1
"10.1109/synasc.2009.46",1,1,1
"10.3390/s7081359",1,1,1
"10.1016/j.jtbi.2019.05.021",1,1,1
"10.1016/j.ejor.2019.09.039",1,1,1
"10.1007/s12008-017-0404-1",1,1,1
"10.1016/s0040-5809(03)00086-8",1,1,1
"10.1080/088395198117794",1,1,1
"10.1016/j.jretconser.2021.102821",1,1,1
"10.1002/etc.4407",1,1,1
"10.1111/j.1467-8276.2009.01299.x",1,1,1
"10.1371/journal.pone.0188269",1,1,1
"10.1016/j.aquatox.2015.03.019",1,1,1
"10.1016/j.cja.2020.03.014",1,1,1
"10.1109/tsg.2016.2602541",1,1,1
"10.1890/02-5325",1,1,1
"10.1080/17445760.2016.1156108",1,1,1
"10.1016/j.ins.2022.10.131",1,1,1
"10.1146/annurev.publhealth.012809.103542",1,1,1
"10.3390/jtaer17040070",1,1,1
"10.1016/j.mex.2020.100920",1,1,1
"10.1371/journal.pcbi.1009417",1,1,1
"10.1109/jsen.2021.3121528",1,1,1
"10.1007/s10588-022-09359-y",1,1,1
"10.1007/s11069-020-04205-3",1,1,1
"10.1186/s12911-017-0458-9",1,1,1
"10.1111/rec.12395",1,1,1
"10.5194/isprs-annals-iv-4-207-2018",1,1,1
"10.1109/lra.2021.3067253",1,1,1
"10.1016/j.csi.2015.08.012",1,1,1
"10.1016/j.jeoa.2023.100455",1,1,1
"10.1080/19427867.2020.1815144",1,1,1
"10.1137/120895408",1,1,1
"10.1016/j.envsoft.2016.09.013",1,1,1
"10.1016/j.aej.2021.05.005",1,1,1
"10.1371/journal.pone.0176808",1,1,1
"10.1016/j.econmod.2017.04.019",1,1,1
"10.1007/978-3-319-17130-2_4",1,1,1
"10.1016/j.ecolmodel.2021.109568",1,1,1
"10.1371/journal.pone.0286127",1,1,1
"10.1016/j.ifacol.2017.08.1092",1,1,1
"10.1002/mma.5677",1,1,1
"10.3390/jmse10101442",1,1,1
"10.3905/jpm.2021.1.326",1,1,1
"10.2989/1814232x.2013.796893",1,1,1
"10.1080/0951192x.2019.1571239",1,1,1
"10.36253/bae-9932",1,1,1
"10.3354/meps06980",1,1,1
"10.1016/j.ifacol.2020.06.081",1,1,1
"10.2166/wst.2004.0833",1,1,1
"10.1016/j.epidem.2008.10.002",1,1,1
"10.1016/j.jocs.2015.04.011",1,1,1
"10.1016/j.envsci.2020.05.006",1,1,1
"10.1111/ecog.04039",1,1,1
"10.18564/jasss.2893",1,1,1
"10.1186/s12862-017-0889-z",1,1,1
"10.1016/j.jmsy.2018.09.004",1,1,1
"10.3141/2192-08",1,1,1
"10.1371/journal.pone.0243173",1,1,1
"10.1007/s00248-014-0434-1",1,1,1
"10.1080/13675567.2014.894183",1,1,1
"10.1016/j.ecolmodel.2015.09.004",1,1,1
"10.1007/s10489-016-0795-x",1,1,1
"10.1016/j.jhg.2010.03.006",1,1,1
"10.1109/tcns.2021.3050330",1,1,1
"10.1109/lcsys.2021.3122544",1,1,1
"10.1007/s10113-014-0628-6",1,1,1
"10.4289/0013-8797-112.1.61",1,1,1
"10.1186/s12916-018-1094-7",1,1,1
"10.1016/j.procir.2017.03.107",1,1,1
"10.1007/978-3-031-08757-8_27",1,1,1
"10.1080/00207543.2010.522304",1,1,1
"10.1109/tii.2020.2963910",1,1,1
"10.1080/13658816.2019.1658875",1,1,1
"10.1007/s10530-015-1010-4",1,1,1
"10.1061/(asce)0733-947x(2006)132:8(629)",1,1,1
"10.1016/j.amepre.2022.07.005",1,1,1
"10.1057/jos.2011.10",1,1,1
"10.1287/mnsc.47.8.1029.10228",1,1,1
"10.1371/journal.pcbi.1000873",1,1,1
"10.3141/2564-03",1,1,1
"10.1890/08-0082.1",1,1,1
"10.1016/s0020-0255(00)00033-5",1,1,1
"10.3390/math11051267",1,1,1
"10.1016/j.cgh.2017.02.017",1,1,1
"10.1109/access.2021.3090783",1,1,1
"10.1111/j.0824-7935.2004.00256.x",1,1,1
"10.1029/2021wr031352",1,1,1
"10.1109/cac51589.2020.9327437",1,1,1
"10.1016/j.ecolmodel.2005.01.016",1,1,1
"10.1016/j.automatica.2020.109164",1,1,1
"10.1007/s12652-016-0434-8",1,1,1
"10.1111/j.1365-2745.2007.01309.x",1,1,1
"10.1016/j.ecoinf.2017.12.004",1,1,1
"10.1057/jos.2011.19",1,1,1
"10.1109/aiccsa.2009.5069398",1,1,1
"10.1177/0037549719898762",1,1,1
"10.1093/jnci/58.5.1515",1,1,1
"10.1089/pop.2021.0260",1,1,1
"10.1016/j.procs.2020.03.154",1,1,1
"10.1371/journal.pone.0079300",1,1,1
"10.18564/jasss.2550",1,1,1
"10.1016/j.cor.2015.12.005",1,1,1
"10.1371/journal.pone.0250718",1,1,1
"10.3390/en16031514",1,1,1
"10.7166/31-3-2425",1,1,1
"10.1016/j.compenvurbsys.2011.01.002",1,1,1
"10.1007/978-3-319-62410-5_37",1,1,1
"10.1007/s10015-008-0543-3",1,1,1
"10.1109/tsmc.2023.3257297",1,1,1
"10.1109/mis.2009.40",1,1,1
"10.3233/ais-2012-0147",1,1,1
"10.1016/j.apor.2021.102659",1,1,1
"10.1016/j.quascirev.2019.105867",1,1,1
"10.1016/j.envsoft.2020.104831",1,1,1
"10.1155/2017/1967645",1,1,1
"10.1007/978-3-319-47253-9_1",1,1,1
"10.1109/tpwrs.2009.2016464",1,1,1
"10.1007/s12544-016-0214-8",1,1,1
"10.1080/00207721.2013.822610",1,1,1
"10.1007/s10845-017-1345-z",1,1,1
"10.1016/j.eswa.2016.03.039",1,1,1
"10.1111/gcb.14977",1,1,1
"10.1542/peds.2015-2256",1,1,1
"10.1093/beheco/arh149",1,1,1
"10.1109/lra.2021.3095032",1,1,1
"10.1007/978-94-007-5583-3_30",2,0,0
"10.1016/j.cirp.2020.04.005",1,1,1
"10.36253/bae-13289",1,1,1
"10.1007/978-3-319-25210-0_4",1,1,1
"10.1080/00207540701769966",1,1,1
"10.1109/bife.2013.22",1,1,1
"10.1016/j.trpro.2016.06.039",1,1,1
"10.1371/journal.pone.0078698",1,1,1
"10.1186/s12911-022-02034-x",1,1,1
"10.1016/j.ifacol.2020.12.2166",1,1,1
"10.1002/ece3.4892",1,1,1
"10.1016/s2214-109x(21)00034-6",1,1,1
"10.3141/2493-03",1,1,1
"10.1890/09-2022.1",1,1,1
"10.1016/j.landurbplan.2020.103961",1,1,1
"10.1109/jisic.2014.57",1,1,1
"10.1109/tits.2018.2812601",1,1,1
"10.1093/ofid/ofac274",1,1,1
"10.3390/robotics2030149",1,1,1
"10.1049/iet-its.2009.0070",1,1,1
"10.1093/jigpal/jzp071",1,1,1
"10.1016/j.physa.2020.124293",1,1,1
"10.7717/peerj-cs.1419",1,1,1
"10.1109/igarss.2009.5418118",1,1,1
"10.1016/j.compind.2016.09.005",1,1,1
"10.1109/tkde.2008.117",1,1,1
"10.1109/tie.2012.2236996",1,1,1
"10.1136/bmjopen-2022-065937",1,1,1
"10.1007/s11036-017-0899-5",1,1,1
"10.1145/2875441",1,1,1
"10.1109/tpwrs.2002.805023",1,1,1
"10.1137/100791671",1,1,1
"10.1016/j.jue.2010.08.005",1,1,1
"10.1080/23322039.2023.2242171",1,1,1
"10.3141/2254-04",1,1,1
"10.1016/j.future.2007.07.014",1,1,1
"10.1177/0272989x16636851",1,1,1
"10.1155/2021/9948156",1,1,1
"10.14736/kyb-2021-2-0256",1,1,1
"10.1109/tcss.2020.3019352",1,1,1
"10.3390/su12072805",1,1,1
"10.3354/meps335001",1,1,1
"10.1049/iet-gtd.2013.0118",1,1,1
"10.1111/nrm.12056",1,1,1
"10.1007/978-3-319-62410-5_18",1,1,1
"10.2507/ijsimm15(3)5.346",1,1,1
"10.1109/tcyb.2015.2514119",1,1,1
"10.1016/j.landusepol.2016.09.006",1,1,1
"10.1109/tcyb.2019.2957574",1,1,1
"10.1109/access.2021.3112196",1,1,1
"10.1002/asjc.533",1,1,1
"10.3233/mgs-2007-3108",1,1,1
"10.1016/j.comcom.2010.06.009",1,1,1
"10.1016/s1470-2045(20)30751-8",1,1,1
"10.1016/j.patrec.2005.07.021",1,1,1
"10.1007/s10439-020-02566-1",1,1,1
"10.1029/2011wr010399",1,1,1
"10.1016/j.eswa.2011.05.013",1,1,1
"10.3390/s20164546",1,1,1
"10.1155/2017/6357415",1,1,1
"10.1007/s13748-020-00213-3",1,1,1
"10.1007/s10533-005-6895-z",1,1,1
"10.1109/move.2007.4300819",1,1,1
"10.1016/j.ecolmodel.2016.09.018",1,1,1
"10.1007/978-3-319-46433-6_12",1,1,1
"10.1080/00045608.2011.595658",1,1,1
"10.1080/00128775.2019.1671201",1,1,1
"10.1007/s11403-010-0070-x",1,1,1
"10.1016/j.jtbi.2009.03.014",1,1,1
"10.1016/j.automatica.2009.09.002",1,1,1
"10.1007/s10015-022-00764-9",1,1,1
"10.1016/j.automatica.2015.05.018",1,1,1
"10.1007/s00371-020-02013-1",1,1,1
"10.1016/j.agsy.2010.12.007",1,1,1
"10.1111/fog.12052",1,1,1
"10.1111/j.1365-2753.2008.01096.x",1,1,1
"10.1145/3145574.3145584",1,1,1
"10.1109/nems.2007.351999",1,1,1
"10.1049/iet-cta.2019.0865",1,1,1
"10.1016/s0304-3800(03)00173-x",1,1,1
"10.1007/978-3-319-26520-9_23",1,1,1
"10.1002/psp.1942",1,1,1
"10.1186/2110-5820-2-18",1,1,1
"10.1109/tpel.2016.2569597",1,1,1
"10.1186/s12879-022-07180-1",1,1,1
"10.18564/jasss.4133",1,1,1
"10.4000/rga.2733",1,1,1
"10.1049/iet-cta.2016.0107",1,1,1
"10.1016/j.cjca.2017.10.004",1,1,1
"10.2202/1553-779x.1034",1,1,1
"10.1016/j.jshs.2020.05.006",1,1,1
"10.1080/21693277.2021.1963346",1,1,1
"10.1007/978-3-319-60240-0_40",1,1,1
"10.1136/tobaccocontrol-2017-053860",1,1,1
"10.1016/j.dib.2020.105148",1,1,1
"10.1109/tnnls.2020.2996209",1,1,1
"10.18564/jasss.2851",1,1,1
"10.1371/journal.pmed.1002472",1,1,1
"10.1016/j.automatica.2015.05.006",1,1,1
"10.1016/j.econmod.2023.106225",1,1,1
"10.1377/hlthaff.2012.0147",1,1,1
"10.1080/00207721.2020.1808110",1,1,1
"10.3969/j.issn.1004-4132.2011.06.016",1,1,1
"10.1080/00222500500544052",1,1,1
"10.1109/tnnls.2021.3051017",1,1,1
"10.1371/journal.pone.0234709",1,1,1
"10.1109/tcyb.2014.2357838",1,1,1
"10.1016/j.jtcvs.2014.03.031",1,1,1
"10.1002/rnc.5228",1,1,1
"10.1016/j.jmgm.2020.107576",1,1,1
"10.1109/sitis.2013.151",1,1,1
"10.1109/lcsys.2022.3150662",1,1,1
"10.1093/aob/mcac074",1,1,1
"10.1109/hpcc.2012.166",1,1,1
"10.1371/journal.pone.0044501",1,1,1
"10.1016/j.scs.2015.07.006",1,1,1
"10.1142/s0219525905000361",1,1,1
"10.1016/j.cie.2018.02.014",1,1,1
"10.3141/2278-10",1,1,1
"10.1093/cid/ciaa072",1,1,1
"10.1073/pnas.1212149110",1,1,1
"10.1016/j.ecolmodel.2020.109386",1,1,1
"10.3141/2628-07",1,1,1
"10.1177/1063293x09105329",1,1,1
"10.1007/s12555-014-0061-0",1,1,1
"10.1016/j.jaa.2020.101239",1,1,1
"10.1109/tcyb.2019.2910614",1,1,1
"10.1053/j.gastro.2023.01.027",1,1,1
"10.1007/s10797-019-09580-7",1,1,1
"10.1016/j.healthplace.2011.08.010",1,1,1
"10.1007/s10845-008-0154-9",1,1,1
"10.1007/978-3-319-61313-0_9",1,1,1
"10.1016/j.healthpol.2010.01.014",1,1,1
"10.1145/2036264.2036274",1,1,1
"10.1007/s00170-006-0892-9",1,1,1
"10.1016/j.ecolmodel.2016.11.007",1,1,1
"10.1155/2013/153241",1,1,1
"10.1155/2018/5269542",1,1,1
"10.3233/jifs-179345",1,1,1
"10.4018/jehmc.2011100105",1,1,1
"10.1038/s41598-021-94960-5",1,1,1
"10.1016/j.fishres.2023.106625",1,1,1
"10.1109/access.2022.3218653",1,1,1
"10.1007/s11116-023-10383-3",1,1,1
"10.21314/jcf.2018.346",1,1,1
"10.1016/j.amc.2022.127770",1,1,1
"10.1080/19427867.2017.1286772",1,1,1
"10.1016/j.jfranklin.2015.01.034",1,1,1
"10.1371/journal.pone.0139505",1,1,1
"10.3390/w10050622",1,1,1
"10.1007/978-3-319-02309-0_42",1,1,1
"10.1080/13504851.2020.1854430",1,1,1
"10.1613/jair.5565",1,1,1
"10.1111/j.1538-4632.2006.00695.x",1,1,1
"10.1109/tac.2017.2678920",1,1,1
"10.1049/esi2.12095",1,1,1
"10.1016/j.cie.2016.11.036",1,1,1
"10.1186/s12916-019-1384-8",1,1,1
"10.1007/978-3-031-21047-1_36",1,1,1
"10.1111/oik.06743",1,1,1
"10.1016/j.automatica.2020.109465",1,1,1
"10.1016/j.jclepro.2020.120270",1,1,1
"10.4018/jkm.2009010102",1,1,1
"10.1016/j.asoc.2012.03.005",1,1,1
"10.1080/09511921003665775",1,1,1
"10.1109/icais.2002.1048119",1,1,1
"10.1001/jamanetworkopen.2021.48172",1,1,1
"10.5194/hess-23-3353-2019",1,1,1
"10.3389/fphys.2021.746300",1,1,1
"10.1016/j.enpol.2016.10.011",1,1,1
"10.1109/access.2023.3300037",2,0,0
"10.1016/j.ins.2016.09.007",1,1,1
"10.1371/journal.pone.0241549",1,1,1
"10.1142/s0218202517500105",1,1,1
"10.1109/tcst.2019.2956031",1,1,1
"10.5750/ijme.v165ia1.1172",1,1,1
"10.3390/healthcare8010056",1,1,1
"10.1016/s0304-3800(96)01943-6",1,1,1
"10.1016/j.arcontrol.2014.09.002",1,1,1
"10.3390/plants12071433",1,1,1
"10.1016/j.ifacol.2016.10.428",1,1,1
"10.1016/j.simpat.2005.10.006",1,1,1
"10.1515/fcds-2016-0012",1,1,1
"10.1016/j.automatica.2020.109444",1,1,1
"10.1016/j.engappai.2017.06.005",1,1,1
"10.1109/tcns.2015.2481119",1,1,1
"10.1007/s10257-015-0280-9",1,1,1
"10.5220/0007978303680375",1,1,1
"10.3390/e24010033",1,1,1
"10.1016/j.automatica.2020.109288",1,1,1
"10.1007/s11069-005-0263-0",1,1,1
"10.1007/s12652-011-0056-0",1,1,1
"10.1093/imamci/dnz035",1,1,1
"10.1049/iet-cta.2016.1150",1,1,1
"10.1016/s0736-5845(03)00062-0",1,1,1
"10.1007/s11269-021-02771-0",1,1,1
"10.1016/s0933-3657(03)00008-3",1,1,1
"10.1007/s11518-021-5494-4",1,1,1
"10.3390/su131810120",1,1,1
"10.1016/j.biocon.2010.07.004",1,1,1
"10.1111/jfpe.12314",1,1,1
"10.1097/sih.0000000000000622",1,1,1
"10.1016/j.heliyon.2021.e07840",1,1,1
"10.18564/jasss.3282",1,1,1
"10.1007/s10441-013-9176-6",1,1,1
"10.1007/s11538-014-0018-8",1,1,1
"10.1061/(asce)wr.1943-5452.0001620",1,1,1
"10.3390/app10155335",1,1,1
"10.1093/jnci/djad009",1,1,1
"10.1002/rnc.4518",1,1,1
"10.1086/659653",1,1,1
"10.1016/j.autcon.2022.104487",1,1,1
"10.1109/tsmca.2005.843385",1,1,1
"10.1086/422343",1,1,1
"10.1161/strokeaha.118.022596",1,1,1
"10.1017/s0263574712000239",1,1,1
"10.1108/10662241011050713",1,1,1
"10.1109/access.2021.3138586",1,1,1
"10.1016/j.baae.2010.08.002",1,1,1
"10.1002/1438-390x.1018",1,1,1
"10.1016/j.sysarc.2006.02.005",1,1,1
"10.1111/coep.12059",1,1,1
"10.1504/ijcat.2021.116014",1,1,1
"10.1007/s12555-017-0702-1",1,1,1
"10.1016/j.foreco.2010.10.036",1,1,1
"10.1007/978-3-319-45243-2_1",1,1,1
"10.1016/j.anbehav.2009.07.029",1,1,1
"10.3390/f11080846",1,1,1
"10.1080/146392399298384",1,1,1
"10.1007/s10980-021-01243-5",1,1,1
"10.1016/j.trc.2023.104053",1,1,1
"10.1016/j.physa.2014.10.026",1,1,1
"10.1016/j.ecolmodel.2016.08.008",1,1,1
"10.1109/access.2021.3059273",1,1,1
"10.1109/tpwrs.2014.2357079",1,1,1
"10.1080/0951192031000115705",1,1,1
"10.1016/j.procs.2015.08.354",1,1,1
"10.1007/s11424-014-1191-4",1,1,1
"10.1046/j.1365-2656.1999.00265.x",1,1,1
"10.1016/j.trf.2005.08.006",1,1,1
"10.1097/gme.0000000000001911",1,1,1
"10.1086/286212",1,1,1
"10.1016/j.techfore.2022.121672",1,1,1
"10.4028/www.scientific.net/amr.655-657.2392",1,1,1
"10.4018/ijiit.2019040104",1,1,1
"10.1016/j.ecolmodel.2020.109179",1,1,1
"10.1155/2017/7354642",1,1,1
"10.1177/1550147718805945",1,1,1
"10.1109/tcomm.2020.3044298",1,1,1
"10.1080/00207540802158283",1,1,1
"10.1002/rnc.3453",1,1,1
"10.1016/j.compenvurbsys.2008.08.003",1,1,1
"10.1007/s12555-018-0841-z",1,1,1
"10.1016/s0166-3615(97)00036-5",1,1,1
"10.18564/jasss.4589",1,1,1
"10.1080/21680566.2017.1336126",1,1,1
"10.1016/j.ecolmodel.2016.01.014",1,1,1
"10.1093/aje/kwu159",1,1,1
"10.1109/jiot.2022.3149038",1,1,1
"10.1007/978-3-642-19875-5_25",1,1,1
"10.1007/s13524-019-00810-5",1,1,1
"10.1080/17445760.2015.1044005",1,1,1
"10.1371/journal.pone.0079108",1,1,1
"10.1136/bmjopen-2019-032579",1,1,1
"10.1109/asonam.2009.35",1,1,1
"10.1016/j.envsoft.2015.10.005",1,1,1
"10.1177/0272989x231172169",1,1,1
"10.1007/978-3-319-60744-3_37",1,1,1
"10.1093/bjps/axy039",1,1,1
"10.1371/journal.pone.0056079",1,1,1
"10.1142/s2301385019400016",1,1,1
"10.1086/668008",1,1,1
"10.1109/iciea.2008.4582791",1,1,1
"10.23919/springsim.2019.8732869",2,0,0
"10.3390/a7020206",1,1,1
"10.1016/j.engappai.2018.12.001",1,1,1
"10.1093/gigascience/giz062",1,1,1
"10.1109/tac.2019.2915747",1,1,1
"10.1017/s0950268808001052",1,1,1
"10.1016/j.aap.2019.01.006",1,1,1
"10.3141/2099-14",1,1,1
"10.3233/fi-2010-280",1,1,1
"10.3390/su12114455",1,1,1
"10.3846/bjrbe.2016.27",1,1,1
"10.3390/s20123576",1,1,1
"10.3390/w10070863",1,1,1
"10.1111/j.1540-5907.2011.00536.x",1,1,1
"10.1142/s1793962313500050",1,1,1
"10.1155/2018/2782314",1,1,1
"10.1111/ppe.12621",1,1,1
"10.1016/j.neucom.2020.04.107",1,1,1
"10.1080/12265934.2011.626175",1,1,1
"10.1109/tcyb.2019.2895885",1,1,1
"10.3233/ifs-141219",1,1,1
"10.1016/j.isatra.2017.07.001",1,1,1
"10.1681/asn.2022030245",1,1,1
"10.1016/j.ecolmodel.2007.03.006",1,1,1
"10.1007/s10661-019-7701-z",1,1,1
"10.1007/s11071-014-1456-4",1,1,1
"10.1103/physreve.66.026113",1,1,1
"10.1007/s10071-020-01368-1",1,1,1
"10.1049/iet-cta.2016.1159",1,1,1
"10.1007/s11071-020-05734-z",1,1,1
"10.1007/s11071-015-2154-6",1,1,1
"10.3390/en81112369",1,1,1
"10.1016/j.jenvman.2022.115446",1,1,1
"10.1111/risa.13854",1,1,1
"10.1109/iiai-aai.2016.201",1,1,1
"10.1177/0958928710374375",1,1,1
"10.7326/m16-2586",1,1,1
"10.1038/s41598-020-62694-5",1,1,1
"10.1016/j.jtbi.2005.12.018",1,1,1
"10.1016/0950-5849(95)93487-y",1,1,1
"10.1109/tnnls.2022.3180054",1,1,1
"10.1016/j.jebo.2003.04.001",1,1,1
"10.1109/tsp52935.2021.9522673",1,1,1
"10.1123/jpah.10.3.309",1,1,1
"10.1371/journal.pone.0055550",1,1,1
"10.1016/j.jembe.2018.01.004",1,1,1
"10.1002/rnc.5255",1,1,1
"10.1080/03081060.2020.1735746",1,1,1
"10.1155/2014/370246",1,1,1
"10.1007/s10796-020-10074-9",1,1,1
"10.1007/s11538-016-0224-7",1,1,1
"10.3390/electronics12030636",1,1,1
"10.1016/j.jval.2017.01.002",1,1,1
"10.1080/13467581.2022.2153063",1,1,1
"10.1177/0049124120986199",1,1,1
"10.1007/s13524-012-0160-6",1,1,1
"10.1371/journal.pone.0190506",1,1,1
"10.1080/08839510902872256",1,1,1
"10.1007/s11403-020-00282-6",1,1,1
"10.1016/j.techfore.2014.10.010",1,1,1
"10.1002/ps.4648",1,1,1
"10.3141/2542-11",1,1,1
"10.1109/tnb.2022.3149960",1,1,1
"10.1016/j.simpat.2017.12.014",1,1,1
"10.1177/0037549705053166",1,1,1
"10.1016/j.compenvurbsys.2019.101347",1,1,1
"10.3328/tl.2012.04.01.15-27",1,1,1
"10.1158/1055-9965.epi-09-0954",1,1,1
"10.1177/1548512916677088",1,1,1
"10.6138/jit.2017.18.4.20150119",1,1,1
"10.1061/(asce)up.1943-5444.0000147",1,1,1
"10.18564/jasss.2768",1,1,1
"10.1155/2013/398938",1,1,1
"10.1109/tii.2012.2217971",1,1,1
"10.1007/s13177-011-0042-0",1,1,1
"10.1016/j.autcon.2017.01.001",1,1,1
"10.1109/dexa.2013.49",1,1,1
"10.3390/math9212645",1,1,1
"10.1061/(asce)cp.1943-5487.0000181",1,1,1
"10.1007/s10696-011-9080-9",1,1,1
"10.1038/s41598-021-90281-9",1,1,1
"10.1016/j.compbiomed.2013.01.018",1,1,1
"10.1016/j.sheji.2018.03.004",1,1,1
"10.1007/s10666-009-9209-3",1,1,1
"10.1007/s11538-018-0488-1",1,1,1
"10.1371/journal.pone.0135334",1,1,1
"10.1002/mcf2.10046",1,1,1
"10.1016/j.asej.2020.12.001",1,1,1
"10.1007/s11403-016-0174-z",1,1,1
"10.1109/wcica.2008.4594159",1,1,1
"10.1016/j.amc.2007.02.029",1,1,1
"10.1137/140982283",1,1,1
"10.1007/s10514-018-09827-y",1,1,1
"10.3390/su11071973",1,1,1
"10.1016/j.epidem.2016.12.001",1,1,1
"10.1016/j.resconrec.2021.105573",1,1,1
"10.1111/j.1558-5646.2009.00869.x",1,1,1
"10.1111/j.1757-1707.2011.01104.x",1,1,1
"10.3934/jimo.2022001",1,1,1
"10.1109/iiai-aai.2016.204",1,1,1
"10.3390/jmse10081055",1,1,1
"10.1504/ijisd.2011.043073",1,1,1
"10.3141/2003-05",1,1,1
"10.1109/tcyb.2016.2612482",1,1,1
"10.1093/beheco/arm042",1,1,1
"10.1007/s40999-017-0209-4",1,1,1
"10.1057/rpm.2011.45",1,1,1
"10.1016/j.jdiacomp.2020.107839",1,1,1
"10.3390/s18051633",1,1,1
"10.1002/cplx.21671",1,1,1
"10.18564/jasss.4130",1,1,1
"10.1016/j.ejcon.2019.06.011",1,1,1
"10.1016/s0301-4215(02)00005-8",1,1,1
"10.1016/j.etran.2021.100106",1,1,1
"10.1371/journal.pone.0164522",1,1,1
"10.2478/revecp-2022-0011",1,1,1
"10.1002/ecs2.1459",1,1,1
"10.1080/2153599x.2015.1063001",1,1,1
"10.3390/su12135295",1,1,1
"10.1109/tac.2016.2530048",1,1,1
"10.1016/j.tbs.2020.10.007",1,1,1
"10.1111/ecog.01041",1,1,1
"10.1111/coin.12085",1,1,1
"10.1186/s12885-021-09109-4",1,1,1
"10.1016/j.jnca.2019.06.013",1,1,1
"10.1109/tnnls.2016.2634548",1,1,1
"10.17323/2587-814x.2023.2.7.19",1,1,1
"10.1139/f05-049",1,1,1
"10.3109/21691401.2016.1146735",1,1,1
"10.1177/1091142106293457",1,1,1
"10.1016/j.ecolecon.2017.06.026",1,1,1
"10.1016/j.ins.2016.10.031",1,1,1
"10.3390/su142013599",1,1,1
"10.1371/journal.pone.0126208",1,1,1
"10.1016/j.compind.2015.01.009",1,1,1
"10.1097/j.pain.0000000000001788",1,1,1
"10.3390/f10090802",1,1,1
"10.1093/ofid/ofu030",1,1,1
"10.1007/978-3-319-46909-6_28",1,1,1
"10.7717/peerj.4814",1,1,1
"10.1080/19427867.2023.2203995",1,1,1
"10.1515/ijeeps-2020-0269",1,1,1
"10.3233/978-1-61499-672-9-1696",1,1,1
"10.1155/2014/689070",1,1,1
"10.1093/cesifo/ifw014",1,1,1
"10.1007/978-3-319-58943-5_25",1,1,1
"10.1016/j.jpubeco.2007.08.005",1,1,1
"10.1016/j.asoc.2021.107985",1,1,1
"10.1016/j.ifacol.2022.07.633",1,1,1
"10.4018/jisscm.2012070101",1,1,1
"10.3390/s120506282",1,1,1
"10.1016/j.scs.2023.104774",1,1,1
"10.1016/j.neucom.2014.03.024",1,1,1
"10.1016/s0167-9236(02)00103-3",1,1,1
"10.1016/j.vaccine.2018.01.047",1,1,1
"10.1002/ece3.8763",1,1,1
"10.1109/asc-icsc.2008.4675317",1,1,1
"10.1016/j.jse.2021.02.025",1,1,1
"10.1155/2010/987691",1,1,1
"10.1016/j.jobe.2022.104688",1,1,1
"10.1016/j.automatica.2022.110569",1,1,1
"10.1007/978-3-319-53480-0_85",1,1,1
"10.1007/s11235-015-0106-6",1,1,1
"10.34172/ijhpm.2021.62",1,1,1
"10.1137/110854072",1,1,1
"10.1088/1748-9326/abdc5b",1,1,1
"10.18564/jasss.2574",1,1,1
"10.1016/j.mbs.2021.108619",1,1,1
"10.1287/isre.2019.0876",1,1,1
"10.1007/s10797-018-9484-5",1,1,1
"10.3390/su13168810",1,1,1
"10.4018/ijamc.2020040107",1,1,1
"10.3390/su12104117",1,1,1
"10.1007/s11403-022-00353-w",1,1,1
"10.1016/j.artint.2007.10.015",1,1,1
"10.32604/iasc.2020.010135",1,1,1
"10.18564/jasss.1834",1,1,1
"10.1038/s41390-020-0844-3",1,1,1
"10.1061/(asce)te.1943-5436.0000087",1,1,1
"10.1080/13557858.2018.1442559",1,1,1
"10.1109/tmc.2003.1233526",1,1,1
"10.18564/jasss.3577",1,1,1
"10.1108/14637151211253747",1,1,1
"10.1111/j.1540-5885.2011.00790.x",1,1,1
"10.1007/s11538-007-9276-z",1,1,1
"10.1109/cdc51059.2022.9992687",1,1,1
"10.1162/artl_a_00129",1,1,1
"10.1007/s13042-023-01938-y",1,1,1
"10.1016/s2352-3018(18)30317-5",1,1,1
"10.1016/j.vaccine.2015.08.079",1,1,1
"10.1186/s12887-020-02037-5",1,1,1
"10.1093/ereh/heab020",1,1,1
"10.1109/tsg.2015.2422732",1,1,1
"10.1007/s10530-020-02197-6",1,1,1
"10.3390/s19194349",1,1,1
"10.1007/s00191-017-0504-x",1,1,1
"10.1007/s10479-021-04178-x",1,1,1
"10.1111/agec.12472",1,1,1
"10.1016/j.autcon.2022.104131",1,1,1
"10.1155/2014/492320",1,1,1
"10.1017/s0004972713000257",1,1,1
"10.2166/wp.2009.022",1,1,1
"10.3390/su142214879",1,1,1
"10.1109/lcsys.2022.3210044",1,1,1
"10.18564/jasss.4801",1,1,1
"10.1177/0272989x231184175",1,1,1
"10.1016/j.amc.2019.06.036",1,1,1
"10.1016/j.giq.2012.06.005",1,1,1
"10.1098/rsos.160214",1,1,1
"10.1016/s0031-3203(02)00255-8",1,1,1
"10.3934/nhm.2015.10.579",1,1,1
"10.2298/csis100119014o",1,1,1
"10.1016/j.compenvurbsys.2023.102022",1,1,1
"10.1016/j.aquatox.2007.12.009",1,1,1
"10.1016/j.envsoft.2018.05.001",1,1,1
"10.1080/19439962.2022.2069896",1,1,1
"10.1016/j.eswa.2009.09.018",1,1,1
"10.1016/j.segy.2021.100019",1,1,1
"10.1109/mt-its49943.2021.9529311",1,1,1
"10.1016/j.jenvman.2013.08.001",1,1,1
"10.1016/j.trpro.2016.06.027",1,1,1
"10.1109/tpwrs.2022.3217905",2,0,0
"10.1109/icsmc.2009.5345934",1,1,1
"10.1109/59.780905",1,1,1
"10.3233/978-1-61499-434-3-179",1,1,1
"10.1023/a:1025753309346",1,1,1
"10.3354/meps08643",1,1,1
"10.1109/cts.2006.70",1,1,1
"10.1007/s00338-007-0284-0",1,1,1
"10.1017/s1751731120000300",1,1,1
"10.1371/journal.pone.0264892",1,1,1
"10.1080/00207543.2010.518744",1,1,1
"10.1002/rnc.4046",1,1,1
"10.1080/00207179.2015.1065544",1,1,1
"10.1111/rego.12397",1,1,1
"10.3808/jei.201300239",1,1,1
"10.1185/03007995.2015.1102722",1,1,1
"10.1016/j.jcct.2019.06.008",1,1,1
"10.1002/rnc.5721",1,1,1
"10.1007/978-3-319-62410-5_14",1,1,1
"10.1016/j.cnsns.2023.107140",1,1,1
"10.1556/032.65.2015.s1.8",1,1,1
"10.1109/tac.2018.2852605",1,1,1
"10.21307/ijssis-2017-459",1,1,1
"10.1016/j.ecolmodel.2018.09.014",1,1,1
"10.1016/j.jhydrol.2022.128175",1,1,1
"10.1177/1049732303256886",1,1,1
"10.3390/math11132861",1,1,1
"10.1016/j.cie.2010.07.007",1,1,1
"10.1109/tcns.2022.3181549",1,1,1
"10.1109/icais.2002.1048114",1,1,1
"10.1109/cscs.2013.57",1,1,1
"10.1016/j.wear.2017.04.010",1,1,1
"10.1007/978-3-319-31204-0_39",1,1,1
"10.1016/j.irfa.2016.03.012",1,1,1
"10.1080/01969722.2020.1871230",1,1,1
"10.1016/j.aap.2021.106421",1,1,1
"10.1016/j.compind.2012.11.005",1,1,1
"10.1109/tii.2021.3059676",1,1,1
"10.18564/jasss.3212",1,1,1
"10.1109/lcsys.2019.2917822",1,1,1
"10.1037/apl0000056",1,1,1
"10.1080/21680566.2021.2004954",1,1,1
"10.21629/jsee.2017.04.15",1,1,1
"10.1177/0894439310370092",1,1,1
"10.1016/j.ecss.2021.107530",1,1,1
"10.1086/662668",1,1,1
"10.3389/fphys.2022.780917",1,1,1
"10.1185/030079907x188071",1,1,1
"10.1177/0894439313512464",1,1,1
"10.1080/01629778.2020.1728353",1,1,1
"10.1093/oxrep/grx051",1,1,1
"10.18564/jasss.2750",1,1,1
"10.1371/journal.pone.0110415",1,1,1
"10.1108/imds-07-2018-0279",1,1,1
"10.1371/journal.pone.0193493",1,1,1
"10.1016/j.erss.2020.101458",1,1,1
"10.3141/2249-09",1,1,1
"10.1016/j.lrp.2006.10.005",1,1,1
"10.3233/ifs-130797",1,1,1
"10.1098/rsos.210082",1,1,1
"10.3934/nhm.2022011",1,1,1
"10.1109/tnse.2020.3042752",1,1,1
"10.1016/j.automatica.2017.11.020",1,1,1
"10.1007/s11432-018-9581-y",1,1,1
"10.3389/fphy.2015.00025",1,1,1
"10.1016/j.artint.2012.08.005",1,1,1
"10.1155/2018/9213237",1,1,1
"10.1002/sim.2317",1,1,1
"10.1016/j.apenergy.2015.04.071",1,1,1
"10.1007/s11606-017-4177-9",1,1,1
"10.14309/ajg.0000000000000989",1,1,1
"10.1007/978-3-319-54472-4_6",1,1,1
"10.1109/mcse.2011.95",1,1,1
"10.1109/tii.2021.3106009",1,1,1
"10.1371/journal.pone.0018680",1,1,1
"10.1007/s11229-019-02465-6",1,1,1
"10.1109/tnnls.2019.2957069",1,1,1
"10.1016/j.eswa.2014.07.054",1,1,1
"10.1371/journal.pcbi.1002742",1,1,1
"10.1145/3507908",1,1,1
"10.1016/j.csda.2012.06.018",1,1,1
"10.1098/rsif.2021.0082",1,1,1
"10.1016/j.ifacol.2019.12.408",1,1,1
"10.1155/2020/2764576",1,1,1
"10.1016/j.ecolmodel.2017.12.002",1,1,1
"10.1080/00207179.2014.994039",1,1,1
"10.1016/j.ecolmodel.2023.110438",1,1,1
"10.1109/tsg.2018.2833108",1,1,1
"10.1016/j.jclepro.2020.125160",1,1,1
"10.1016/j.egypro.2019.01.988",1,1,1
"10.1007/s10708-012-9453-y",1,1,1
"10.1016/j.pocean.2008.10.004",1,1,1
"10.1093/beheco/arx141",1,1,1
"10.1016/j.jebo.2008.05.002",1,1,1
"10.1007/s11403-019-00268-z",1,1,1
"10.1016/j.isatra.2012.06.010",1,1,1
"10.1007/s10584-020-02802-6",1,1,1
"10.25088/complexsystems.28.2.197",1,1,1
"10.1016/j.eswa.2021.115954",1,1,1
"10.1109/tem.2012.2190986",1,1,1
"10.1007/s10458-009-9093-x",1,1,1
"10.1017/ice.2020.1308",1,1,1
"10.1016/j.cie.2012.06.018",1,1,1
"10.1016/j.apgeog.2012.12.010",1,1,1
"10.1007/s40815-020-00934-6",1,1,1
"10.1080/00207179.2019.1707286",1,1,1
"10.1016/j.neucom.2020.03.117",1,1,1
"10.1016/j.physa.2022.127969",1,1,1
"10.3233/ifs-141419",1,1,1
"10.3389/fmars.2020.00639",1,1,1
"10.1016/j.ijpara.2007.09.016",1,1,1
"10.3389/fenvs.2022.1025559",1,1,1
"10.1007/978-3-319-61833-3_20",1,1,1
"10.1007/978-3-319-51957-9_10",1,1,1
"10.1007/s10816-014-9233-8",1,1,1
"10.1016/j.apal.2005.12.003",1,1,1
"10.1111/ele.13592",1,1,1
"10.1115/1.4034159",1,1,1
"10.1007/s40258-016-0246-1",1,1,1
"10.1089/heq.2018.0090",1,1,1
"10.1109/iccima.2001.970456",1,1,1
"10.12968/jowc.2019.28.sup7.s24",1,1,1
"10.1016/j.ecolmodel.2016.09.013",1,1,1
"10.1177/1046878108319580",1,1,1
"10.1080/13873954.2012.761638",1,1,1
"10.3390/su13041859",1,1,1
"10.1628/001522112x659574",1,1,1
"10.1111/add.16024",1,1,1
"10.1186/1472-6947-11-55",1,1,1
"10.1109/tvt.2023.3248613",1,1,1
"10.3390/app9204208",1,1,1
"10.1016/j.envsoft.2010.03.012",1,1,1
"10.4204/eptcs.277.6",1,1,1
"10.1007/978-3-030-31908-3_23",1,1,1
"10.1002/rnc.5264",1,1,1
"10.1016/j.jsr.2020.11.002",1,1,1
"10.1142/s0218202523500185",1,1,1
"10.1016/j.eururo.2022.03.025",1,1,1
"10.1016/j.healthplace.2017.04.008",1,1,1
"10.1115/1.4033312",1,1,1
"10.1016/j.ausmj.2013.12.010",1,1,1
"10.1080/1747423x.2011.640357",1,1,1
"10.1023/a:1008867912869",1,1,1
"10.1016/j.ijrobp.2016.11.029",1,1,1
"10.1049/iet-its.2011.0158",1,1,1
"10.3233/mgs-2012-0193",1,1,1
"10.3389/fphy.2022.882904",1,1,1
"10.2514/1.c031690",1,1,1
"10.1115/detc2009-87225",2,0,0
"10.1556/comec.4.2003.1.1",1,1,1
"10.1515/comp-2022-0275",1,1,1
"10.1287/ijoc.1100.0386",1,1,1
"10.3389/fphys.2022.1070115",1,1,1
"10.1080/08839510290030273",1,1,1
"10.1016/j.ecolmodel.2006.10.002",1,1,1
"10.1080/1369118x.2017.1313293",1,1,1
"10.1111/faf.12669",1,1,1
"10.1520/stp11953s",1,1,1
"10.5220/0007392401940201",1,1,1
"10.1007/s11276-014-0793-z",1,1,1
"10.3141/2252-14",1,1,1
"10.1016/j.ijpe.2004.12.023",1,1,1
"10.1016/j.ejor.2022.07.003",1,1,1
"10.1016/j.asoc.2008.11.009",1,1,1
"10.1080/17474230600605202",1,1,1
"10.1137/19m1307998",1,1,1
"10.1007/s10015-011-0971-3",1,1,1
"10.1016/j.resconrec.2018.12.006",1,1,1
"10.3390/app10145013",1,1,1
"10.1016/j.compbiomed.2020.103827",1,1,1
"10.2478/ttj-2020-0024",1,1,1
"10.3390/su11020323",1,1,1
"10.1016/j.jtbi.2010.03.035",1,1,1
"10.1016/j.compenvurbsys.2018.01.008",1,1,1
"10.1088/1748-9326/ab6668",1,1,1
"10.1080/00393630.2020.1790264",1,1,1
"10.18564/jasss.4571",1,1,1
"10.1002/asjc.2719",1,1,1
"10.1063/1.5086222",1,1,1
"10.1186/s40294-019-0067-9",1,1,1
"10.1108/ijchm-01-2022-0106",1,1,1
"10.1016/j.ijid.2022.06.042",1,1,1
"10.1109/tcss.2023.3265020",1,1,1
"10.1002/ijc.31314",1,1,1
"10.1109/tie.2017.2677312",1,1,1
"10.1371/journal.pone.0249821",1,1,1
"10.1007/s10614-016-9615-y",1,1,1
"10.1016/j.amc.2021.126633",1,1,1
"10.3390/ijerph18073530",1,1,1
"10.1080/00324728.2013.774435",1,1,1
"10.1016/j.jfranklin.2020.10.040",1,1,1
"10.1016/s0096-3003(02)00375-2",1,1,1
"10.1103/physreve.98.062127",1,1,1
"10.1007/s11432-017-9146-1",1,1,1
"10.1016/j.cie.2016.04.011",1,1,1
"10.1109/iscbi.2014.32",1,1,1
"10.1007/s11276-013-0609-6",1,1,1
"10.1093/beheco/arw039",1,1,1
"10.1587/transcom.2017nrp0010",1,1,1
"10.1016/0272-7757(95)00020-k",1,1,1
"10.1007/s12061-012-9082-3",1,1,1
"10.3934/krm.2020022",1,1,1
"10.1021/acsnano.0c05530",1,1,1
"10.3390/app9071336",1,1,1
"10.1007/s10489-022-03986-3",1,1,1
"10.1007/s11432-016-0705-y",1,1,1
"10.18564/jasss.2169",1,1,1
"10.1016/j.ijcip.2010.05.001",1,1,1
"10.1016/j.ins.2018.02.021",1,1,1
"10.1007/s001680000032",1,1,1
"10.3389/fpsyg.2010.00235",1,1,1
"10.1016/j.compenvurbsys.2016.11.005",1,1,1
"10.3390/e16084583",1,1,1
"10.1088/1748-9326/ac8e89",1,1,1
"10.1109/jiot.2021.3097493",1,1,1
"10.1016/j.envsoft.2009.09.004",1,1,1
"10.1016/j.automatica.2018.04.002",1,1,1
"10.1016/j.techfore.2013.04.015",1,1,1
"10.1109/dexa.2009.93",1,1,1
"10.1007/978-3-319-19728-9_31",1,1,1
"10.1016/j.automatica.2016.07.007",1,1,1
"10.3390/en10122127",1,1,1
"10.1016/j.applanim.2013.05.012",1,1,1
"10.1016/j.trd.2022.103314",1,1,1
"10.1016/j.tust.2022.104482",1,1,1
"10.1080/19427867.2022.2122110",1,1,1
"10.1371/journal.pone.0049901",1,1,1
"10.1007/bf02695967",1,1,1
"10.1007/s11023-011-9259-6",1,1,1
"10.1142/s0219525921500090",1,1,1
"10.1109/tsc.2022.3190562",1,1,1
"10.1177/1548512916681867",1,1,1
"10.1098/rspb.2019.1020",1,1,1
"10.1080/01969720902922459",1,1,1
"10.1016/j.ecolmodel.2021.109742",1,1,1
"10.1145/3195863.3195866",1,1,1
"10.3390/en13195112",1,1,1
"10.1186/1687-1499-2013-261",2,0,0
"10.1080/00207721.2020.1820622",1,1,1
"10.3390/math11010170",1,1,1
"10.1002/jtr.2248",1,1,1
"10.18564/jasss.3899",1,1,1
"10.1177/0361198120941504",1,1,1
"10.2478/izajolp-2023-0002",1,1,1
"10.3389/fenvs.2016.00019",1,1,1
"10.1007/s10458-006-7232-1",1,1,1
"10.1016/j.scs.2023.104597",1,1,1
"10.3390/app122010343",1,1,1
"10.1007/s11071-015-2403-8",1,1,1
"10.1007/s10980-009-9353-9",1,1,1
"10.4414/smw.2012.13508",1,1,1
"10.1093/jopart/mut084",1,1,1
"10.3390/app13084808",1,1,1
"10.3390/su13095103",1,1,1
"10.1111/isj.12127",1,1,1
"10.1007/s10479-022-04926-7",1,1,1
"10.1109/jsyst.2019.2904933",1,1,1
"10.1109/lra.2020.3007420",1,1,1
"10.1007/s10015-021-00719-6",1,1,1
"10.1016/j.neucom.2022.02.074",1,1,1
"10.1016/j.asoc.2023.110550",1,1,1
"10.1016/j.segan.2020.100368",1,1,1
"10.1016/j.jocs.2018.12.007",1,1,1
"10.3390/ijgi10110790",1,1,1
"10.1109/wsc.2010.5678921",1,1,1
"10.1007/s10614-020-09987-z",1,1,1
"10.1080/01969720903408805",1,1,1
"10.1080/01441647.2015.1030004",1,1,1
"10.1002/ece3.3590",1,1,1
"10.1051/animres:19980505",1,1,1
"10.1016/j.ifacol.2021.08.097",1,1,1
"10.1016/j.ins.2016.06.050",1,1,1
"10.2105/ajph.2014.302153",1,1,1
"10.1016/j.compedu.2009.08.020",1,1,1
"10.1007/s10980-013-9881-1",1,1,1
"10.1103/physreve.99.062413",1,1,1
"10.1049/iet-its:20070024",1,1,1
"10.1016/j.ecolmodel.2014.02.004",1,1,1
"10.1016/j.enpol.2018.03.045",1,1,1
"10.1002/eap.2440",1,1,1
"10.1109/icc45855.2022.9838588",1,1,1
"10.1016/j.cpc.2015.03.005",1,1,1
"10.1177/0361198118792754",1,1,1
"10.15439/2022f182",1,1,1
"10.1109/jsyst.2012.2204915",1,1,1
"10.1155/2021/9933720",1,1,1
"10.1016/j.apgeog.2022.102702",1,1,1
"10.1109/access.2019.2943253",1,1,1
"10.1109/icara55094.2022.9738535",1,1,1
"10.1007/s10207-022-00614-6",1,1,1
"10.1016/j.iatssr.2021.06.005",1,1,1
"10.1080/19427867.2017.1395983",1,1,1
"10.1016/j.eswa.2008.09.061",1,1,1
"10.1109/issnip.2009.5416777",1,1,1
"10.3233/jifs-179341",1,1,1
"10.1007/978-3-030-21733-4_7",1,1,1
"10.2478/cait-2023-0015",1,1,1
"10.1177/1476127014521609",1,1,1
"10.3233/ais-2010-0053",1,1,1
"10.1016/j.ecolmodel.2015.08.011",1,1,1
"10.1142/s0218001401001027",1,1,1
"10.1186/2194-3206-1-18",1,1,1
"10.1007/s12555-013-0377-1",1,1,1
"10.15439/2016f196",1,1,1
"10.1109/tcyb.2018.2798163",1,1,1
"10.1016/j.eswa.2003.12.018",1,1,1
"10.1016/j.chaos.2019.109423",1,1,1
"10.1038/nclimate2229",1,1,1
"10.1109/access.2021.3066003",1,1,1
"10.1073/pnas.2016623118",1,1,1
"10.1049/iet-cta.2019.0140",1,1,1
"10.1007/s12555-021-0609-8",1,1,1
"10.1080/15472450.2017.1332524",1,1,1
"10.1007/978-3-031-21203-1_6",1,1,1
"10.1016/j.pocean.2015.02.006",1,1,1
"10.1007/978-3-319-71150-8_34",1,1,1
"10.1007/978-3-031-29476-1_12",1,1,1
"10.14201/adcaij2019811926",1,1,1
"10.1007/s10588-012-9125-y",1,1,1
"10.1109/tbdata.2018.2824826",1,1,1
"10.1080/00207543.2015.1106607",1,1,1
"10.1098/rsif.2021.0860",1,1,1
"10.1038/s41598-017-13775-5",1,1,1
"10.1016/j.eururo.2017.11.036",1,1,1
"10.1007/978-3-319-62395-5_32",1,1,1
"10.1049/iet-cta.2016.1162",1,1,1
"10.1080/00045608.2011.627057",1,1,1
"10.1016/j.eswa.2012.01.160",1,1,1
"10.1007/s40888-020-00192-7",1,1,1
"10.1016/j.procs.2014.05.472",1,1,1
"10.1038/s41558-021-00994-y",1,1,1
"10.1155/2015/901282",1,1,1
"10.1016/j.simpat.2010.02.001",1,1,1
"10.1109/tnse.2019.2917287",1,1,1
"10.1007/s12525-018-0307-4",1,1,1
"10.1134/s0005117920050100",1,1,1
"10.1007/s00779-015-0891-7",1,1,1
"10.1002/2014wr016825",1,1,1
"10.1093/beheco/arw145",1,1,1
"10.1093/beheco/arab091",1,1,1
"10.1016/j.scitotenv.2018.08.344",1,1,1
"10.1016/j.est.2023.107585",1,1,1
"10.1098/rsif.2009.0471",1,1,1
"10.7326/0003-4819-153-6-201009210-00004",1,1,1
"10.1002/oby.23788",1,1,1
"10.1515/jisys-2021-0157",1,1,1
"10.1111/oik.01795",1,1,1
"10.1186/s12889-021-12400-5",1,1,1
"10.1061/(asce)te.1943-5436.0000495",1,1,1
"10.1109/tac.2022.3232190",1,1,1
"10.1016/j.csbj.2023.02.014",1,1,1
"10.1049/iet-rpg.2018.5120",1,1,1
"10.1016/j.joca.2018.01.004",1,1,1
"10.1016/j.scico.2012.10.005",1,1,1
"10.1007/s10506-012-9133-8",1,1,1
"10.1016/j.ecolmodel.2007.01.013",1,1,1
"10.1007/s00170-006-0896-5",1,1,1
"10.1057/jos.2009.26",1,1,1
"10.1016/j.conengprac.2019.104245",1,1,1
"10.1007/978-3-319-47253-9_21",1,1,1
"10.1007/978-3-662-43373-7_5",1,1,1
"10.1002/ieam.4362",1,1,1
"10.1016/j.enpol.2010.01.008",1,1,1
"10.1007/s11071-023-08494-8",1,1,1
"10.1007/s42001-022-00161-z",1,1,1
"10.1016/j.jglr.2014.06.006",1,1,1
"10.1136/bmjopen-2022-062189",1,1,1
"10.1103/physreve.95.012402",1,1,1
"10.1016/j.wear.2016.11.043",1,1,1
"10.1504/ijdmb.2011.040388",1,1,1
"10.1007/s10726-019-09630-9",1,1,1
"10.1370/afm.2017",1,1,1
"10.1155/2020/8862249",1,1,1
"10.1007/978-3-319-19629-9_16",1,1,1
"10.1093/cid/cix983",1,1,1
"10.1177/03611981221127017",1,1,1
"10.1111/j.1530-9290.2012.00531.x",1,1,1
"10.1007/s00285-003-0209-7",1,1,1
"10.1109/jsyst.2021.3130591",1,1,1
"10.3390/app11114948",1,1,1
"10.1016/j.energy.2022.124657",1,1,1
"10.1007/s10100-020-00685-7",1,1,1
"10.1016/j.retrec.2023.101261",1,1,1
"10.1007/s00163-017-0274-3",1,1,1
"10.1061/(asce)wr.1943-5452.0001147",1,1,1
"10.1142/s2301385019400041",1,1,1
"10.1214/19-aoas1279",1,1,1
"10.1093/infdis/jiaa633",1,1,1
"10.1007/s11116-011-9357-6",1,1,1
"10.1016/j.jenvman.2023.118595",1,1,1
"10.3141/2343-09",1,1,1
"10.1007/s42001-021-00120-0",1,1,1
"10.1002/ecs2.1790",1,1,1
"10.1371/journal.pmed.1003228",1,1,1
"10.1007/s10489-021-03145-0",1,1,1
"10.1097/mlr.0000000000000852",1,1,1
"10.3389/fpubh.2022.849185",1,1,1
"10.1007/s11205-022-02968-9",1,1,1
"10.3390/app9214515",1,1,1
"10.1161/hypertensionaha.122.20051",1,1,1
"10.1103/physreve.106.054311",1,1,1
"10.3233/ica-120417",1,1,1
"10.1128/jvi.74.14.6659-6668.2000",1,1,1
"10.1109/tii.2017.2685422",1,1,1
"10.1002/rnc.5573",1,1,1
"10.1109/lcsys.2019.2920207",1,1,1
"10.1002/2014wr015897",1,1,1
"10.3389/fimmu.2023.1080853",1,1,1
"10.1016/j.ecolmodel.2005.08.004",1,1,1
"10.1016/j.physa.2019.122928",1,1,1
"10.1038/sj.bjc.6601520",1,1,1
"10.1371/journal.pcbi.1010118",1,1,1
"10.1109/tevc.2005.850264",1,1,1
"10.1109/tem.2013.2259495",1,1,1
"10.1002/ijfe.1769",1,1,1
"10.1177/0958928719891341",1,1,1
"10.1109/ficloud.2018.00016",1,1,1
"10.1007/s11276-018-1668-5",1,1,1
"10.1038/s41598-019-39636-x",1,1,1
"10.1109/tac.2015.2465071",1,1,1
"10.1155/2011/724897",1,1,1
"10.1016/0304-3800(94)00092-v",1,1,1
"10.1111/j.0030-1299.2004.12753.x",1,1,1
"10.1109/tcomm.2011.100411.100446",1,1,1
"10.14716/ijtech.v11i6.4465",1,1,1
"10.1007/s12083-009-0033-y",1,1,1
"10.1049/el.2019.0244",1,1,1
"10.1016/j.envsoft.2015.08.015",1,1,1
"10.1177/1046878119865913",1,1,1
"10.1371/journal.pone.0194950",1,1,1
"10.3354/aei00359",1,1,1
"10.1038/s41598-022-25646-9",1,1,1
"10.1016/j.asoc.2019.05.001",1,1,1
"10.1371/journal.pcbi.1009979",1,1,1
"10.1016/j.cie.2019.01.022",1,1,1
"10.1109/access.2020.2979996",1,1,1
"10.1007/s11047-014-9468-z",1,1,1
"10.1016/j.ecolmodel.2020.109351",1,1,1
"10.1016/j.ecolmodel.2009.07.005",1,1,1
"10.3390/su9071165",1,1,1
"10.1038/s41598-021-89563-z",1,1,1
"10.3390/electronics5040072",1,1,1
"10.1007/s11465-006-0043-x",1,1,1
"10.1049/iet-its.2009.0096",1,1,1
"10.1080/00207179.2018.1467043",1,1,1
"10.1016/j.ecolmodel.2014.06.018",1,1,1
"10.1016/j.jss.2005.09.021",1,1,1
"10.1016/s2468-1253(21)00003-0",1,1,1
"10.1142/s0218194099000085",1,1,1
"10.1007/s11239-020-02058-y",1,1,1
"10.1038/ajg.2010.185",1,1,1
"10.1371/journal.pone.0048030",1,1,1
"10.3390/ijerph14070792",1,1,1
"10.1016/j.trd.2019.09.020",1,1,1
"10.1016/j.ecolmodel.2009.02.010",1,1,1
"10.1016/j.egyr.2021.08.112",1,1,1
"10.1016/j.pocean.2020.102270",1,1,1
"10.1108/ecam-07-2019-0399",1,1,1
"10.3389/fimmu.2014.00020",1,1,1
"10.1109/icais.2002.1048117",1,1,1
"10.1155/2022/4010945",1,1,1
"10.1016/j.physa.2017.03.021",1,1,1
"10.1371/journal.pntd.0006529",1,1,1
"10.3141/2035-23",1,1,1
"10.1007/s10586-022-03655-7",1,1,1
"10.1186/s12916-022-02601-z",1,1,1
"10.1186/s12889-016-2872-9",1,1,1
"10.1006/jtbi.1996.0200",1,1,1
"10.1177/097380101200600208",1,1,1
"10.1016/j.ecolmodel.2014.10.038",1,1,1
"10.1371/journal.pone.0137993",1,1,1
"10.1260/014459806779398785",1,1,1
"10.1016/j.crvi.2006.05.004",1,1,1
"10.1007/978-3-319-62428-0_6",1,1,1
"10.1016/j.procs.2018.04.037",1,1,1
"10.1109/tac.2014.2350391",1,1,1
"10.1080/00207170500127701",1,1,1
"10.1007/bf03219879",1,1,1
"10.1016/j.ecocom.2014.09.008",1,1,1
"10.1109/tsipn.2022.3150911",1,1,1
"10.17323/2587-814x.2023.1.18.36",1,1,1
"10.1007/s00004-014-0198-4",1,1,1
"10.3390/en16010233",1,1,1
"10.1007/978-3-319-19728-9_28",1,1,1
"10.1057/palgrave.jit.2000078",1,1,1
"10.1109/tsipn.2023.3239686",1,1,1
"10.1007/s10472-005-4689-6",1,1,1
"10.1002/ps.6016",1,1,1
"10.1111/j.2041-210x.2011.00168.x",1,1,1
"10.1109/case.2009.15",1,1,1
"10.1007/978-3-319-97955-7_10",1,1,1
"10.5220/0010601101540162",1,1,1
"10.1088/1757-899x/537/4/042057",1,1,1
"10.3390/ijerph18041788",1,1,1
"10.1103/physreve.68.066102",1,1,1
"10.1111/rode.12385",1,1,1
"10.3390/app8091520",1,1,1
"10.1016/j.ajic.2016.03.046",1,1,1
"10.3390/su12187708",1,1,1
"10.3390/drones7070476",1,1,1
"10.1016/j.physa.2008.06.012",1,1,1
"10.1007/s10682-013-9688-1",1,1,1
"10.1109/tcss.2019.2947661",1,1,1
"10.3390/sym12020232",1,1,1
"10.1016/j.asoc.2023.110189",1,1,1
"10.1016/j.jpubeco.2023.104897",1,1,1
"10.1002/pam.20263",1,1,1
"10.1371/journal.pone.0217172",1,1,1
"10.1016/j.jvs.2021.05.051",1,1,1
"10.1007/s00285-019-01421-9",1,1,1
"10.1109/wgec.2009.154",1,1,1
"10.3390/ijerph18073814",1,1,1
"10.1109/isc253183.2021.9562795",1,1,1
"10.3748/wjg.v20.i30.10464",1,1,1
"10.1016/j.eswa.2008.08.024",1,1,1
"10.3390/su151511887",1,1,1
"10.1631/fitee.1800557",1,1,1
"10.3390/agriculture13040898",1,1,1
"10.1109/tvcg.2019.2898800",1,1,1
"10.1371/journal.pone.0278507",1,1,1
"10.1016/j.jtbi.2015.05.028",1,1,1
"10.1002/sres.2239",1,1,1
"10.3390/jmse10070899",1,1,1
"10.1109/tem.2018.2816124",1,1,1
"10.1016/s0165-0114(99)00023-8",1,1,1
"10.1080/00207721.2013.793890",1,1,1
"10.1109/cifer52523.2022.9776095",1,1,1
"10.1016/j.swevo.2021.101017",1,1,1
"10.1137/18m1163646",1,1,1
"10.1108/s1475-9144(2009)0000008012",1,1,1
"10.1115/1.4054242",2,0,0
"10.1002/asjc.603",1,1,1
"10.1007/s11518-015-5264-2",1,1,1
"10.1109/access.2023.3262562",1,1,1
"10.1016/s0895-7177(97)00172-6",1,1,1
"10.1098/rsif.2010.0041",1,1,1
"10.1007/s00500-015-1768-4",1,1,1
"10.1016/j.rcim.2006.02.008",1,1,1
"10.1007/s11051-014-2844-x",1,1,1
"10.1002/sres.948",1,1,1
"10.3389/frobt.2018.00134",1,1,1
"10.1016/j.jmarsys.2021.103611",1,1,1
"10.1016/j.ins.2020.02.054",1,1,1
"10.1016/j.isatra.2021.12.024",1,1,1
"10.1007/s11063-014-9405-2",1,1,1
"10.1111/jfr3.12695",1,1,1
"10.1007/s10518-020-00859-3",1,1,1
"10.1016/j.ifacol.2017.08.438",1,1,1
"10.1016/j.biocon.2008.12.014",1,1,1
"10.1016/j.jtbi.2018.07.004",1,1,1
"10.1111/j.1475-6773.2012.01432.x",1,1,1
"10.1109/cdc.2009.5400879",1,1,1
"10.3390/electronics12030495",1,1,1
"10.1109/tcns.2021.3124170",1,1,1
"10.1089/big.2020.0155",1,1,1
"10.1007/s12080-014-0213-0",1,1,1
"10.1007/s13369-015-1572-6",1,1,1
"10.1109/mwc.2019.1800353",1,1,1
"10.1016/j.asoc.2020.106762",1,1,1
"10.1002/asjc.2471",1,1,1
"10.1016/j.energy.2022.123223",1,1,1
"10.1016/j.jmsy.2022.03.008",1,1,1
"10.1016/j.eneco.2011.07.023",1,1,1
"10.3389/fevo.2021.633263",1,1,1
"10.3390/su12062202",1,1,1
"10.1109/jrfid.2023.3274537",1,1,1
"10.1016/j.ecolmodel.2022.109944",1,1,1
"10.1016/j.jfranklin.2020.04.032",1,1,1
"10.1016/j.amc.2017.12.020",1,1,1
"10.1177/1059712313500797",1,1,1
"10.1080/15472450.2016.1157021",1,1,1
"10.46234/ccdcw2022.077",1,1,1
"10.1007/s10462-016-9520-8",1,1,1
"10.1097/qad.0000000000001218",1,1,1
"10.1371/journal.pmed.1001361",1,1,1
"10.1007/978-1-4020-6270-4_48",1,1,1
"10.2514/1.i010293",1,1,1
"10.1109/access.2021.3051811",2,0,0
"10.1016/j.automatica.2013.04.002",1,1,1
"10.1155/2020/1393216",1,1,1
"10.3233/978-1-61499-254-7-102",1,1,1
"10.1109/access.2020.2969482",1,1,1
"10.1089/dia.2021.0329",1,1,1
"10.1016/j.jcpo.2022.100325",1,1,1
"10.1007/s12555-021-1087-8",2,0,0
"10.1109/tfuzz.2023.3239001",2,0,0
"10.1109/cdc51059.2022.9992506",1,1,1
"10.1784/insi.2010.52.8.419",1,1,1
"10.1016/j.trb.2023.03.013",1,1,1
"10.1007/978-3-030-94202-1_48",1,1,1
"10.17310/ntj.2014.4.07",1,1,1
"10.3233/978-1-61499-254-7-137",1,1,1
"10.1111/1758-2229.13182",1,1,1
"10.1038/srep08980",1,1,1
"10.1577/1548-8659(1997)126<0001:facdor>2.3.co;2",1,1,1
"10.1109/tcyb.2018.2872806",1,1,1
"10.1016/j.autcon.2015.09.002",1,1,1
"10.1016/j.anbehav.2006.11.017",1,1,1
"10.1016/j.pocean.2015.04.002",1,1,1
"10.1371/journal.pone.0242595",1,1,1
"10.1016/j.apenergy.2022.119433",1,1,1
"10.1007/s10489-020-01755-8",1,1,1
"10.18564/jasss.2234",1,1,1
"10.1038/s41396-019-0521-x",1,1,1
"10.1142/s1793962320500191",1,1,1
"10.1016/j.procs.2014.05.492",1,1,1
"10.1002/atr.1201",1,1,1
"10.1080/15472450.2013.856718",1,1,1
"10.1093/aesa/saz047",1,1,1
"10.1371/journal.pone.0243215",1,1,1
"10.7717/peerj.9184",1,1,1
"10.1109/tits.2015.2445929",1,1,1
"10.1007/s11403-018-0221-z",1,1,1
"10.1007/s12083-019-00732-4",1,1,1
"10.1088/1748-9326/aae161",1,1,1
"10.1016/j.jmsy.2019.05.001",1,1,1
"10.1016/j.ejor.2012.05.027",1,1,1
"10.1016/j.erss.2020.101451",1,1,1
"10.1016/j.ecolmodel.2008.01.021",1,1,1
"10.1016/s0378-4754(03)00118-6",1,1,1
"10.3354/meps12737",1,1,1
"10.1093/insilicoplants/diac012",1,1,1
"10.1016/j.pnucene.2013.11.005",1,1,1
"10.1080/13658810903012425",1,1,1
"10.1186/s12916-020-01783-8",1,1,1
"10.4028/www.scientific.net/amr.694-697.2842",1,1,1
"10.1080/01605682.2019.1633232",1,1,1
"10.1016/j.agsy.2009.12.006",1,1,1
"10.1093/icesjms/fsq098",1,1,1
"10.1177/0037549716645197",1,1,1
"10.1080/01441647.2023.2165574",1,1,1
"10.3390/s23041804",1,1,1
"10.3390/en14010138",1,1,1
"10.1142/s021820251540014x",1,1,1
"10.1371/journal.pone.0105012",1,1,1
"10.1016/j.jclepro.2020.120384",1,1,1
"10.1016/j.jse.2022.03.030",1,1,1
"10.1016/j.ecolmodel.2012.10.020",1,1,1
"10.1134/s1064230707050073",1,1,1
"10.1371/journal.pone.0094221",1,1,1
"10.1016/j.rser.2022.112853",1,1,1
"10.1016/j.simpat.2019.04.001",1,1,1
"10.1016/s0921-8009(00)00220-2",1,1,1
"10.1080/00207179.2020.1849806",1,1,1
"10.1007/s00477-016-1358-8",1,1,1
"10.1016/j.pmedr.2020.101257",1,1,1
"10.1080/17509653.2006.10671000",1,1,1
"10.1111/ele.12595",1,1,1
"10.1016/j.neucom.2015.09.055",1,1,1
"10.1016/j.ecolmodel.2013.10.033",1,1,1
"10.1016/s0304-3800(02)00081-9",1,1,1
"10.1007/s10015-020-00652-0",1,1,1
"10.3201/eid1510.081129",1,1,1
"10.1108/ecam-12-2022-1169",1,1,1
"10.1016/j.jmsy.2013.07.004",1,1,1
"10.3390/jmse11020343",1,1,1
"10.1109/tii.2012.2216536",1,1,1
"10.1080/09537280150204013",1,1,1
"10.1109/tnnls.2022.3153028",1,1,1
"10.1111/j.1524-4733.2007.00204.x",1,1,1
"10.1016/j.isprsjprs.2007.03.005",1,1,1
"10.1016/j.ijepes.2017.10.007",1,1,1
"10.1093/jamia/ocac049",1,1,1
"10.1007/s00334-016-0583-x",1,1,1
"10.3233/mgs-130207",1,1,1
"10.1260/1748-3018.5.4.601",1,1,1
"10.1016/s0304-3800(99)00172-6",1,1,1
"10.1016/j.apm.2023.01.005",1,1,1
"10.1016/j.annepidem.2014.05.012",1,1,1
"10.1007/978-3-319-67934-1_35",1,1,1
"10.3141/2302-17",1,1,1
"10.1192/bjo.2022.540",1,1,1
"10.1109/icnc.2008.743",1,1,1
"10.1016/j.aap.2023.107232",1,1,1
"10.1186/1471-2458-1-12",1,1,1
"10.1371/journal.pone.0078011",1,1,1
"10.1080/23307706.2022.2085197",1,1,1
"10.1016/j.sbspro.2012.01.030",1,1,1
"10.1142/s0218202518500021",1,1,1
"10.1016/s1470-2045(18)30909-4",1,1,1
"10.1002/etc.5176",1,1,1
"10.1016/j.eneco.2005.02.001",1,1,1
"10.1016/j.ifacol.2020.12.962",1,1,1
"10.1080/13873954.2022.2039717",1,1,1
"10.1016/j.econmod.2010.05.004",1,1,1
"10.1016/j.automatica.2018.03.067",1,1,1
"10.1109/icdmw.2014.35",1,1,1
"10.1142/s0218213013500048",1,1,1
"10.1016/j.jfranklin.2019.12.035",1,1,1
"10.1111/1745-9125.12163",1,1,1
"10.1016/j.automatica.2017.12.030",1,1,1
"10.1016/j.scs.2021.103413",1,1,1
"10.1016/j.jtbi.2018.10.035",1,1,1
"10.3390/w12051275",1,1,1
"10.1371/journal.pone.0191089",1,1,1
"10.1016/j.eswa.2022.118103",1,1,1
"10.1109/tits.2018.2841402",1,1,1
"10.1016/j.bica.2018.07.009",1,1,1
"10.1016/j.biocon.2015.02.032",1,1,1
"10.3233/978-1-58603-891-5-865",1,1,1
"10.1111/ajps.12045",1,1,1
"10.1016/j.agsy.2006.05.004",1,1,1
"10.1007/s00191-018-0553-9",1,1,1
"10.1109/tcyb.2021.3087645",1,1,1
"10.2507/ijsimm14(2)co6",1,1,1
"10.1155/2021/1840040",1,1,1
"10.1007/s10646-013-1049-x",1,1,1
"10.1007/978-3-319-09507-3_95",1,1,1
"10.1016/j.scico.2014.01.007",1,1,1
"10.2105/ajph.2014.302055",1,1,1
"10.1088/1742-2132/12/6/909",1,1,1
"10.3389/fams.2021.744955",1,1,1
"10.1007/s10472-013-9363-9",1,1,1
"10.1111/1365-2664.13339",1,1,1
"10.1016/j.jedc.2014.08.020",1,1,1
"10.1016/j.jtbi.2011.08.019",1,1,1
"10.1016/j.jtcvs.2008.09.028",1,1,1
"10.1109/tvt.2022.3145346",1,1,1
"10.1111/ele.12473",1,1,1
"10.20965/jaciii.2014.p0745",1,1,1
"10.1186/s13071-014-0617-0",1,1,1
"10.1016/j.seta.2021.101699",1,1,1
"10.1016/s0304-3800(98)00193-8",1,1,1
"10.1097/ccm.0000000000001675",1,1,1
"10.1016/j.ecolmodel.2022.110174",1,1,1
"10.1016/j.foodres.2021.110458",1,1,1
"10.1109/tnnls.2021.3110684",1,1,1
"10.1057/jos.2015.1",1,1,1
"10.1016/j.apenergy.2019.04.119",1,1,1
"10.1007/s11071-011-0125-0",1,1,1
"10.1038/s41598-017-11562-w",1,1,1
"10.1109/tpwrs.2015.2469543",1,1,1
"10.1111/eva.13069",1,1,1
"10.1016/j.energy.2018.06.097",1,1,1
"10.1061/(asce)0733-947x(2008)134:2(59)",1,1,1
"10.3390/e25060877",1,1,1
"10.1007/s11067-007-9046-3",1,1,1
"10.1109/tsg.2014.2341211",1,1,1
"10.1016/j.ecolmodel.2004.07.017",1,1,1
"10.1155/2023/2038167",1,1,1
"10.1109/tac.2015.2504519",1,1,1
"10.1093/czoolo/58.2.329",1,1,1
"10.1016/j.scs.2021.103152",1,1,1
"10.1137/19m1241799",1,1,1
"10.1111/eva.13524",1,1,1
"10.1016/j.ins.2021.01.011",1,1,1
"10.1007/978-3-319-44427-7_23",1,1,1
"10.3389/fpubh.2022.1018084",1,1,1
"10.1016/j.neucom.2018.05.050",1,1,1
"10.3390/en12142815",1,1,1
"10.3390/app9071402",1,1,1
"10.1016/j.jss.2011.03.074",1,1,1
"10.1111/j.1475-4762.2008.00822.x",1,1,1
"10.1109/icriis48246.2019.9073269",1,1,1
"10.1007/s00500-021-05715-3",1,1,1
"10.14201/adcaij2019844981",1,1,1
"10.1016/j.cub.2018.09.014",1,1,1
"10.1186/2193-9012-3-22",1,1,1
"10.1080/00207179.2020.1825817",1,1,1
"10.1111/hel.12255",1,1,1
"10.1016/j.gloenvcha.2019.102009",1,1,1
"10.1016/j.landusepol.2015.05.008",1,1,1
"10.18564/jasss.1584",1,1,1
"10.1016/j.automatica.2019.04.024",1,1,1
"10.1109/tac.2011.2162892",1,1,1
"10.1016/j.jclepro.2021.126591",1,1,1
"10.3141/2128-16",1,1,1
"10.1016/j.bspc.2020.102230",1,1,1
"10.1080/0951192x.2022.2121425",1,1,1
"10.1016/j.ijdrr.2021.102329",1,1,1
"10.1111/add.13201",1,1,1
"10.5194/gmd-15-6863-2022",1,1,1
"10.5194/hess-24-2873-2020",1,1,1
"10.3390/app11094312",1,1,1
"10.3389/fmars.2021.624981",1,1,1
"10.1016/j.jmsy.2020.11.004",1,1,1
"10.1080/03081060.2018.1504182",1,1,1
"10.1007/s10614-019-09918-7",1,1,1
"10.1145/3377930.3389806",1,1,1
"10.1098/rsif.2013.0815",1,1,1
"10.1016/j.ophtha.2006.10.041",1,1,1
"10.1007/s11042-010-0666-0",1,1,1
"10.3390/f8060205",1,1,1
"10.1109/tac.2017.2742139",1,1,1
"10.1016/j.respe.2019.12.001",1,1,1
"10.1007/s10588-011-9098-2",1,1,1
"10.1016/j.neunet.2022.08.013",1,1,1
"10.1080/00207721.2016.1244306",1,1,1
"10.3389/frai.2020.00050",1,1,1
"10.1111/j.1467-8381.2008.00279.x",1,1,1
"10.1109/access.2022.3222566",1,1,1
"10.1371/journal.pone.0238565",1,1,1
"10.1002/ece3.3119",1,1,1
"10.1002/etep.2790",1,1,1
"10.1111/1745-9125.12131",1,1,1
"10.3390/s21165276",1,1,1
"10.1007/s10489-023-04565-w",1,1,1
"10.1007/s11192-017-2244-y",1,1,1
"10.1080/17477778.2020.1750314",1,1,1
"10.1016/j.aej.2020.06.036",1,1,1
"10.1016/j.simpat.2011.09.008",1,1,1
"10.1007/s13278-014-0177-5",1,1,1
"10.1038/s41598-022-09440-1",1,1,1
"10.1016/j.ress.2019.106569",1,1,1
"10.1007/s00285-008-0212-0",1,1,1
"10.1016/j.neucom.2022.04.071",1,1,1
"10.1016/j.future.2010.05.005",1,1,1
"10.1016/j.egyr.2022.03.010",1,1,1
"10.1109/twc.2022.3231379",2,0,0
"10.1016/j.jfranklin.2015.05.034",1,1,1
"10.1108/imds-06-2017-0243",1,1,1
"10.1111/ajt.15040",1,1,1
"10.1080/00207540701738052",1,1,1
"10.1007/978-3-319-41000-5_13",1,1,1
"10.1109/tsmc.2016.2531649",1,1,1
"10.1109/cso.2009.207",1,1,1
"10.18564/jasss.3967",1,1,1
"10.1186/1471-2458-10-168",1,1,1
"10.1371/journal.pone.0191649",1,1,1
"10.1111/1556-4029.15229",1,1,1
"10.1016/j.ecolmodel.2012.11.016",1,1,1
"10.4102/sajhrm.v18i0.1348",1,1,1
"10.5751/es-08917-220124",1,1,1
"10.1080/0308107031000107766",1,1,1
"10.1186/s12918-017-0445-x",1,1,1
"10.3969/j.issn.1004-4132.2011.04.017",1,1,1
"10.3354/meps260173",1,1,1
"10.1016/j.cie.2021.107410",1,1,1
"10.1109/tvt.2020.3028089",1,1,1
"10.1177/0037549702078005551",1,1,1
"10.1016/j.jenvman.2022.115040",1,1,1
"10.1007/s00586-023-07584-w",1,1,1
"10.1136/heartjnl-2015-307578",1,1,1
"10.1111/j.1420-9101.2004.00705.x",1,1,1
"10.1073/pnas.1105239108",1,1,1
"10.1001/jamanetworkopen.2019.11952",1,1,1
"10.1177/0272989x17708564",1,1,1
"10.1111/jgs.16086",1,1,1
"10.1111/oik.07989",1,1,1
"10.1016/j.pocean.2021.102571",1,1,1
"10.1016/j.jclepro.2017.08.125",1,1,1
"10.1016/j.cogsys.2018.04.013",1,1,1
"10.2316/journal.206.2017.4.206-4782",1,1,1
"10.1002/atr.5670420106",1,1,1
"10.1080/19427867.2020.1731993",1,1,1
"10.1145/2831237",1,1,1
"10.1080/15325008.2022.2131937",1,1,1
"10.1016/0957-4174(96)00020-6",1,1,1
"10.1109/tem.2021.3096634",1,1,1
"10.3390/app11051994",1,1,1
"10.1016/j.ijepes.2012.04.033",1,1,1
"10.1016/j.comnet.2018.03.014",1,1,1
"10.3390/info12110447",1,1,1
"10.3390/su14148945",1,1,1
"10.18564/jasss.4282",1,1,1
"10.1136/gutjnl-2014-308588",1,1,1
"10.1049/rpg2.12680",1,1,1
"10.1007/s10955-017-1825-8",1,1,1
"10.3141/2491-02",1,1,1
"10.3389/fams.2023.1068180",1,1,1
"10.1061/(asce)wr.1943-5452.0001033",1,1,1
"10.1016/j.ijpe.2014.09.023",1,1,1
"10.1142/s0219477507004057",1,1,1
"10.1038/s41598-021-88171-1",1,1,1
"10.1162/artl_a_00369",1,1,1
"10.1016/j.neucom.2019.06.057",1,1,1
"10.1088/1748-9326/ac4c1e",1,1,1
"10.1111/fog.12460",1,1,1
"10.1016/j.elerap.2014.06.004",1,1,1
"10.1186/1471-2105-16-s17-s8",1,1,1
"10.1016/j.ifacol.2016.07.330",1,1,1
"10.3233/978-1-60750-061-2-179",1,1,1
"10.1109/tac.2021.3102474",1,1,1
"10.3390/en15228689",1,1,1
"10.5751/es-06584-190309",1,1,1
"10.1371/journal.pone.0136139",1,1,1
"10.1080/19312458.2020.1768521",1,1,1
"10.1016/j.ecoleng.2022.106613",1,1,1
"10.1016/j.ecolecon.2016.09.031",1,1,1
"10.1115/1.3563054",1,1,1
"10.1111/manc.12088",1,1,1
"10.3233/idt-190092",1,1,1
"10.1080/00128775.2014.1003511",1,1,1
"10.1007/s11071-011-0114-3",1,1,1
"10.1007/978-3-319-55849-3_23",1,1,1
"10.1016/j.tranpol.2020.07.010",1,1,1
"10.1016/j.jebo.2015.11.009",1,1,1
"10.1109/tfuzz.2022.3170646",1,1,1
"10.2307/176669",1,1,1
"10.18564/jasss.3134",1,1,1
"10.1080/15472450.2015.1062728",1,1,1
"10.1061/(asce)te.1943-5436.0000581",1,1,1
"10.3390/electronics12061292",1,1,1
"10.1080/17517575.2019.1592232",1,1,1
"10.1049/stg2.12089",1,1,1
"10.1016/j.tra.2011.04.005",1,1,1
"10.1007/s11071-021-06452-w",1,1,1
"10.5198/jtlu.2022.1905",1,1,1
"10.1007/s12134-018-0631-8",1,1,1
"10.1142/s0219686714500097",1,1,1
"10.1002/hep.30476",1,1,1
"10.1109/access.2022.3172492",1,1,1
"10.1145/3466170",1,1,1
"10.18564/jasss.3024",1,1,1
"10.1109/access.2020.3018267",1,1,1
"10.1016/j.robot.2018.02.019",1,1,1
"10.1016/j.apgeog.2018.07.015",1,1,1
"10.1002/rnc.4090",1,1,1
"10.1111/roiw.12309",1,1,1
"10.3390/su131910906",1,1,1
"10.1080/00207721.2023.2233517",2,0,0
"10.23919/jsee.2020.000006",1,1,1
"10.1007/s12061-011-9071-y",1,1,1
"10.1631/fitee.1800611",1,1,1
"10.1109/tii.2011.2158839",1,1,1
"10.1016/j.sysconle.2011.09.006",1,1,1
"10.3389/fnhum.2022.788037",1,1,1
"10.1109/tii.2014.2331025",1,1,1
"10.1007/s10614-017-9723-3",1,1,1
"10.3727/108354209x12597959359293",1,1,1
"10.1016/j.apenergy.2020.115626",1,1,1
"10.1108/ijopm-08-2019-0601",1,1,1
"10.1109/tii.2012.2235074",1,1,1
"10.4018/jeis.2009040102",1,1,1
"10.1109/lcsys.2023.3286775",1,1,1
"10.1016/j.ifacol.2018.08.355",1,1,1
"10.1371/journal.pone.0005439",1,1,1
"10.1016/j.ecolind.2017.03.042",1,1,1
"10.1016/j.ifacol.2017.08.434",1,1,1
"10.1371/journal.pone.0274242",0,2,0
"10.1016/j.mbs.2011.04.006",1,1,1
"10.1016/j.ifacol.2022.10.055",1,1,1
"10.1073/pnas.082081499",1,1,1
"10.1016/j.ecolmodel.2012.12.006",1,1,1
"10.1080/14639947.2015.1041676",1,1,1
"10.1007/s10549-015-3382-7",1,1,1
"10.1016/j.jhin.2017.03.011",1,1,1
"10.46234/ccdcw2022.186",1,1,1
"10.1109/tevc.2011.2132725",1,1,1
"10.1186/s12916-021-02099-x",1,1,1
"10.2196/resprot.8294",1,1,1
"10.1002/jpen.1940",1,1,1
"10.1016/j.compenvurbsys.2018.01.003",1,1,1
"10.1016/j.neucom.2020.07.067",1,1,1
"10.1007/s11517-023-02786-2",1,1,1
"10.1080/07421222.2017.1373008",1,1,1
"10.1155/2018/2456963",1,1,1
"10.4000/cybergeo.25760",1,1,1
"10.1177/03611981221096111",1,1,1
"10.1007/s11403-010-0077-3",1,1,1
"10.1016/j.ecolmodel.2016.05.004",1,1,1
"10.1080/00207543.2021.1979680",1,1,1
"10.1103/physreve.86.031903",1,1,1
"10.3390/app6100308",1,1,1
"10.1016/j.est.2023.107276",1,1,1
"10.1007/s10846-018-0782-z",1,1,1
"10.1016/j.jmarsys.2011.08.001",1,1,1
"10.1177/0959651817705990",1,1,1
"10.1023/a:1022120928602",1,1,1
"10.1111/1475-6773.12036",1,1,1
"10.1016/j.anbehav.2003.04.004",1,1,1
"10.1016/j.jedc.2014.04.004",1,1,1
"10.1097/hep.0000000000000342",1,1,1
"10.1002/rnc.3777",1,1,1
"10.1097/aog.0000000000002366",1,1,1
"10.1109/jsyst.2021.3110501",1,1,1
"10.1007/978-3-319-19629-9_7",1,1,1
"10.3390/su142315764",1,1,1
"10.1016/j.jedc.2018.03.006",1,1,1
"10.1109/tnnls.2020.2984944",1,1,1
"10.1177/0160017604267628",1,1,1
"10.14716/ijtech.v6i5.1900",1,1,1
"10.1007/s11370-019-00277-8",1,1,1
"10.1016/j.automatica.2020.108868",1,1,1
"10.1109/jsyst.2022.3165471",1,1,1
"10.1186/s12916-017-0924-3",1,1,1
"10.1016/j.apenergy.2020.114641",1,1,1
"10.1016/s0933-3657(00)00054-3",1,1,1
"10.1007/s11027-010-9274-6",1,1,1
"10.1007/978-3-319-30337-6_9",1,1,1
"10.1007/s10257-013-0229-9",1,1,1
"10.1111/j.1750-2659.2009.00122.x",1,1,1
"10.1109/tcds.2019.2926477",1,1,1
"10.1177/0272989x17711928",1,1,1
"10.1007/s10552-017-0864-4",1,1,1
"10.1016/j.eswa.2022.117710",1,1,1
"10.1007/s10888-021-09524-4",1,1,1
"10.1016/j.tranpol.2013.12.004",1,1,1
"10.1016/j.ecolmodel.2011.04.013",1,1,1
"10.1186/2193-9004-2-19",1,1,1
"10.1016/j.compenvurbsys.2014.06.007",1,1,1
"10.1016/j.ecolmodel.2018.06.019",1,1,1
"10.1016/j.jtbi.2017.04.016",1,1,1
"10.1016/j.jenvman.2019.03.138",1,1,1
"10.1108/imefm-04-2022-0144",1,1,1
"10.1007/s10732-013-9215-0",1,1,1
"10.1155/2022/3794551",1,1,1
"10.1111/brv.12877",1,1,1
"10.3141/2312-02",1,1,1
"10.1016/j.buildenv.2022.109118",1,1,1
"10.4018/ijagr.2015070102",1,1,1
"10.3233/mgs-130204",1,1,1
"10.1016/j.jfranklin.2015.11.004",1,1,1
"10.3934/jdg.2018014",1,1,1
"10.1016/j.ijtst.2021.01.003",1,1,1
"10.1109/tii.2016.2618754",1,1,1
"10.14246/irspsd.6.1_18",1,1,1
"10.1016/j.apenergy.2019.113680",1,1,1
"10.25088/complexsystems.29.3.655",1,1,1
"10.1007/s00191-008-0094-8",1,1,1
"10.1109/cisis.2016.144",1,1,1
"10.3233/aic-130555",1,1,1
"10.1377/hlthaff.2011.1024",1,1,1
"10.1142/s0219525918500078",1,1,1
"10.1016/j.asoc.2010.08.006",1,1,1
"10.1109/stud49732.2019.9018840",1,1,1
"10.1016/j.atmosenv.2020.117399",1,1,1
"10.3390/en12153004",1,1,1
"10.1007/s11424-009-9148-8",1,1,1
"10.1038/s41366-021-00849-8",1,1,1
"10.1016/j.knosys.2018.04.036",1,1,1
"10.1068/b12962",1,1,1
"10.1016/j.ecoinf.2005.08.002",1,1,1
"10.1016/j.habitatint.2017.09.006",1,1,1
"10.1016/j.sysconle.2015.08.009",1,1,1
"10.1007/s10729-021-09567-z",1,1,1
"10.1093/jnci/djn292",1,1,1
"10.13110/humanbiology.87.3.0141",1,1,1
"10.14257/ijsia.2015.9.2.13",1,1,1
"10.1016/j.jtbi.2012.06.026",1,1,1
"10.1016/s1473-3099(15)00056-0",1,1,1
"10.1007/s00354-016-0305-z",1,1,1
"10.3390/su15031860",1,1,1
"10.1002/eng2.12656",1,1,1
"10.1016/j.erss.2017.06.041",1,1,1
"10.1016/j.ifacol.2019.11.121",1,1,1
"10.1108/ejmbe-10-2017-020",1,1,1
"10.1145/1186778.1186781",1,1,1
"10.1098/rsos.190619",1,1,1
"10.1016/j.scico.2019.102345",1,1,1
"10.3390/su14169930",1,1,1
"10.1080/19427867.2019.1694202",1,1,1
"10.1177/0310057x1103900513",1,1,1
"10.1016/j.neucom.2015.12.022",1,1,1
"10.1016/j.dss.2012.01.011",1,1,1
"10.1016/j.cities.2020.102769",1,1,1
"10.1186/s13662-023-03771-7",1,1,1
"10.1016/j.compenvurbsys.2016.07.008",1,1,1
"10.5018/economics-ejournal.ja.2015-41",1,1,1
"10.1016/j.jfranklin.2022.08.050",1,1,1
"10.1016/j.mbs.2014.04.004",1,1,1
"10.1016/j.agsy.2016.06.005",1,1,1
"10.13053/cys-18-1-2014-020",1,1,1
"10.3390/s21134374",1,1,1
"10.1016/j.ifacol.2022.11.349",1,1,1
"10.1016/j.phycom.2023.102109",1,1,1
"10.1109/access.2020.2965333",1,1,1
"10.1080/00220388.2023.2199566",1,1,1
"10.1016/j.trpro.2019.09.028",1,1,1
"10.7326/0003-4819-149-9-200811040-00244",1,1,1
"10.1111/1365-2656.12714",1,1,1
"10.1016/j.cma.2017.03.021",1,1,1
"10.1016/j.automatica.2019.05.052",1,1,1
"10.1016/j.ijhydene.2021.12.156",1,1,1
"10.1145/2330163.2330305",1,1,1
"10.1186/s12936-017-1920-y",1,1,1
"10.1001/jamanetworkopen.2020.28312",1,1,1
"10.1377/hlthaff.2015.0351",1,1,1
"10.1016/j.ifacol.2020.12.2329",1,1,1
"10.1007/s00170-019-03820-0",1,1,1
"10.1117/12.547296",1,1,1
"10.1177/1059712317700500",1,1,1
"10.1109/mci.2007.913388",1,1,1
"10.1007/978-3-319-67621-0_31",1,1,1
"10.1049/iet-gtd.2018.6774",1,1,1
"10.1163/016942411x574943",1,1,1
"10.17775/cseejpes.2020.00600",2,0,0
"10.1142/s0219467806002100",1,1,1
"10.1109/tac.2022.3162548",1,1,1
"10.18564/jasss.3679",1,1,1
"10.1007/s12652-016-0420-1",1,1,1
"10.1080/00207543.2011.651540",1,1,1
"10.18564/jasss.2573",1,1,1
"10.1098/rsos.181702",1,1,1
"10.1016/j.artint.2022.103806",1,1,1
"10.1080/0022250x.1990.9990062",1,1,1
"10.1111/1759-3441.12135",1,1,1
"10.1108/oir-06-2014-0131",1,1,1
"10.1002/rnc.5224",1,1,1
"10.1137/100800324",1,1,1
"10.1016/j.engappai.2023.106783",1,1,1
"10.1002/tee.22498",1,1,1
"10.3390/app10217552",1,1,1
"10.1371/journal.pcbi.1006652",1,1,1
"10.1177/15485129221104096",1,1,1
"10.1371/journal.pcbi.1003264",1,1,1
"10.1016/j.ifacol.2020.12.2446",1,1,1
"10.1890/10-2120.1",1,1,1
"10.1016/j.indmarman.2018.01.034",1,1,1
"10.1108/raf-02-2015-0023",1,1,1
"10.5343/bms.2021.0026",1,1,1
"10.1007/978-3-319-39595-1_14",1,1,1
"10.1109/mis.2003.1249170",1,1,1
"10.1109/tla.2016.7587642",1,1,1
"10.1016/j.jebo.2020.05.018",1,1,1
"10.1016/j.egyr.2020.03.005",1,1,1
"10.1371/journal.pone.0254456",1,1,1
"10.1109/tii.2016.2537759",1,1,1
"10.1504/ijcis.2009.029111",1,1,1
"10.1057/palgrave.jors.2601007",1,1,1
"10.1016/j.jogc.2022.01.019",1,1,1
"10.1016/j.ecolecon.2023.107849",1,1,1
"10.1016/j.engappai.2006.10.004",1,1,1
"10.1016/j.comnet.2022.109525",1,1,1
"10.1016/j.econmod.2012.08.020",1,1,1
"10.1016/j.matcom.2008.09.007",1,1,1
"10.1109/tits.2019.2910159",1,1,1
"10.3390/su11082413",1,1,1
"10.3141/2111-07",1,1,1
"10.1080/17445760.2016.1218876",1,1,1
"10.1016/s0304-3800(97)00069-0",1,1,1
"10.1185/03007995.2015.1037729",1,1,1
"10.1016/j.ifacol.2019.12.422",1,1,1
"10.1007/s10015-011-0970-4",1,1,1
"10.1142/s0219525915500125",1,1,1
"10.1080/23311916.2019.1582309",1,1,1
"10.1007/s10707-018-00339-6",1,1,1
"10.1007/s10668-016-9792-9",1,1,1
"10.1075/is.12.3.05dol",1,1,1
"10.1016/j.eswa.2010.08.147",1,1,1
"10.1023/a:1010229506863",1,1,1
"10.5194/hess-27-1607-2023",1,1,1
"10.1002/psp.692",1,1,1
"10.1016/j.ifacol.2020.12.203",1,1,1
"10.3389/fpsyg.2018.00812",1,1,1
"10.1111/rssc.12594",1,1,1
"10.1007/s13280-022-01827-8",1,1,1
"10.1371/journal.pone.0207120",1,1,1
"10.1108/13527591111159018",1,1,1
"10.1007/978-3-319-12784-2_4",2,0,0
"10.1371/journal.pone.0150513",1,1,1
"10.1016/j.gloenvcha.2021.102358",1,1,1
"10.1016/j.ins.2022.03.057",1,1,1
"10.1587/transfun.2019map0008",1,1,1
"10.1016/j.jedc.2007.01.025",1,1,1
"10.1155/2021/8835859",1,1,1
"10.4103/jmss.jmss_33_18",1,1,1
"10.1127/1863-9135/2007/0169-0293",1,1,1
"10.1016/j.cie.2019.01.026",1,1,1
"10.4324/9780203965573",2,0,0
"10.1002/1438-390x.12047",1,1,1
"10.1007/s11067-017-9339-0",1,1,1
"10.1177/0190272519882389",1,1,1
"10.1109/tste.2014.2313882",1,1,1
"10.2105/ajph.2017.303685",1,1,1
"10.1006/tpbi.1998.1378",1,1,1
"10.1002/j.1839-4655.2016.tb00366.x",1,1,1
"10.1080/00207179.2010.535174",1,1,1
"10.1108/01439910110365421",1,1,1
"10.3390/agriculture12020280",1,1,1
"10.1007/s12555-019-0795-9",1,1,1
"10.1007/s10100-023-00843-7",1,1,1
"10.1002/cpe.6657",1,1,1
"10.1080/12460125.2019.1620566",1,1,1
"10.1007/978-3-031-21127-0_49",1,1,1
"10.1016/j.ifacol.2023.01.121",1,1,1
"10.1086/722164",1,1,1
"10.1016/j.ress.2020.107349",1,1,1
"10.1109/access.2018.2824341",1,1,1
"10.1016/j.cpc.2010.08.018",1,1,1
"10.1109/access.2020.3048723",1,1,1
"10.1109/tac.2019.2912533",1,1,1
"10.4018/irmj.2016100104",1,1,1
"10.1053/j.ajkd.2019.10.001",1,1,1
"10.18564/jasss.4100",1,1,1
"10.1109/icdcs.2019.00159",1,1,1
"10.20965/jaciii.2011.p0233",1,1,1
"10.1016/j.procs.2016.04.154",1,1,1
"10.1177/1548512915621973",1,1,1
"10.1080/00220388.2010.492861",1,1,1
"10.1109/isc251055.2020.9239076",1,1,1
"10.4018/ijkm.2021070106",1,1,1
"10.18564/jasss.4531",1,1,1
"10.1080/23307706.2022.2161650",1,1,1
"10.1007/978-3-319-30298-0_36",1,1,1
"10.1111/j.1365-2745.2009.01562.x",1,1,1
"10.1371/journal.pcbi.1009577",1,1,1
"10.3390/a15080270",1,1,1
"10.1186/1472-6963-13-440",1,1,1
"10.1371/journal.pone.0238019",1,1,1
"10.3233/isp-210017",1,1,1
"10.1089/thy.2015.0300",1,1,1
"10.1093/bib/bbl014",1,1,1
"10.1137/18m1173320",1,1,1
"10.1016/j.jpolmod.2010.12.003",1,1,1
"10.1109/tsmc.2018.2859364",1,1,1
"10.1080/13696998.2022.2147771",1,1,1
"10.1002/rnc.6901",1,1,1
"10.1016/j.egyr.2022.09.014",1,1,1
"10.1080/00324728.2018.1490450",1,1,1
"10.1007/s11403-020-00285-3",1,1,1
"10.1155/2021/5618287",1,1,1
"10.1109/tac.2012.2220032",1,1,1
"10.1016/j.ifacol.2019.12.384",1,1,1
"10.3390/su13020714",1,1,1
"10.4028/www.scientific.net/amm.20-23.1292",1,1,1
"10.1586/14737167.2015.1021336",1,1,1
"10.1186/s40621-022-00381-x",1,1,1
"10.1080/17477778.2020.1718022",1,1,1
"10.1016/j.isatra.2023.03.044",2,0,0
"10.1016/j.jfranklin.2021.04.011",1,1,1
"10.1007/978-3-319-47253-9_31",1,1,1
"10.1007/978-3-319-60240-0_20",1,1,1
"10.1016/j.eswa.2008.10.084",1,1,1
"10.1016/j.ecoinf.2023.102224",1,1,1
"10.1016/j.joep.2013.01.002",1,1,1
"10.1177/08982643211018918",1,1,1
"10.1007/978-3-319-19728-9_33",1,1,1
"10.1016/j.advengsoft.2004.09.001",1,1,1
"10.1080/03081060.2017.1283159",1,1,1
"10.3389/fevo.2022.971161",1,1,1
"10.1016/j.ijpe.2009.06.014",1,1,1
"10.1111/jiec.12281",1,1,1
"10.3141/2563-01",1,1,1
"10.1542/peds.2016-2998",1,1,1
"10.1504/ijbic.2012.044927",1,1,1
"10.1016/j.apenergy.2020.115130",1,1,1
"10.1016/j.cmpb.2023.107369",1,1,1
"10.1109/ictai.2001.974465",1,1,1
"10.1109/tsg.2015.2418334",1,1,1
"10.1007/s10735-012-9412-4",1,1,1
"10.1007/s13177-019-00183-4",1,1,1
"10.1016/j.apenergy.2015.02.039",1,1,1
"10.1142/s1793962317500635",1,1,1
"10.1115/1.3290764",1,1,1
"10.1371/journal.pone.0215042",1,1,1
"10.1016/j.automatica.2017.03.011",1,1,1
"10.1186/1751-0473-3-6",1,1,1
"10.1016/j.eneco.2021.105530",1,1,1
"10.1142/s0218202522500488",1,1,1
"10.3390/systems5040053",1,1,1
"10.1142/s0219525911003360",1,1,1
"10.1186/s12936-015-0751-y",1,1,1
"10.1109/tcsi.2022.3205364",1,1,1
"10.1007/s00526-020-1718-6",1,1,1
"10.1023/a:1011246304650",1,1,1
"10.1016/j.trpro.2017.01.053",1,1,1
"10.1080/09537280412331298193",1,1,1
"10.1186/s12879-015-0887-y",1,1,1
"10.1147/rd.513.0477",1,1,1
"10.1016/j.annepidem.2014.11.011",1,1,1
"10.1155/2019/6510396",1,1,1
"10.1086/644755",1,1,1
"10.1007/s13369-022-06673-0",1,1,1
"10.1016/j.automatica.2022.110582",1,1,1
"10.1016/s0957-4174(03)00099-x",1,1,1
"10.1002/jia2.26020",1,1,1
"10.1186/s12879-019-3703-2",1,1,1
"10.4028/www.scientific.net/amm.668-669.1476",1,1,1
"10.1002/asjc.1801",1,1,1
"10.1016/j.jce.2013.04.003",1,1,1
"10.1016/j.ejor.2012.02.026",1,1,1
"10.1093/icc/dtac030",1,1,1
"10.3233/978-1-61499-434-3-160",1,1,1
"10.1016/j.ejor.2017.10.041",1,1,1
"10.1016/j.foreco.2009.10.019",1,1,1
"10.1088/1748-9326/11/6/064010",1,1,1
"10.1038/s41598-022-14646-4",1,1,1
"10.1111/ele.13226",1,1,1
"10.5367/te.2013.0330",1,1,1
"10.1007/s10776-006-0053-y",1,1,1
"10.18564/jasss.3450",1,1,1
"10.1098/rsos.190225",1,1,1
"10.1080/088395197118055",1,1,1
"10.1016/j.procs.2015.05.048",1,1,1
"10.1109/iiai-aai.2014.98",1,1,1
"10.1007/s00191-010-0200-6",1,1,1
"10.1109/kimas.2007.369831",1,1,1
"10.1080/21680566.2021.1997672",1,1,1
"10.3390/su13084437",1,1,1
"10.1007/s10586-019-02906-4",1,1,1
"10.1007/978-3-319-39324-7_14",1,1,1
"10.1053/j.gastro.2017.10.036",1,1,1
"10.1016/j.compstruc.2017.04.019",1,1,1
"10.1016/j.eswa.2011.07.084",1,1,1
"10.1111/add.14178",1,1,1
"10.1109/tcyb.2018.2829713",1,1,1
"10.1007/s10588-011-9103-9",1,1,1
"10.1080/00036840600970104",1,1,1
"10.1109/access.2021.3060816",1,1,1
"10.1061/(asce)te.1943-5436.0000563",1,1,1
"10.3991/ijet.v5i3.1388",1,1,1
"10.1061/(asce)1076-0342(2009)15:4(305)",1,1,1
"10.1016/j.ifacol.2020.12.986",1,1,1
"10.1016/j.jedc.2020.103965",1,1,1
"10.1093/eurpub/cku134",1,1,1
"10.1016/j.scs.2021.103112",1,1,1
"10.1109/access.2019.2914669",1,1,1
"10.1017/ehs.2023.5",1,1,1
"10.1016/j.simpat.2012.02.003",1,1,1
"10.1016/j.jocs.2023.101994",1,1,1
"10.1016/j.ijpe.2010.09.022",1,1,1
"10.1057/palgrave.ejis.3000688",1,1,1
"10.1016/j.baae.2004.10.001",1,1,1
"10.1021/acssynbio.7b00121",1,1,1
"10.1007/978-3-319-42291-6_79",1,1,1
"10.1016/j.irfa.2019.04.012",1,1,1
"10.1016/j.automatica.2017.01.003",1,1,1
"10.1016/j.agsy.2005.12.001",1,1,1
"10.1007/s10015-012-0040-6",1,1,1
"10.1007/978-3-319-60240-0_36",1,1,1
"10.1016/j.ecolmodel.2017.09.019",1,1,1
"10.1007/s10588-021-09344-x",1,1,1
"10.1371/journal.pcbi.1006584",1,1,1
"10.1016/j.vaccine.2022.11.036",1,1,1
"10.1007/s11227-020-03559-6",1,1,1
"10.7307/ptt.v28i5.2033",1,1,1
"10.1080/13669877.2022.2108120",1,1,1
"10.3389/fmicb.2019.01871",1,1,1
"10.1186/2193-1801-2-21",1,1,1
"10.5751/es-08776-220126",1,1,1
"10.1186/s40294-015-0007-2",1,1,1
"10.1016/j.automatica.2016.05.006",1,1,1
"10.1186/s40294-016-0033-8",1,1,1
"10.1007/978-3-319-19629-9_22",1,1,1
"10.1002/aic.15399",1,1,1
"10.5194/aab-55-48-2012",1,1,1
"10.1371/journal.pone.0186103",1,1,1
"10.1016/j.ecolmodel.2020.109396",1,1,1
"10.1016/j.ecolmodel.2003.10.020",1,1,1
"10.1007/978-3-319-62410-5_26",1,1,1
"10.18564/jasss.2155",1,1,1
"10.1097/jto.0000000000000593",1,1,1
"10.1016/j.aei.2020.101093",1,1,1
"10.1371/journal.pone.0144545",1,1,1
"10.1111/tmi.13280",1,1,1
"10.1007/s10472-018-9588-8",1,1,1
"10.1016/j.chest.2020.08.2112",1,1,1
"10.1016/j.jtbi.2003.08.002",1,1,1
"10.1016/j.apm.2009.04.007",1,1,1
"10.1007/978-3-319-47253-9_42",1,1,1
"10.1016/j.najef.2020.101321",1,1,1
"10.1007/s11431-019-9543-4",1,1,1
"10.1016/j.ecolmodel.2016.12.011",1,1,1
"10.1038/s41598-020-72999-0",1,1,1
"10.1007/s12555-018-0172-0",1,1,1
"10.1109/tsipn.2023.3244113",1,1,1
"10.1111/trf.16826",1,1,1
"10.1784/insi.2008.50.2.70",1,1,1
"10.1061/(asce)co.1943-7862.0001944",1,1,1
"10.1007/978-3-030-21733-4_4",1,1,1
"10.1016/j.healthpol.2020.04.006",1,1,1
"10.1002/rnc.5641",1,1,1
"10.3354/meps10813",1,1,1
"10.1111/j.1530-9290.2011.00413.x",1,1,1
"10.1002/rnc.1751",1,1,1
"10.1109/iita.workshops.2008.84",1,1,1
"10.1007/s00285-023-01902-y",1,1,1
"10.1007/s10015-017-0380-3",1,1,1
"10.1155/2018/7831317",1,1,1
"10.1631/fitee.1601608",1,1,1
"10.3926/jiem.2012",1,1,1
"10.1111/meca.12391",1,1,1
"10.3390/s18061795",1,1,1
"10.1016/j.jebo.2014.04.027",1,1,1
"10.1080/00207179.2017.1359422",1,1,1
"10.3390/app10031067",1,1,1
"10.1177/10775463221126313",1,1,1
"10.1080/17477778.2021.1965501",1,1,1
"10.1016/j.ecolmodel.2021.109505",1,1,1
"10.1016/j.sysconle.2018.12.006",1,1,1
"10.1109/access.2019.2903137",1,1,1
"10.1016/j.jinsphys.2014.03.004",1,1,1
"10.4161/hv.25635",1,1,1
"10.2316/journal.201.2012.1.201-2314",1,1,1
"10.1007/s13676-014-0070-4",1,1,1
"10.1016/j.softx.2019.03.006",1,1,1
"10.18564/jasss.2625",1,1,1
"10.1108/f-10-2018-0132",1,1,1
"10.1016/j.automatica.2012.03.017",1,1,1
"10.1007/s10100-015-0391-x",1,1,1
"10.1080/15732479.2020.1713170",1,1,1
"10.1139/cjfas-2015-0569",1,1,1
"10.1016/j.ifacol.2017.08.155",1,1,1
"10.1002/asjc.1022",1,1,1
"10.1080/13504851.2020.1854657",1,1,1
"10.3390/a15120475",1,1,1
"10.1007/978-1-4419-0522-2_14",1,1,1
"10.1109/tac.2022.3207866",1,1,1
"10.1016/j.simpat.2020.102189",1,1,1
"10.3233/jifs-179355",1,1,1
"10.3141/2088-14",1,1,1
"10.1111/j.1600-0706.2010.18597.x",1,1,1
"10.1007/s10888-020-09454-7",1,1,1
"10.1155/2019/6863480",1,1,1
"10.3166/ejc.17.526-546",1,1,1
"10.1016/s0921-8890(03)00040-x",1,1,1
"10.1007/s10845-015-1170-1",1,1,1
"10.1016/j.enpol.2016.07.027",1,1,1
"10.1093/bioinformatics/btad374",1,1,1
"10.1007/s11424-016-5243-9",1,1,1
"10.1139/f10-164",1,1,1
"10.1186/s13756-019-0628-x",1,1,1
"10.1098/rsif.2020.0898",1,1,1
"10.1155/2022/3565515",1,1,1
"10.1016/j.eswa.2013.07.111",1,1,1
"10.1016/j.sysconle.2006.08.010",2,0,0
"10.1002/acs.3427",1,1,1
"10.1016/j.amjmed.2018.12.037",1,1,1
"10.1049/rpg2.12310",1,1,1
"10.1371/journal.pone.0145135",1,1,1
"10.1007/s10237-021-01466-0",1,1,1
"10.1515/jmc-2013-0039",1,1,1
"10.1016/j.micinf.2020.09.006",1,1,1
"10.18564/jasss.1498",1,1,1
"10.1016/j.ecocom.2015.03.005",1,1,1
"10.1016/j.ifacol.2018.10.166",1,1,1
"10.3390/fractalfract7040322",1,1,1
"10.1016/j.buildenv.2019.106597",1,1,1
"10.1002/rra.3845",1,1,1
"10.18564/jasss.3269",1,1,1
"10.1371/journal.pcbi.1009146",1,1,1
"10.1080/14029251.2015.996444",1,1,1
"10.1177/0272989x17738753",1,1,1
"10.1016/j.ecolmodel.2010.07.020",1,1,1
"10.1631/fitee.2000204",1,1,1
"10.1137/15m1043224",1,1,1
"10.1111/jbi.14318",1,1,1
"10.18564/jasss.2927",1,1,1
"10.1016/j.asoc.2010.12.017",1,1,1
"10.1016/j.jclepro.2019.01.303",1,1,1
"10.4054/demres.2014.31.14",1,1,1
"10.1002/acr.22796",1,1,1
"10.1016/j.drugpo.2020.102841",1,1,1
"10.1016/j.agsy.2015.06.005",1,1,1
"10.1016/j.fishres.2011.01.030",1,1,1
"10.1109/tnnls.2021.3060187",1,1,1
"10.1016/j.prevetmed.2015.12.012",1,1,1
"10.3390/app10082798",1,1,1
"10.2753/eee0012-8775470501",1,1,1
"10.1016/j.neucom.2020.12.077",1,1,1
"10.3390/app9050954",1,1,1
"10.1016/j.compenvurbsys.2019.02.006",1,1,1
"10.1016/j.mbs.2019.108245",1,1,1
"10.1109/mis.2009.10",1,1,1
"10.1111/1365-2656.12054",1,1,1
"10.1109/tcns.2022.3144129",1,1,1
"10.1109/jiot.2018.2871255",1,1,1
"10.1109/ojits.2023.3290815",1,1,1
"10.1007/s11150-009-9076-3",1,1,1
"10.1007/s11069-021-04576-1",1,1,1
"10.1007/s10115-018-1289-4",1,1,1
"10.1177/0361198118798297",1,1,1
"10.1016/j.ijmedinf.2018.02.001",1,1,1
"10.1016/j.ecolmodel.2017.05.013",1,1,1
"10.1109/ojits.2022.3165769",1,1,1
"10.1007/s40096-017-0224-2",1,1,1
"10.1016/j.drugpo.2011.05.017",1,1,1
"10.1177/03611981221114116",1,1,1
"10.1016/j.jedc.2005.10.014",1,1,1
"10.1080/19439342.2015.1025815",1,1,1
"10.3354/meps12870",1,1,1
"10.1016/j.neucom.2017.04.028",1,1,1
"10.1080/00207179.2015.1017738",1,1,1
"10.1016/j.jairtraman.2018.05.009",1,1,1
"10.1016/j.ijpe.2021.108150",1,1,1
"10.1007/s11113-023-09781-3",1,1,1
"10.1142/s0219530522400073",1,1,1
"10.1016/j.procs.2020.03.115",1,1,1
"10.1016/j.ecolmodel.2012.01.025",1,1,1
"10.1007/978-3-319-47253-9_2",1,1,1
"10.1016/j.ifacol.2020.12.2862",1,1,1
"10.1371/journal.pone.0262430",1,1,1
"10.3389/fenvs.2022.924509",1,1,1
"10.1007/s11403-017-0200-9",1,1,1
"10.1016/j.ecolmodel.2012.12.009",1,1,1
"10.1177/0042098009346326",1,1,1
"10.1142/s0218202519500015",1,1,1
"10.3390/su131910773",1,1,1
"10.1007/978-3-319-25524-8_36",1,1,1
"10.1016/j.eij.2022.10.002",1,1,1
"10.1007/s12076-023-00336-w",1,1,1
"10.1109/icdip.2009.14",1,1,1
"10.1002/cncr.26009",1,1,1
"10.2174/2352096511666180116153944",1,1,1
"10.3141/2255-18",1,1,1
"10.1111/1365-2664.13564",1,1,1
"10.2147/copd.s181194",1,1,1
"10.1007/s10614-013-9375-x",1,1,1
"10.1016/j.ecolmodel.2017.04.006",1,1,1
"10.1073/pnas.1503749112",1,1,1
"10.1007/978-3-319-59394-4_6",1,1,1
"10.1016/j.ifacol.2016.07.699",1,1,1
"10.2217/cer.13.53",1,1,1
"10.1016/s1520-765x(01)90039-2",1,1,1
"10.1016/j.ejor.2011.05.031",1,1,1
"10.1016/j.ijepes.2022.108625",1,1,1
"10.1142/s0129183115501351",1,1,1
"10.3389/fenvs.2020.00103",1,1,1
"10.1136/jech-2015-205621",1,1,1
"10.1007/s10623-022-01048-w",1,1,1
"10.1037/rev0000291",1,1,1
"10.1016/s0304-3800(00)00373-2",1,1,1
"10.3390/su142013383",1,1,1
"10.7326/0003-4819-155-1-201107050-00003",1,1,1
"10.1016/j.jtbi.2018.05.039",1,1,1
"10.1111/ecog.06039",1,1,1
"10.1016/j.ijepes.2023.109014",1,1,1
"10.1111/j.1600-0706.2009.17943.x",1,1,1
"10.1108/ejm-02-2016-0108",1,1,1
"10.1016/j.amar.2016.05.001",1,1,1
"10.1038/s41598-017-17441-8",1,1,1
"10.1016/j.compenvurbsys.2012.03.006",1,1,1
"10.1111/j.1468-0475.2007.00414.x",1,1,1
"10.3390/e24050638",1,1,1
"10.3390/s110807420",1,1,1
"10.1080/19427867.2020.1805681",1,1,1
"10.1007/s13278-012-0048-x",1,1,1
"10.1017/s0950268818000961",1,1,1
"10.1109/tnnls.2017.2690322",1,1,1
"10.18564/jasss.3550",1,1,1
"10.1145/3155338",1,1,1
"10.3171/2018.3.focus1830",1,1,1
"10.1016/j.ins.2015.09.032",1,1,1
"10.1109/tnsm.2020.2996304",1,1,1
"10.1016/j.asoc.2003.10.001",1,1,1
"10.1109/eem.2017.7981906",1,1,1
"10.3390/s23021025",1,1,1
"10.1007/s11192-016-2108-x",1,1,1
"10.1111/caim.12404",1,1,1
"10.1016/j.robot.2019.103328",1,1,1
"10.1016/j.jtbi.2014.02.027",1,1,1
"10.1002/rnc.3988",1,1,1
"10.1016/j.cie.2020.106735",1,1,1
"10.2331/fishsci.68.sup1_463",1,1,1
"10.5751/es-10079-230211",1,1,1
"10.1109/tits.2022.3168232",1,1,1
"10.22075/ijnaa.2020.4598",1,1,1
"10.1002/cncr.30070",1,1,1
"10.1073/pnas.2113912119",1,1,1
"10.1109/conisoft55708.2022.00014",1,1,1
"10.1016/j.ijepes.2021.107535",1,1,1
"10.1007/s10816-016-9309-8",1,1,1
"10.1163/156855309x452557",1,1,1
"10.1007/s00521-022-08011-9",1,1,1
"10.1109/tvt.2021.3076105",1,1,1
"10.1007/s10015-015-0198-9",1,1,1
"10.5751/es-07511-200218",1,1,1
"10.1109/mmcs.2009.5256738",1,1,1
"10.1016/j.geoforum.2012.06.017",1,1,1
"10.1155/2021/6593218",1,1,1
"10.1016/j.ifacol.2017.08.1540",1,1,1
"10.1007/s40747-023-01172-7",1,1,1
"10.1109/fcst.2009.71",1,1,1
"10.1111/j.1600-0706.2013.00921.x",1,1,1
"10.1111/itor.12017",1,1,1
"10.1061/(asce)be.1943-5592.0001381",1,1,1
"10.1175/wcas-d-21-0089.1",1,1,1
"10.1016/j.eng.2020.06.005",1,1,1
"10.1007/s11721-017-0137-6",1,1,1
"10.1016/j.strueco.2022.06.004",1,1,1
"10.1080/09511920500064714",1,1,1
"10.1016/j.landusepol.2022.106304",1,1,1
"10.1080/15472450.2014.941758",1,1,1
"10.1016/j.landusepol.2013.02.010",1,1,1
"10.1016/j.ifacol.2019.06.003",1,1,1
"10.1109/tcsii.2021.3059074",1,1,1
"10.1093/bib/bbp073",1,1,1
"10.1007/s11432-016-0498-8",1,1,1
"10.3390/computation10120223",1,1,1
"10.1016/j.csr.2010.10.011",1,1,1
"10.1016/j.sysconle.2007.08.009",1,1,1
"10.1016/j.bica.2014.03.001",1,1,1
"10.1109/access.2022.3231039",1,1,1
"10.1177/0272989x16668509",1,1,1
"10.1016/j.ypmed.2017.10.021",1,1,1
"10.4414/smw.2019.20082",1,1,1
"10.1109/issnip.2007.4496881",1,1,1
"10.4316/aece.2010.01014",1,1,1
"10.1080/00207721.2019.1567865",1,1,1
"10.1016/j.resconrec.2016.09.033",1,1,1
"10.1142/s0219525921500156",1,1,1
"10.20965/ijat.2020.p1013",1,1,1
"10.2478/jaiscr-2018-0026",1,1,1
"10.1155/2023/4025210",1,1,1
"10.1109/jbhi.2021.3139575",1,1,1
"10.1016/j.ecolmodel.2021.109847",1,1,1
"10.1109/tpwrs.2014.2340393",1,1,1
"10.1016/j.ijepes.2020.106400",1,1,1
"10.1007/978-3-642-39829-2_13",1,1,1
"10.1016/j.compbiomed.2017.01.016",1,1,1
"10.1098/rspb.2022.0281",1,1,1
"10.1016/j.csbj.2019.12.015",1,1,1
"10.1109/codit55151.2022.9804145",1,1,1
"10.1006/jpdc.1997.1394",1,1,1
"10.1166/asl.2017.10210",1,1,1
"10.3926/ic.1358",1,1,1
"10.1016/j.jmsy.2021.03.017",1,1,1
"10.1016/j.neucom.2014.09.037",1,1,1
"10.1016/j.jenvman.2018.07.090",1,1,1
"10.1109/iita.2008.548",1,1,1
"10.1109/tste.2017.2733342",1,1,1
"10.1007/s40866-018-0042-0",1,1,1
"10.1139/f07-031",1,1,1
"10.1111/1365-2664.13374",1,1,1
"10.1080/15568318.2020.1847368",1,1,1
"10.1515/ace-2017-0028",1,1,1
"10.36680/j.itcon.2020.023",1,1,1
"10.1109/tii.2012.2219061",1,1,1
"10.1109/csnt.2013.79",1,1,1
"10.1109/mis.2008.76",1,1,1
"10.1002/eap.2449",1,1,1
"10.1109/access.2019.2902846",1,1,1
"10.1177/0272989x19862560",1,1,1
"10.1016/j.jas.2017.11.001",1,1,1
"10.1007/s10198-018-0977-z",1,1,1
"10.1186/1752-0509-1-46",1,1,1
"10.1002/jwmg.21944",1,1,1
"10.1016/j.engappai.2018.03.003",1,1,1
"10.1007/s10956-009-9152-8",1,1,1
"10.3390/app13053027",1,1,1
"10.1088/1748-9326/ac62ac",1,1,1
"10.1002/rnc.3509",1,1,1
"10.1177/09589287221080700",1,1,1
"10.3141/1925-10",1,1,1
"10.1007/978-3-319-73888-8_60",1,1,1
"10.1145/3362752.3362770",1,1,1
"10.1016/j.diabres.2023.110577",1,1,1
"10.7717/peerj.2678",1,1,1
"10.3390/math9050485",1,1,1
"10.1016/j.ecolmodel.2018.10.008",1,1,1
"10.1007/s10614-012-9330-2",1,1,1
"10.1093/icesjms/fsu051",1,1,1
"10.1007/978-3-319-44365-2_33",1,1,1
"10.1080/00207721.2017.1397803",1,1,1
"10.5751/es-05497-180232",1,1,1
"10.1016/j.ecoinf.2012.11.015",1,1,1
"10.1002/mma.8711",1,1,1
"10.3233/thc-161147",1,1,1
"10.1109/tac.2012.2215261",1,1,1
"10.1016/j.ijepes.2010.06.021",1,1,1
"10.1007/s11036-012-0394-y",1,1,1
"10.1111/ropr.12214",1,1,1
"10.1016/j.jas.2005.03.008",1,1,1
"10.1016/j.agee.2005.12.019",1,1,1
"10.1371/journal.pone.0166437",1,1,1
"10.1057/jos.2014.21",1,1,1
"10.1177/03611981211037543",1,1,1
"10.1016/j.ecolmodel.2006.11.026",1,1,1
"10.12989/sem.2019.70.2.169",1,1,1
"10.1109/tpwrs.2006.883687",1,1,1
"10.1186/s13071-021-04590-z",1,1,1
"10.1103/physreve.106.034405",1,1,1
"10.1053/j.ajkd.2009.11.016",1,1,1
"10.1007/s00198-014-2999-4",1,1,1
"10.1057/jos.2013.11",1,1,1
"10.1016/j.apgeog.2012.05.001",1,1,1
"10.1016/j.neucom.2014.04.058",1,1,1
"10.3390/su14159070",1,1,1
"10.1080/15325008.2015.1131764",1,1,1
"10.1016/j.healthplace.2023.103065",1,1,1
"10.1016/j.eij.2012.09.002",1,1,1
"10.1080/10511482.2022.2157218",1,1,1
"10.1007/978-1-84800-972-1_53",1,1,1
"10.18564/jasss.4496",1,1,1
"10.1109/tec.2016.2638858",1,1,1
"10.1016/j.energy.2022.124642",1,1,1
"10.1016/j.proeng.2011.11.2590",1,1,1
"10.1111/j.1574-0862.2010.00467.x",1,1,1
"10.1007/s40797-017-0049-z",1,1,1
"10.18564/jasss.4426",1,1,1
"10.1145/3291048",1,1,1
"10.1155/2018/2103625",1,1,1
"10.1109/icais.2002.1048118",1,1,1
"10.1002/num.22872",1,1,1
"10.1109/iat.2004.1343001",1,1,1
"10.1007/s10614-020-10026-0",1,1,1
"10.1016/j.physa.2006.11.088",1,1,1
"10.1016/j.cogsys.2014.02.002",1,1,1
"10.1051/mmnp/20094305",1,1,1
"10.1080/13675567.2017.1395830",1,1,1
"10.1016/j.jhevol.2021.102981",1,1,1
"10.1016/j.compbiomed.2022.105847",1,1,1
"10.1155/2013/906785",1,1,1
"10.1109/tsg.2016.2585671",1,1,1
"10.1016/j.healthplace.2021.102688",1,1,1
"10.1177/0272989x20924007",1,1,1
"10.1016/j.engappai.2018.01.011",1,1,1
"10.1016/j.jtbi.2013.01.010",1,1,1
"10.1109/ictai.2014.158",1,1,1
"10.1007/s10588-013-9170-1",1,1,1
"10.1080/00207721.2013.862582",1,1,1
"10.1080/0951192x.2019.1571232",1,1,1
"10.1016/s1474-0346(03)00015-6",1,1,1
"10.1109/tie.2011.2160140",1,1,1
"10.1016/j.eswa.2010.03.068",1,1,1
"10.1016/j.applthermaleng.2016.10.158",1,1,1
"10.1016/j.resconrec.2021.105991",1,1,1
"10.1016/j.conengprac.2015.02.007",1,1,1
"10.1103/physreve.77.021914",1,1,1
"10.7307/ptt.v27i2.1487",1,1,1
"10.3233/ifs-151844",1,1,1
"10.1504/ijdmb.2014.060050",1,1,1
"10.1371/journal.pone.0202680",1,1,1
"10.1111/evo.13736",1,1,1
"10.1016/j.mbs.2011.03.005",1,1,1
"10.1089/apc.2022.0011",1,1,1
"10.1016/j.jnca.2010.06.010",1,1,1
"10.1161/circoutcomes.119.006313",1,1,1
"10.1021/acssynbio.5b00243",1,1,1
"10.1109/saci.2007.375515",1,1,1
"10.1007/978-3-030-01159-8_21",1,1,1
"10.1080/00207179.2014.883647",1,1,1
"10.1109/tic-sth.2009.5444471",1,1,1
"10.1007/s10980-022-01410-2",1,1,1
"10.1109/access.2019.2924269",1,1,1
"10.1016/j.mcm.2010.11.026",1,1,1
"10.1109/tcyb.2020.2973592",1,1,1
"10.1080/1747423x.2011.558597",1,1,1
"10.1109/tcns.2021.3049876",1,1,1
"10.1109/tcss.2019.2962273",1,1,1
"10.1038/s41598-022-22945-z",1,1,1
"10.1016/j.ecolmodel.2007.10.023",1,1,1
"10.1177/0969141320974711",1,1,1
"10.1111/2041-210x.13498",1,1,1
"10.1108/mf-07-2014-0209",1,1,1
"10.3389/fpubh.2022.794861",1,1,1
"10.1155/2018/9315925",1,1,1
"10.1016/j.idm.2022.07.005",1,1,1
"10.1016/j.ejdp.2023.100032",1,1,1
"10.1109/tac.2011.2139450",1,1,1
"10.1007/978-3-319-27343-3_5",1,1,1
"10.1136/bmj.l5383",1,1,1
"10.1080/23744731.2020.1740060",1,1,1
"10.1525/abt.2010.72.2.9",1,1,1
"10.1109/tits.2006.874716",1,1,1
"10.1155/2017/9436054",1,1,1
"10.1016/j.engstruct.2017.03.075",1,1,1
"10.3141/2312-08",1,1,1
"10.4204/eptcs.204.7",1,1,1
"10.3389/fcimb.2016.00006",1,1,1
"10.1371/journal.pone.0205418",1,1,1
"10.1016/j.eswa.2012.09.025",1,1,1
"10.1007/s10726-013-9364-4",1,1,1
"10.1016/s0304-3800(01)00512-9",1,1,1
"10.14309/ajg.0000000000000578",1,1,1
"10.1177/03611981221107921",1,1,1
"10.3390/math10224244",1,1,1
"10.1109/lra.2020.2972889",1,1,1
"10.1016/j.autcon.2018.05.030",1,1,1
"10.1186/s12966-018-0750-9",1,1,1
"10.1136/bmjopen-2022-063150",1,1,1
"10.1111/oik.05787",1,1,1
"10.3390/math10183246",1,1,1
"10.1002/rse2.80",1,1,1
"10.1016/j.jmarsys.2020.103452",1,1,1
"10.1093/cz/zow041",1,1,1
"10.1098/rsos.191972",1,1,1
"10.1109/tccn.2023.3235719",1,1,1
"10.1086/511314",1,1,1
"10.1111/jen.12480",1,1,1
"10.1371/journal.pone.0089360",1,1,1
"10.1109/tec.2008.2001459",1,1,1
"10.1111/j.1749-8198.2010.00337.x",1,1,1
"10.1098/rspb.2011.1254",1,1,1
"10.1177/073346480102000103",1,1,1
"10.1371/journal.pone.0280979",1,1,1
"10.1109/mlsp55214.2022.9943527",1,1,1
"10.1109/access.2022.3169707",1,1,1
"10.1371/journal.pone.0203361",1,1,1
"10.1142/s1793962317420016",1,1,1
"10.1093/ietisy/e90-d.8.1243",1,1,1
"10.1200/op.20.00443",1,1,1
"10.1080/15568318.2016.1252972",1,1,1
"10.1016/j.enbuild.2018.06.068",1,1,1
"10.3390/en15072404",1,1,1
"10.1111/nrm.12008",1,1,1
"10.1103/physreve.105.024114",1,1,1
"10.3389/fbioe.2020.00757",1,1,1
"10.1007/s00034-014-9792-7",1,1,1
"10.1016/s0006-3207(02)00138-6",1,1,1
"10.1109/tnnls.2023.3269426",1,1,1
"10.1023/a:1009760512895",1,1,1
"10.1080/09640568.2010.495546",1,1,1
"10.1016/j.ecolmodel.2016.03.004",1,1,1
"10.3390/sym13060941",1,1,1
"10.3390/safety5030060",1,1,1
"10.1371/journal.pone.0147821",1,1,1
"10.1371/journal.pone.0279177",1,1,1
"10.1371/journal.pone.0017933",1,1,1
"10.1016/j.techfore.2013.12.005",1,1,1
"10.21629/jsee.2016.06.15",1,1,1
"10.1007/s11538-018-0431-5",1,1,1
"10.1007/s10956-014-9538-0",1,1,1
"10.20965/jaciii.2011.p0240",1,1,1
"10.1016/j.cosrev.2016.08.001",1,1,1
"10.1080/13658816.2010.490533",1,1,1
"10.1103/physreve.90.052816",1,1,1
"10.1142/s0218126622502814",1,1,1
"10.1016/j.compind.2006.07.008",1,1,1
"10.1016/j.est.2022.104008",1,1,1
"10.1002/asjc.444",1,1,1
"10.1109/tcst.2020.2982363",1,1,1
"10.21307/ijssis-2020-020",1,1,1
"10.1177/1065912913487258",1,1,1
"10.1177/1043463110374501",1,1,1
"10.1016/j.forpol.2019.101972",1,1,1
"10.1109/tac.2022.3210205",2,0,0
"10.1016/j.automatica.2021.109847",1,1,1
"10.1006/ijhc.1999.0322",1,1,1
"10.1016/j.ssci.2006.08.029",1,1,1
"10.1371/journal.pone.0020949",1,1,1
"10.1007/s11721-017-0151-8",1,1,1
"10.1016/j.tra.2018.08.005",1,1,1
"10.3138/q326-4625-5753-k683",1,1,1
"10.1145/3018896.3025158",1,1,1
"10.1007/978-3-319-47039-9_10",1,1,1
"10.1007/s10530-016-1357-1",1,1,1
"10.1089/hs.2019.0021",1,1,1
"10.1007/s00170-012-4392-9",1,1,1
"10.1111/ddi.12829",1,1,1
"10.1061/(asce)te.1943-5436.0000698",1,1,1
"10.1007/978-3-030-01370-7_12",1,1,1
"10.1109/tits.2018.2844199",1,1,1
"10.1016/j.compenvurbsys.2020.101573",1,1,1
"10.1007/s10462-016-9493-7",1,1,1
"10.1016/j.ecolmodel.2007.02.008",1,1,1
"10.1109/tii.2022.3229138",2,0,0
"10.1016/j.simpat.2010.05.011",1,1,1
"10.1145/3128128.3128135",1,1,1
"10.3141/2484-03",1,1,1
"10.3390/su15108336",1,1,1
"10.1016/j.ijpe.2023.108809",1,1,1
"10.1142/s0219686717500184",1,1,1
"10.1007/s11403-011-0081-2",1,1,1
"10.1109/icmlc.2008.4620804",1,1,1
"10.1016/j.jfranklin.2022.05.024",1,1,1
"10.1002/asjc.315",1,1,1
"10.1007/s11424-010-7254-2",1,1,1
"10.1177/0037549705061519",1,1,1
"10.1371/journal.pcbi.1007820",1,1,1
"10.1109/tac.2017.2729502",1,1,1
"10.1287/trsc.1120.0408",1,1,1
"10.1016/j.eswa.2023.120197",1,1,1
"10.1109/bwss.2012.18",1,1,1
"10.1007/s11403-021-00330-9",1,1,1
"10.3934/mbe.2023637",1,1,1
"10.1098/rsif.2022.0654",1,1,1
"10.1080/00207721.2021.1976305",1,1,1
"10.1109/tcyb.2018.2868786",1,1,1
"10.3389/fmicb.2021.726409",1,1,1
"10.1016/j.renene.2009.02.029",1,1,1
"10.1007/978-3-319-25210-0_3",1,1,1
"10.1016/j.jtbi.2015.06.031",1,1,1
"10.1371/journal.pntd.0007646",1,1,1
"10.1111/risa.12760",1,1,1
"10.1109/lcsys.2020.2998669",1,1,1
"10.1016/j.enpol.2011.02.041",1,1,1
"10.1109/thms.2014.2376355",1,1,1
"10.1016/j.sysconle.2020.104650",1,1,1
"10.1186/2194-3206-1-3",1,1,1
"10.1007/s40797-023-00232-8",1,1,1
"10.1162/artl_a_00261",1,1,1
"10.1007/s11229-011-9980-y",1,1,1
"10.1109/access.2020.3005359",1,1,1
"10.1002/jwmg.21829",1,1,1
"10.18564/jasss.3166",1,1,1
"10.1371/journal.pone.0234031",1,1,1
"10.1109/jsyst.2020.2979271",1,1,1
"10.3389/fevo.2022.797350",1,1,1
"10.4028/www.scientific.net/amr.468-471.173",1,1,1
"10.1111/ecog.05315",1,1,1
"10.1016/j.anbehav.2011.10.017",1,1,1
"10.1111/j.1467-9442.2011.01669.x",1,1,1
"10.1111/j.1365-2753.2012.01903.x",1,1,1
"10.1111/j.1365-294x.2012.05455.x",1,1,1
"10.1016/j.ecolecon.2017.03.032",1,1,1
"10.1002/rnc.3844",1,1,1
"10.3141/2544-09",1,1,1
"10.1134/s1064230708040187",1,1,1
"10.1016/s1385-1101(01)00045-4",1,1,1
"10.1155/2019/6960193",1,1,1
"10.3390/info9030050",1,1,1
"10.1038/srep08399",1,1,1
"10.1016/j.procir.2013.07.047",1,1,1
"10.1016/j.jtcvs.2010.09.011",1,1,1
"10.1016/s0304-3800(02)00005-4",1,1,1
"10.1371/journal.pone.0067164",1,1,1
"10.1016/j.jenvman.2016.09.008",1,1,1
"10.1073/pnas.1311874111",1,1,1
"10.1016/j.envsoft.2014.01.003",1,1,1
"10.1016/j.aquaculture.2008.11.031",1,1,1
"10.1016/j.jtbi.2020.110247",1,1,1
"10.1126/sciadv.ade3161",1,1,1
"10.1080/1540496x.2019.1604337",1,1,1
"10.3103/s014641161507007x",1,1,1
"10.1016/j.ecolecon.2013.01.022",1,1,1
"10.1016/j.econmod.2008.07.001",1,1,1
"10.3141/2497-04",1,1,1
"10.1016/j.ecolmodel.2019.108828",1,1,1
"10.1046/j.1365-2745.2000.00435.x",1,1,1
"10.1186/s13662-018-1845-y",1,1,1
"10.1016/j.envsoft.2014.07.013",1,1,1
"10.4018/ijban.2018100101",1,1,1
"10.3390/e24070983",1,1,1
"10.1186/s12915-021-00958-w",1,1,1
"10.1049/iet-cta.2014.0012",1,1,1
"10.1109/tpwrs.2013.2281038",1,1,1
"10.1016/j.egyr.2022.05.189",1,1,1
"10.1371/journal.pone.0197509",1,1,1
"10.1016/j.jtbi.2017.07.016",1,1,1
"10.1007/978-3-319-19629-9_1",1,1,1
"10.1109/tsmcb.2012.2227723",1,1,1
"10.1177/03611981221115071",1,1,1
"10.1017/s0003055403000571",1,1,1
"10.1007/s10680-015-9362-0",1,1,1
"10.1016/j.ecolmodel.2019.108823",1,1,1
"10.1016/j.simpat.2019.102020",1,1,1
"10.1111/iwj.13468",1,1,1
"10.1016/j.jaridenv.2008.07.010",1,1,1
"10.1109/tac.2022.3172594",1,1,1
"10.1016/j.procs.2015.12.033",1,1,1
"10.1109/bigdata50022.2020.9378137",1,1,1
"10.1111/2041-210x.13904",1,1,1
"10.1007/s10144-011-0298-x",1,1,1
"10.1109/tpwrs.2016.2524678",1,1,1
"10.1016/j.cpc.2010.08.037",1,1,1
"10.1186/s40723-022-00096-y",1,1,1
"10.1109/icmas.1998.699244",1,1,1
"10.1007/s12555-021-0170-5",1,1,1
"10.1007/s00296-014-2967-5",1,1,1
"10.1177/03611981211029641",1,1,1
"10.1016/j.jedc.2014.07.002",1,1,1
"10.1016/j.engappai.2006.06.002",1,1,1
"10.1002/asjc.3094",1,1,1
"10.1016/j.ins.2011.06.011",1,1,1
"10.1007/s40797-017-0055-1",1,1,1
"10.1016/j.epsr.2022.108365",1,1,1
"10.1038/s41598-023-34207-7",1,1,1
"10.1371/journal.pone.0231521",1,1,1
"10.1016/j.eswa.2022.117629",1,1,1
"10.1016/j.pdisas.2023.100277",1,1,1
"10.3831/kpi.2022.25.1.37",1,1,1
"10.1109/tpwrs.2021.3070161",1,1,1
"10.1016/j.ecolmodel.2010.11.002",1,1,1
"10.1007/978-3-319-59294-7_10",1,1,1
"10.1007/978-3-662-46823-4_9",1,1,1
"10.1002/2050-7038.13082",1,1,1
"10.1007/978-3-319-30307-9_14",1,1,1
"10.1007/s10980-006-9065-3",1,1,1
"10.1016/j.eswa.2010.07.066",1,1,1
"10.1016/j.compag.2005.02.016",1,1,1
"10.1371/journal.pone.0009249",1,1,1
"10.1158/1940-6207.capr-22-0455",1,1,1
"10.1177/0539018419852526",1,1,1
"10.1016/j.automatica.2011.09.027",1,1,1
"10.1097/ede.0000000000001062",1,1,1
"10.1109/tsmc.2020.2997855",1,1,1
"10.1002/ijc.31823",1,1,1
"10.1002/ece3.7478",1,1,1
"10.1002/acs.3475",1,1,1
"10.1109/tcns.2022.3212014",1,1,1
"10.3233/jcm-2010-0271",1,1,1
"10.1371/journal.pcbi.1009209",1,1,1
"10.18564/jasss.2838",1,1,1
"10.1016/j.ecolecon.2011.04.014",1,1,1
"10.4310/cms.2016.v14.n4.a4",1,1,1
"10.1109/tcst.2018.2884234",1,1,1
"10.1007/s11721-014-0100-8",1,1,1
"10.1109/tcyb.2017.2712641",1,1,1
"10.1049/pel2.12055",1,1,1
"10.1108/17563780810893491",1,1,1
"10.3390/sym10060210",1,1,1
"10.1016/j.asoc.2014.12.028",1,1,1
"10.1177/0891242419880269",1,1,1
"10.1186/s12936-018-2628-3",1,1,1
"10.1016/j.neucom.2015.05.018",1,1,1
"10.1016/s0965-9978(03)00107-8",1,1,1
"10.1016/j.jretai.2014.11.002",1,1,1
"10.3111/13696998.2015.1058805",1,1,1
"10.3390/su12166672",1,1,1
"10.1016/j.procs.2014.05.490",1,1,1
"10.1186/s13058-016-0705-5",1,1,1
"10.1080/15568318.2018.1490466",1,1,1
"10.1016/j.mehy.2015.01.027",1,1,1
"10.1155/2013/963508",1,1,1
"10.1016/j.jtbi.2012.05.012",1,1,1
"10.1007/s12080-020-00490-7",1,1,1
"10.1016/j.ifacol.2020.12.942",1,1,1
"10.3390/en14217289",1,1,1
"10.1109/tase.2022.3224984",1,1,1
"10.1177/1046878107300668",1,1,1
"10.1142/s0219877013020033",1,1,1
"10.1016/j.agwat.2021.107237",1,1,1
"10.1002/cnm.3679",1,1,1
"10.1016/s0304-3800(98)00093-3",1,1,1
"10.1111/ecog.03985",1,1,1
"10.1137/18m1177615",1,1,1
"10.1016/j.envsoft.2019.02.003",1,1,1
"10.1080/0022250x.2010.532367",1,1,1
"10.1007/s10614-020-09969-1",1,1,1
"10.1097/mbc.0000000000000610",1,1,1
"10.1016/j.ifacol.2020.12.1396",1,1,1
"10.1097/olq.0000000000001366",1,1,1
"10.3354/meps11367",1,1,1
"10.1049/itr2.12374",1,1,1
"10.1287/inte.1100.0550",1,1,1
"10.7717/peerj.14353",1,1,1
"10.1371/journal.pone.0289333",1,1,1
"10.14246/irspsd.3.3_16",1,1,1
"10.1002/int.21747",1,1,1
"10.3354/meps252061",1,1,1
"10.1016/j.jtbi.2013.03.008",1,1,1
"10.1016/j.envsoft.2017.07.009",1,1,1
"10.1177/0361198119842107",1,1,1
"10.1016/j.sysconle.2016.03.006",1,1,1
"10.2507/ijsimm21-1-co2",1,1,1
"10.1109/icecet52533.2021.9698732",1,1,1
"10.3347/kjp.2016.54.5.667",1,1,1
"10.1016/j.ecolmodel.2009.04.046",1,1,1
"10.1016/s0921-8009(97)00062-1",1,1,1
"10.1109/tac.2015.2491739",1,1,1
"10.23919/springsim.2019.8732881",2,0,0
"10.1109/tits.2007.908143",1,1,1
"10.2196/publichealth.9357",1,1,1
"10.1016/j.camwa.2012.01.079",1,1,1
"10.3390/info9060132",1,1,1
"10.1016/j.envsoft.2005.12.022",1,1,1
"10.1016/j.ecolmodel.2023.110393",1,1,1
"10.3390/s23083865",1,1,1
"10.3389/fenvs.2015.00051",1,1,1
"10.1016/j.techfore.2017.02.008",1,1,1
"10.1109/tpwrs.2018.2823641",1,1,1
"10.1016/j.ecolmodel.2007.10.001",1,1,1
"10.1016/j.physa.2016.10.040",1,1,1
"10.18564/jasss.3385",1,1,1
"10.20965/jaciii.2014.p0558",1,1,1
"10.1086/663202",1,1,1
"10.1007/978-3-642-11405-2_1",1,1,1
"10.1016/j.eswa.2015.04.009",1,1,1
"10.1016/j.eswa.2006.01.018",1,1,1
"10.1016/j.commtr.2023.100090",1,1,1
"10.1016/j.sysconle.2012.10.012",1,1,1
"10.1155/2019/2127316",1,1,1
"10.1016/j.cmpb.2023.107444",1,1,1
"10.1034/j.1600-0706.2002.970209.x",1,1,1
"10.1016/j.enpol.2018.01.060",1,1,1
"10.1080/00207179.2013.797608",1,1,1
"10.1016/j.artint.2007.04.005",1,1,1
"10.1371/journal.pcbi.1002105",1,1,1
"10.1177/10780874231169213",1,1,1
"10.1098/rsif.2013.0656",1,1,1
"10.1016/j.simpat.2010.05.012",1,1,1
"10.1016/j.jce.2009.04.008",1,1,1
"10.1111/1477-9552.12212",1,1,1
"10.1093/cid/cix370",1,1,1
"10.1371/journal.pone.0024683",1,1,1
"10.1016/j.cirp.2008.03.014",1,1,1
"10.1002/cam4.3662",1,1,1
"10.1006/jfbi.2002.1929",1,1,1
"10.1109/tcyb.2014.2366204",1,1,1
"10.1002/ecj.11786",1,1,1
"10.1111/j.1467-9876.2007.00600.x",1,1,1
"10.1016/j.neucom.2013.02.023",1,1,1
"10.1109/tcyb.2021.3062424",1,1,1
"10.1016/j.trc.2014.04.012",1,1,1
"10.1111/roiw.12413",1,1,1
"10.1111/1475-6773.12640",1,1,1
"10.1109/jstsp.2013.2246511",1,1,1
"10.2478/bsrj-2022-0022",1,1,1
"10.3390/math8030410",1,1,1
"10.1111/roiw.12035",1,1,1
"10.1370/afm.1960",1,1,1
"10.3389/fphar.2020.00333",1,1,1
"10.1080/00207179.2016.1223348",1,1,1
"10.1371/journal.pone.0079827",1,1,1
"10.1109/fskd.2007.169",1,1,1
"10.1016/j.simpat.2011.09.001",1,1,1
"10.3390/systems11060298",1,1,1
"10.1016/j.compenvurbsys.2013.03.004",1,1,1
"10.1007/s12555-022-0383-2",2,0,0
"10.1016/j.engappai.2014.06.027",1,1,1
"10.1631/fitee.2100594",1,1,1
"10.1016/j.amc.2014.08.059",1,1,1
"10.1186/s40621-019-0194-y",1,1,1
"10.1109/tpwrs.2012.2223490",1,1,1
"10.1002/cncr.30192",1,1,1
"10.1007/s00332-008-9038-6",1,1,1
"10.1109/icsmc.2009.5346284",1,1,1
"10.1016/j.ifacol.2018.06.184",1,1,1
"10.3390/math11081900",1,1,1
"10.1017/ice.2018.49",1,1,1
"10.1002/oby.22040",1,1,1
"10.1007/978-3-319-39883-9_26",1,1,1
"10.1109/tsg.2014.2363844",1,1,1
"10.1016/j.simpat.2008.04.021",1,1,1
"10.1109/access.2020.3029502",1,1,1
"10.1109/icscs.2009.5412295",2,0,0
"10.1186/s13071-016-1768-y",1,1,1
"10.1016/j.jmateco.2019.02.001",1,1,1
"10.1016/j.tics.2005.07.009",1,1,1
"10.1080/00207179.2020.1750707",1,1,1
"10.1177/1729881418769000",1,1,1
"10.1016/j.anbehav.2012.12.014",1,1,1
"10.3390/s21144636",1,1,1
"10.1109/access.2018.2853263",1,1,1
"10.1016/j.procs.2016.07.445",1,1,1
"10.1016/j.amepre.2020.02.009",1,1,1
"10.1007/s13177-023-00345-5",1,1,1
"10.1007/978-3-030-27526-6_1",1,1,1
"10.5370/jeet.2010.5.2.246",1,1,1
"10.18564/jasss.3964",1,1,1
"10.1109/ssd49366.2020.9364096",1,1,1
"10.1016/j.jval.2023.04.005",1,1,1
"10.1109/isam.2007.4288480",1,1,1
"10.1016/j.aquaculture.2021.736438",1,1,1
"10.18564/jasss.2767",1,1,1
"10.3233/thc-150932",1,1,1
"10.1016/j.wasman.2021.02.019",1,1,1
"10.1109/tnnls.2018.2868986",1,1,1
"10.1061/(asce)te.1943-5436.0000803",1,1,1
"10.1016/j.scitotenv.2009.11.045",1,1,1
"10.1093/ajh/hpac071",1,1,1
"10.1007/978-3-642-14197-3_20",1,1,1
"10.6113/jpe.2015.15.2.455",1,1,1
"10.1016/j.socscimed.2022.115350",1,1,1
"10.1007/s10888-007-9055-y",1,1,1
"10.1007/s11042-023-14843-x",2,0,0
"10.1109/access.2020.2972780",1,1,1
"10.1080/17517575.2019.1654133",1,1,1
"10.1016/j.ins.2006.08.003",1,1,1
"10.1371/journal.pone.0079531",1,1,1
"10.1109/twc.2022.3233853",2,0,0
"10.1080/00207721.2010.547630",1,1,1
"10.1037/a0015072",1,1,1
"10.1016/j.cognition.2019.01.011",1,1,1
"10.1016/j.ecolmodel.2016.11.012",1,1,1
"10.1177/1476127008093518",1,1,1
"10.1016/j.procs.2021.03.091",1,1,1
"10.1613/jair.3904",1,1,1
"10.1007/s00146-013-0529-0",1,1,1
"10.1142/s0129183197000400",1,1,1
"10.1109/access.2020.3011670",1,1,1
"10.1016/j.jclepro.2017.01.016",1,1,1
"10.1111/cogs.12683",1,1,1
"10.1007/s10620-022-07420-z",1,1,1
"10.1007/s10198-017-0884-8",1,1,1
"10.1109/tem.2020.2983416",1,1,1
"10.1109/tac.2019.2936555",1,1,1
"10.1016/j.dss.2011.03.007",1,1,1
"10.1002/rnc.4852",1,1,1
"10.3389/fams.2023.1086781",1,1,1
"10.1007/s12555-015-0103-2",1,1,1
"10.1007/s11403-018-0230-y",1,1,1
"10.1016/j.ecolmodel.2017.12.004",1,1,1
"10.1115/1.4044258",2,0,0
"10.1179/1942787514y.0000000021",1,1,1
"10.1080/00207721.2016.1193257",1,1,1
"10.1002/asjc.2535",1,1,1
"10.5325/jpoststud.5.2.0169",1,1,1
"10.1007/s00198-016-3786-1",1,1,1
"10.1177/1059712319872518",1,1,1
"10.18564/jasss.4768",1,1,1
"10.1016/j.jtbi.2007.09.015",1,1,1
"10.1007/978-3-319-25524-8_51",1,1,1
"10.3846/jcem.2019.9874",1,1,1
"10.1007/s12555-010-0614-9",1,1,1
"10.3141/2076-14",1,1,1
"10.1186/s13071-019-3611-8",1,1,1
"10.1016/j.ecolecon.2004.12.032",1,1,1
"10.3328/tl.2012.04.03.167-180",1,1,1
"10.1016/j.scico.2011.09.001",1,1,1
"10.1016/j.erss.2022.102812",1,1,1
"10.1016/j.tpb.2012.08.001",1,1,1
"10.1016/j.isatra.2021.07.044",1,1,1
"10.1016/j.jpolmod.2022.07.005",1,1,1
"10.1163/156855308x368967",1,1,1
"10.1111/j.1365-2656.2007.01244.x",1,1,1
"10.2478/pomr-2013-0020",1,1,1
"10.1080/01969720701534109",1,1,1
"10.1016/j.neucom.2011.07.032",1,1,1
"10.1080/00343400802662641",1,1,1
"10.3390/infrastructures6060085",1,1,1
"10.1080/13658816.2014.933481",1,1,1
"10.1007/978-3-319-26138-6_42",1,1,1
"10.1007/s11403-012-0096-3",1,1,1
"10.3389/fmars.2015.00090",1,1,1
"10.1111/brv.12409",1,1,1
"10.1007/s10916-015-0374-4",1,1,1
"10.1016/j.socscimed.2015.01.025",1,1,1
"10.3758/s13420-010-0009-z",1,1,1
"10.1007/s00332-017-9408-z",1,1,1
"10.1016/j.biocon.2019.03.035",1,1,1
"10.1155/2012/382316",1,1,1
"10.3141/2638-04",1,1,1
"10.3141/2096-02",1,1,1
"10.1016/j.ejcon.2021.03.002",1,1,1
"10.1088/1751-8113/47/27/275101",1,1,1
"10.1109/tcns.2020.3018703",1,1,1
"10.1049/iet-cta.2014.0061",1,1,1
"10.1086/707392",1,1,1
"10.1109/tia.2022.3172240",1,1,1
"10.1145/2872362.2872383",2,0,0
"10.1109/tetci.2022.3147011",1,1,1
"10.1186/s12918-014-0095-1",1,1,1
"10.20965/jaciii.2013.p0715",1,1,1
"10.3390/drones6120419",1,1,1
"10.1093/erae/jbr013",1,1,1
"10.3390/a10040125",1,1,1
"10.1134/s1995080219050123",1,1,1
"10.1111/jfd.12017",1,1,1
"10.1080/03081060.2020.1763655",1,1,1
"10.1016/j.epidem.2012.04.002",1,1,1
"10.1007/s13218-018-0566-4",1,1,1
"10.1016/j.ecolecon.2017.06.007",1,1,1
"10.1890/06-0854.1",1,1,1
"10.1371/journal.pone.0264983",1,1,1
"10.1007/s10994-009-5156-0",1,1,1
"10.1016/j.chb.2013.07.029",1,1,1
"10.1109/lars/sbr/wre.2018.00013",1,1,1
"10.1093/ietisy/e88-d.5.1004",1,1,1
"10.3390/math8020198",1,1,1
"10.1186/s40854-022-00371-4",1,1,1
"10.3390/su10113977",1,1,1
"10.1109/jas.2022.105551",1,1,1
"10.1109/access.2017.2656881",1,1,1
"10.1016/j.ifacol.2016.10.199",1,1,1
"10.1109/lars/sbr/wre.2018.00022",1,1,1
"10.1098/rspb.2014.1072",1,1,1
"10.3390/a16070338",1,1,1
"10.1016/j.ress.2021.108030",1,1,1
"10.1016/j.agsy.2018.04.008",1,1,1
"10.1007/978-3-319-19728-9_35",1,1,1
"10.1007/s12008-014-0257-9",1,1,1
"10.17535/crorr.2022.0016",1,1,1
"10.1046/j.1365-2427.2002.01008.x",1,1,1
"10.18046/j.estger.2019.153.3231",1,1,1
"10.1109/access.2019.2942352",1,1,1
"10.1093/imaman/dpr021",1,1,1
"10.1111/j.1467-8640.2007.00302.x",1,1,1
"10.1016/j.jclepro.2014.10.083",1,1,1
"10.1016/j.automatica.2011.08.036",1,1,1
"10.1016/j.ijpe.2004.12.011",1,1,1
"10.1080/00207721.2022.2076174",1,1,1
"10.1162/artl_a_00029",1,1,1
"10.1016/j.procs.2019.09.182",1,1,1
"10.1109/jsyst.2017.2726081",1,1,1
"10.1007/s42001-019-00041-z",1,1,1
"10.1007/978-3-030-03232-6_21",1,1,1
"10.1109/tcss.2021.3066074",1,1,1
"10.1136/bmjopen-2017-019169",1,1,1
"10.1016/j.cor.2007.01.027",1,1,1
"10.1007/s11219-015-9291-5",1,1,1
"10.1139/f10-129",1,1,1
"10.1162/artl.2007.13.3.303",1,1,1
"10.34172/ijhpm.2023.7103",1,1,1
"10.1007/s00285-004-0298-y",1,1,1
"10.1192/bjo.2019.26",1,1,1
"10.1016/j.ifacol.2015.06.120",1,1,1
"10.3390/app9204385",1,1,1
"10.1007/s00198-014-2815-1",1,1,1
"10.1038/s41598-021-95336-5",1,1,1
"10.4258/hir.2013.19.3.162",1,1,1
"10.3141/2667-09",1,1,1
"10.1080/03081060.2016.1160580",1,1,1
"10.1016/j.frl.2017.09.014",1,1,1
"10.1016/j.ecolmodel.2017.02.016",1,1,1
"10.1016/s2213-8587(18)30303-6",1,1,1
"10.1007/s13198-021-01228-2",1,1,1
"10.1038/srep00881",1,1,1
"10.1016/j.jval.2011.05.010",1,1,1
"10.1016/j.sysconle.2020.104814",1,1,1
"10.1016/j.cag.2020.02.007",1,1,1
"10.1080/19439342.2014.994656",1,1,1
"10.3390/en13112829",1,1,1
"10.18564/jasss.2669",1,1,1
"10.1007/s10956-022-10022-z",1,1,1
"10.1049/iet-cta.2014.0511",1,1,1
"10.1109/wcica.2008.4593484",1,1,1
"10.1016/j.ecolmodel.2012.11.010",1,1,1
"10.1017/s0263574713000994",1,1,1
"10.1016/j.ecolmodel.2018.05.015",1,1,1
"10.1007/s10955-013-0805-x",1,1,1
"10.1002/rnc.6381",1,1,1
"10.1016/j.eswa.2008.08.048",1,1,1
"10.1016/j.ifacol.2019.11.572",1,1,1
"10.1049/iet-cta.2013.0236",1,1,1
"10.1017/ice.2020.14",1,1,1
"10.1016/j.procs.2017.08.057",1,1,1
"10.1016/j.simpat.2018.03.006",1,1,1
"10.1016/j.ifacol.2020.12.417",1,1,1
"10.4018/ijiit.2014010101",1,1,1
"10.1016/j.resconrec.2020.105193",1,1,1
"10.1109/tpwrs.2011.2144626",1,1,1
"10.1109/smc.2013.464",1,1,1
"10.1016/j.physbeh.2006.11.008",1,1,1
"10.1007/978-3-319-19728-9_16",1,1,1
"10.18564/jasss.3984",1,1,1
"10.1016/j.athoracsur.2005.03.064",1,1,1
"10.1111/j.1365-294x.2005.02553.x",1,1,1
"10.31449/inf.v43i3.2381",1,1,1
"10.1109/icebe.2008.31",1,1,1
"10.1016/j.procs.2019.04.103",1,1,1
"10.1007/s10614-018-9792-y",1,1,1
"10.1371/journal.pcbi.1008660",1,1,1
"10.1002/ece3.9754",1,1,1
"10.3390/en13215581",1,1,1
"10.1016/j.ecolmodel.2019.01.019",1,1,1
"10.1016/j.neucom.2008.08.020",1,1,1
"10.2316/journal.201.2012.1.201-2323",1,1,1
"10.1016/j.jtbi.2005.03.019",1,1,1
"10.3390/ijms20246246",1,1,1
"10.1007/978-3-030-29908-8_57",1,1,1
"10.3233/978-1-61499-254-7-395",1,1,1
"10.1016/j.econmod.2018.06.004",1,1,1
"10.1016/j.ecolmodel.2015.07.026",1,1,1
"10.1016/j.cnsns.2023.107455",1,1,1
"10.1007/s11023-019-09489-4",1,1,1
"10.1016/j.ejor.2004.01.055",1,1,1
"10.1007/s12555-011-0612-6",1,1,1
"10.1109/tsg.2018.2810287",1,1,1
"10.1214/07-ps094",1,1,1
"10.1007/s11403-021-00317-6",1,1,1
"10.1371/journal.pcbi.1008428",1,1,1
"10.1016/j.egypro.2012.09.048",2,0,0
"10.1016/j.healthplace.2011.12.010",1,1,1
"10.1108/ecam-11-2018-0524",1,1,1
"10.1007/s10489-006-6935-y",1,1,1
"10.1007/s00366-020-01028-5",1,1,1
"10.1155/2017/4978613",1,1,1
"10.1016/j.jval.2022.08.006",1,1,1
"10.1007/s10499-008-9232-4",1,1,1
"10.3390/electronics9091430",1,1,1
"10.1007/s00500-022-06903-5",1,1,1
"10.15388/informatica.2015.56",1,1,1
"10.1111/ddi.12487",1,1,1
"10.1016/j.automatica.2013.01.029",1,1,1
"10.1109/ivs.2009.5164261",1,1,1
"10.1109/tits.2014.2331453",1,1,1
"10.1016/j.future.2022.01.009",1,1,1
"10.1109/tmech.2022.3231079",2,0,0
"10.1016/j.jhazmat.2021.126137",1,1,1
"10.1016/j.exis.2021.100927",1,1,1
"10.1016/j.procs.2017.05.409",1,1,1
"10.1007/s12555-017-0232-x",1,1,1
"10.1016/j.ijepes.2020.106314",1,1,1
"10.1016/j.enbuild.2021.111543",1,1,1
"10.7326/m14-0027",1,1,1
"10.1093/bib/bbt077",1,1,1
"10.1061/(asce)me.1943-5479.0001021",1,1,1
"10.1137/09075500x",1,1,1
"10.5405/jmbe.974",1,1,1
"10.1080/03081060.2014.897130",1,1,1
"10.1016/j.ecolmodel.2022.110210",1,1,1
"10.1007/978-3-319-47253-9_29",1,1,1
"10.1016/j.epidem.2022.100632",1,1,1
"10.1109/tro.2020.3031237",1,1,1
"10.1371/journal.pone.0248708",1,1,1
"10.1016/j.automatica.2016.04.043",1,1,1
"10.1007/s11165-012-9293-2",1,1,1
"10.1007/3-540-34783-6_18",1,1,1
"10.1177/0143624419862707",1,1,1
"10.1016/j.ijepes.2020.106516",1,1,1
"10.1007/s12541-018-0208-7",1,1,1
"10.1109/tkde.2022.3178819",1,1,1
"10.1108/17427371011066419",1,1,1
"10.1016/j.procs.2019.02.083",1,1,1
"10.1111/j.1365-2664.2009.01646.x",1,1,1
"10.1016/j.ifacol.2021.11.130",1,1,1
"10.1016/j.jtte.2015.03.005",1,1,1
"10.1007/s10980-014-0145-5",1,1,1
"10.1007/978-3-030-37841-7_4",1,1,1
"10.1007/s40815-023-01479-0",1,1,1
"10.1128/jcm.00813-18",1,1,1
"10.5194/isprsarchives-xl-1-w5-577-2015",1,1,1
"10.1371/journal.pone.0017661",1,1,1
"10.1057/s41599-022-01305-2",1,1,1
"10.1109/tcyb.2021.3128051",1,1,1
"10.1080/13873954.2011.601422",1,1,1
"10.1155/2016/6832573",1,1,1
"10.1016/j.est.2023.107123",1,1,1
"10.1080/09540091.2014.956291",1,1,1
"10.1016/j.rser.2020.109899",1,1,1
"10.1111/evo.12008",1,1,1
"10.1109/incos.2009.39",1,1,1
"10.1103/physreve.88.022136",1,1,1
"10.4018/jdsst.2013070103",1,1,1
"10.1007/s10901-021-09874-5",1,1,1
"10.1016/j.rser.2020.110613",1,1,1
"10.1007/s10100-017-0492-9",1,1,1
"10.1007/s00265-006-0202-4",1,1,1
"10.1073/pnas.082080499",1,1,1
"10.3389/fimmu.2019.00142",1,1,1
"10.1007/s10846-019-01057-3",1,1,1
"10.1016/j.dss.2005.05.028",1,1,1
"10.1007/s11721-020-00182-2",1,1,1
"10.1016/j.jpolmod.2019.01.001",1,1,1
"10.1080/00207543.2018.1553316",1,1,1
"10.1007/s11696-019-00687-z",1,1,1
"10.1016/j.ejcon.2017.08.005",1,1,1
"10.1016/j.dss.2010.07.013",1,1,1
"10.1016/j.tcs.2015.03.035",1,1,1
"10.1016/j.amc.2014.01.018",1,1,1
"10.1016/j.ijfoodmicro.2020.108776",1,1,1
"10.1142/s0219525911003049",1,1,1
"10.1016/j.eswa.2021.115731",1,1,1
"10.1021/es802219m",1,1,1
"10.1109/rws50334.2020.9241300",1,1,1
"10.1016/j.automatica.2022.110456",1,1,1
"10.1016/j.jneuroim.2014.05.011",1,1,1
"10.1007/s13676-013-0032-2",1,1,1
"10.1016/j.jairtraman.2020.101905",1,1,1
"10.1016/j.techfore.2012.10.005",1,1,1
"10.3727/108354206781040777",1,1,1
"10.1016/j.simpat.2013.10.002",1,1,1
"10.1007/s10588-008-9027-1",1,1,1
"10.1145/3486622.3493924",1,1,1
"10.1098/rspb.2018.0611",1,1,1
"10.1111/1475-4932.00014",1,1,1
"10.1016/j.apm.2023.05.012",1,1,1
"10.18520/cs/v116/i3/437-444",1,1,1
"10.3389/fpubh.2022.823043",1,1,1
"10.1061/(asce)cp.1943-5487.0000859",1,1,1
"10.1093/cid/ciz1103",1,1,1
"10.4018/ijicte.2020100101",1,1,1
"10.1177/0037549718777613",1,1,1
"10.1007/s11205-020-02430-8",1,1,1
"10.1086/717865",1,1,1
"10.1007/s10342-023-01539-y",1,1,1
"10.22616/erdev2019.18.n208",1,1,1
"10.1016/j.jtbi.2021.110805",1,1,1
"10.1109/tac.2021.3109520",1,1,1
"10.17645/up.v7i1.4711",1,1,1
"10.1016/s0928-7655(97)00037-7",1,1,1
"10.20965/jaciii.2014.p0581",1,1,1
"10.1002/adts.202200481",1,1,1
"10.1016/j.eneco.2022.106290",1,1,1
"10.1016/j.enpol.2016.10.020",1,1,1
"10.1007/978-3-662-48247-6_6",2,0,0
"10.1049/iet-cta.2012.0747",1,1,1
"10.1007/s10916-020-01622-6",1,1,1
"10.1016/b978-0-12-817026-7.00005-9",1,1,1
"10.1016/j.tra.2008.06.002",1,1,1
"10.1093/bioinformatics/btn362",1,1,1
"10.1177/0042098016686493",1,1,1
"10.1007/978-3-030-96302-6_55",1,1,1
"10.1177/0037549713514127",1,1,1
"10.1111/j.1654-1103.2003.tb02215.x",1,1,1
"10.1016/j.cnsns.2021.106176",1,1,1
"10.1109/tac.2018.2862471",1,1,1
"10.1890/1051-0761(2006)016[2215:toabim]2.0.co;2",1,1,1
"10.1093/europace/euq306",1,1,1
"10.1001/jamainternmed.2019.2280",1,1,1
"10.1007/s11721-014-0101-7",1,1,1
"10.1109/access.2022.3188857",1,1,1
"10.1016/j.ecolmodel.2020.109329",1,1,1
"10.1007/s00181-018-1524-6",1,1,1
"10.3390/s19071600",1,1,1
"10.1109/access.2023.3241016",1,1,1
"10.1007/s11771-014-2207-x",1,1,1
"10.1371/journal.pone.0246788",1,1,1
"10.9770/jesi.2019.7.1(21)",1,1,1
"10.1139/cjce-2014-0503",1,1,1
"10.1039/b916380h",1,1,1
"10.1080/08839514.2012.652906",1,1,1
"10.1109/dasc52595.2021.9594300",1,1,1
"10.1016/j.renene.2021.01.128",1,1,1
"10.1002/pam.22103",1,1,1
"10.3390/v14051103",1,1,1
"10.1002/rnc.3001",1,1,1
"10.1080/03081060.2021.1919348",1,1,1
"10.3390/fi14080230",1,1,1
"10.1161/circulationaha.112.147488",1,1,1
"10.1109/tcns.2019.2922169",1,1,1
"10.1287/orsc.2015.1033",1,1,1
"10.1002/asjc.2821",1,1,1
"10.1016/0169-5002(95)00510-2",1,1,1
"10.1109/tii.2016.2569506",1,1,1
"10.4018/jiit.2011040103",1,1,1
"10.1111/coin.12171",1,1,1
"10.1007/978-0-8176-8376-4_14",2,0,0
"10.3141/2130-17",1,1,1
"10.1007/s00198-009-0924-z",1,1,1
"10.1111/oik.05309",1,1,1
"10.1186/s12544-018-0336-2",1,1,1
"10.1109/tits.2022.3170000",1,1,1
"10.1016/j.jebo.2019.09.007",1,1,1
"10.1007/s10533-013-9932-3",1,1,1
"10.1016/j.ecolmodel.2009.11.023",1,1,1
"10.1155/2006/921047",1,1,1
"10.3390/e22020133",1,1,1
"10.18564/jasss.4445",1,1,1
"10.3141/2517-09",1,1,1
"10.1109/apsec.2017.27",1,1,1
"10.1061/(asce)0887-3801(2006)20:6(410)",1,1,1
"10.1007/978-3-319-23485-4_67",1,1,1
"10.1111/j.1540-5885.2005.00136.x",1,1,1
"10.3390/info10020072",1,1,1
"10.1371/journal.pmed.1003515",1,1,1
"10.1080/17457300.2023.2225162",1,1,1
"10.1504/ijhtm.2023.130276",1,1,1
"10.1080/12265934.2018.1549505",1,1,1
"10.1098/rsbl.2016.0188",1,1,1
"10.1038/srep10649",1,1,1
"10.1007/978-3-030-85739-4_12",1,1,1
"10.1007/s11116-011-9367-4",1,1,1
"10.1016/j.ecolmodel.2006.04.013",1,1,1
"10.1016/j.jocs.2021.101326",1,1,1
"10.1016/j.future.2020.07.036",1,1,1
"10.1155/2013/123072",1,1,1
"10.1007/s00191-006-0052-2",1,1,1
"10.1109/jsyst.2020.3006002",1,1,1
"10.1111/nph.17420",1,1,1
"10.1098/rsos.200158",1,1,1
"10.1080/1747423x.2011.558601",1,1,1
"10.2495/ut060291",1,1,1
"10.1016/j.ecolecon.2018.11.021",1,1,1
"10.1016/j.ecocom.2018.06.001",1,1,1
"10.1007/978-3-319-65340-2_63",1,1,1
"10.2307/4089680",1,1,1
"10.3389/fpubh.2016.00230",1,1,1
"10.1016/j.jtbi.2006.06.034",1,1,1
"10.1002/ajhb.21077",1,1,1
"10.18564/jasss.3375",1,1,1
"10.1016/j.ecolmodel.2016.09.017",1,1,1
"10.3389/frai.2020.00045",1,1,1
"10.1016/j.sysconle.2018.05.010",1,1,1
"10.1086/687235",1,1,1
"10.1136/bmjopen-2016-014626",1,1,1
"10.7717/peerj-cs.696",1,1,1
"10.18564/jasss.1729",1,1,1
"10.3389/fevo.2023.1198248",1,1,1
"10.3390/en14237992",1,1,1
"10.1177/1059712306072336",1,1,1
"10.1177/0963947018788519",1,1,1
"10.3233/aic-2012-0536",1,1,1
"10.1111/rec.12055",1,1,1
"10.1145/2993369.2993373",1,1,1
"10.1016/j.joep.2013.01.006",1,1,1
"10.1109/tcst.2017.2789182",1,1,1
"10.1108/jhlscm-07-2015-0033",1,1,1
"10.1080/15230406.2015.1129648",1,1,1
"10.1080/00324728.2017.1350281",1,1,1
"10.1006/jtbi.2000.2055",1,1,1
"10.18564/jasss.3524",1,1,1
"10.1021/acs.est.1c05633",1,1,1
"10.1109/tits.2022.3209606",1,1,1
"10.1109/oceans-genova.2015.7271355",1,1,1
"10.1016/j.neucom.2015.05.101",1,1,1
"10.3389/fphy.2018.00022",1,1,1
"10.1038/s41598-020-76969-4",1,1,1
"10.1136/bmjopen-2020-048156",1,1,1
"10.1016/j.simpat.2017.11.006",1,1,1
"10.1007/978-3-319-44427-7_9",1,1,1
"10.1371/journal.pone.0261330",1,1,1
"10.1007/s13676-013-0034-0",1,1,1
"10.1177/0894439306287021",1,1,1
"10.1016/j.jaridenv.2011.11.015",1,1,1
"10.1002/cncr.29952",1,1,1
"10.1007/978-3-319-47253-9_16",1,1,1
"10.1007/978-0-85729-799-0_36",1,1,1
"10.1377/hlthaff.28.1.w138",1,1,1
"10.1371/journal.pone.0155098",1,1,1
"10.1109/compsacw.2014.76",1,1,1
"10.1016/s0378-4371(01)00245-x",1,1,1
"10.1007/978-3-319-43940-2_9",1,1,1
"10.1016/j.automatica.2020.109081",1,1,1
"10.1061/(asce)wr.1943-5452.0001576",1,1,1
"10.1016/j.ecss.2016.01.003",1,1,1
"10.3141/1867-12",1,1,1
"10.1016/j.jebo.2012.12.019",1,1,1
"10.1016/j.physa.2012.03.009",1,1,1
"10.1016/j.promfg.2020.01.167",1,1,1
"10.1007/s11086-005-0029-1",1,1,1
"10.1371/journal.pone.0246674",1,1,1
"10.3390/ani13111735",1,1,1
"10.1007/s10980-012-9826-0",1,1,1
"10.3141/2429-05",1,1,1
"10.1073/pnas.1817154117",1,1,1
"10.1016/j.automatica.2014.10.093",1,1,1
"10.5565/rev/papers.2083",1,1,1
"10.1007/978-3-319-44365-2_24",1,1,1
"10.1007/s11069-011-9745-4",1,1,1
"10.1016/j.automatica.2022.110276",1,1,1
"10.1016/j.ecolmodel.2011.01.022",1,1,1
"10.1016/s0924-0136(97)00356-7",1,1,1
"10.1109/icais.2002.1048116",1,1,1
"10.1098/rsif.2020.0143",1,1,1
"10.1016/j.energy.2023.127010",1,1,1
"10.1001/jamanetworkopen.2018.2008",1,1,1
"10.1080/03081060.2023.2176308",1,1,1
"10.1016/j.neucom.2019.03.091",1,1,1
"10.3390/w10091139",1,1,1
"10.1109/wsc.2006.323224",1,1,1
"10.3390/fishes4020033",1,1,1
"10.1016/j.ins.2012.10.031",1,1,1
"10.1016/j.ijepes.2012.04.062",1,1,1
"10.1117/12.774650",1,1,1
"10.1016/j.procs.2020.02.279",1,1,1
"10.1007/s10458-014-9251-7",1,1,1
"10.1016/j.engappai.2007.03.008",1,1,1
"10.1371/journal.pone.0247318",1,1,1
"10.1016/j.eswa.2013.06.007",1,1,1
"10.1016/j.eneco.2022.106187",1,1,1
"10.1016/j.aei.2015.01.004",1,1,1
"10.1038/s41598-017-18160-w",1,1,1
"10.1109/tpwrs.2012.2190109",1,1,1
"10.1016/j.aquatox.2020.105499",1,1,1
"10.1057/jos.2016.7",1,1,1
"10.1016/j.jtbi.2016.04.035",1,1,1
"10.1177/0894439310368247",1,1,1
"10.1016/j.ifacol.2022.09.369",1,1,1
"10.1016/j.jebo.2004.07.011",1,1,1
"10.1016/j.enpol.2021.112553",1,1,1
"10.1016/j.compag.2018.02.012",1,1,1
"10.1007/978-3-319-27343-3_6",1,1,1
"10.1049/itr2.12279",1,1,1
"10.1016/j.jtbi.2019.02.017",1,1,1
"10.1016/j.ifacol.2021.08.104",1,1,1
"10.1109/iembs.2005.1615722",1,1,1
"10.4018/jaci.2010010105",1,1,1
"10.1007/s12351-019-00541-w",1,1,1
"10.1016/s2095-3119(17)61741-6",1,1,1
"10.18564/jasss.3350",1,1,1
"10.1007/s10588-016-9221-5",1,1,1
"10.1007/s00265-020-02940-y",1,1,1
"10.4018/ijdsst.2021070105",1,1,1
"10.1007/s10845-008-0173-6",1,1,1
"10.1016/j.matcom.2017.12.003",1,1,1
"10.1016/s0304-3800(97)00136-1",1,1,1
"10.1007/978-3-319-19644-2_4",1,1,1
"10.1007/978-3-030-04021-5_25",1,1,1
"10.1016/j.jcss.2014.11.011",1,1,1
"10.3390/app11052030",1,1,1
"10.1371/journal.pone.0281431",1,1,1
"10.1016/j.jtbi.2019.07.019",1,1,1
"10.1137/11082751x",1,1,1
"10.1109/tsmc.2023.3298336",1,1,1
"10.1109/tvt.2022.3222756",1,1,1
"10.1002/eet.589",1,1,1
"10.1073/pnas.082081099",1,1,1
"10.1093/jnci/56.3.635",1,1,1
"10.1016/j.ecolmodel.2017.02.002",1,1,1
"10.1371/journal.pone.0197905",1,1,1
"10.1017/s1365100507070010",1,1,1
"10.1016/j.energy.2009.03.005",1,1,1
"10.1017/s0047279411000341",1,1,1
"10.1177/20543581211040332",1,1,1
"10.3390/sym13081339",1,1,1
"10.24507/ijicic.17.05.1629",1,1,1
"10.1016/j.pmedr.2022.101896",1,1,1
"10.3141/2665-02",1,1,1
"10.1002/ecs2.3218",1,1,1
"10.18564/jasss.1667",1,1,1
"10.1002/eej.23173",1,1,1
"10.1023/a:1007489627887",1,1,1
"10.3390/en9110878",1,1,1
"10.1109/tits.2022.3229386",1,1,1
"10.1016/j.ijdrr.2018.05.021",1,1,1
"10.1002/oca.2527",1,1,1
"10.1093/plankt/fbi084",1,1,1
"10.1016/j.prevetmed.2019.03.005",1,1,1
"10.3390/en12234427",1,1,1
"10.1155/2022/8996439",1,1,1
"10.1007/978-3-319-30298-0_71",1,1,1
"10.1016/j.ejor.2021.10.034",1,1,1
"10.1007/s10109-015-0218-2",1,1,1
"10.1080/0954009021000068754",1,1,1
"10.1080/00207179.2013.822100",1,1,1
"10.1080/00207179.2013.802371",1,1,1
"10.1080/14616696.2016.1141304",1,1,1
"10.1002/hep.28926",1,1,1
"10.4028/www.scientific.net/amr.476-478.886",1,1,1
"10.1016/j.ins.2022.11.035",1,1,1
"10.1371/journal.pone.0111630",1,1,1
"10.3390/en11081928",1,1,1
"10.1155/2017/1206129",1,1,1
"10.1002/bse.1959",1,1,1
"10.1080/0952813x.2019.1654549",1,1,1
"10.1080/13607863.2011.556599",1,1,1
"10.1515/rnam-2023-0007",1,1,1
"10.1007/s10115-016-0978-0",1,1,1
"10.1016/j.eswa.2012.02.018",1,1,1
"10.1177/1090198113493910",1,1,1
"10.1016/j.jtbi.2014.11.021",1,1,1
"10.3389/fsufs.2020.00041",1,1,1
"10.1097/olq.0000000000000412",1,1,1
"10.1016/j.agsy.2017.06.003",1,1,1
"10.1016/j.eswa.2008.10.080",1,1,1
"10.1145/2980258.2982111",1,1,1
"10.1093/ajae/aas022",1,1,1
"10.1111/j.1540-5885.2011.00791.x",1,1,1
"10.1109/access.2022.3182396",1,1,1
"10.1139/cjfr-2015-0125",1,1,1
"10.1016/j.envsoft.2012.10.004",1,1,1
"10.1007/s00170-010-2784-2",1,1,1
"10.1109/tvt.2019.2958197",1,1,1
"10.3389/frai.2023.1212336",1,1,1
"10.1007/s11424-018-7369-4",1,1,1
"10.1137/100794067",1,1,1
"10.1016/j.automatica.2020.109041",1,1,1
"10.1006/ijhc.1998.0229",1,1,1
"10.1016/j.engappai.2013.06.006",1,1,1
"10.1111/j.1475-5890.2005.00023.x",1,1,1
"10.1186/1471-2458-13-940",1,1,1
"10.3390/agriculture12091332",1,1,1
"10.1371/journal.pone.0038091",1,1,1
"10.1371/journal.pone.0240819",1,1,1
"10.1109/tvt.2016.2645682",1,1,1
"10.1080/00343404.2021.1893290",1,1,1
"10.1037/tps0000318",1,1,1
"10.1098/rspb.2017.1788",1,1,1
"10.1109/isdea.2012.236",1,1,1
"10.1016/j.cnsns.2014.03.033",1,1,1
"10.1007/s11424-021-1218-6",1,1,1
"10.1080/23249935.2013.867379",1,1,1
"10.1016/j.palaeo.2017.08.032",1,1,1
"10.1186/s12879-023-08470-y",1,1,1
"10.1016/s2352-3018(19)30400-x",1,1,1
"10.1002/ajs4.159",1,1,1
"10.1016/j.simpat.2012.10.012",1,1,1
"10.1016/j.jhevol.2023.103399",1,1,1
"10.1088/1748-3182/7/3/036014",1,1,1
"10.1016/j.ecolmodel.2005.02.012",1,1,1
"10.1093/jnci/djaa025",1,1,1
"10.1371/journal.pone.0052749",1,1,1
"10.1145/3145574.3145605",1,1,1
"10.1007/s12555-019-1042-0",1,1,1
"10.1016/j.ymssp.2017.10.028",1,1,1
"10.1177/0020852318780993",1,1,1
"10.1002/rnc.6404",1,1,1
"10.1088/1748-3182/2/3/002",1,1,1
"10.4054/demres.2014.30.42",1,1,1
"10.1016/0968-090x(94)00013-u",1,1,1
"10.1016/j.biocontrol.2005.05.003",1,1,1
"10.1371/journal.pone.0163488",1,1,1
"10.4018/978-1-60566-898-7",2,0,0
"10.1007/s10980-022-01501-0",1,1,1
"10.2147/copd.s247156",1,1,1
"10.1016/j.amepre.2015.03.042",1,1,1
"10.1177/089443930101900304",1,1,1
"10.1007/s40565-016-0236-1",1,1,1
"10.1016/j.ifacol.2019.06.027",1,1,1
"10.1016/j.ecolmodel.2015.03.010",1,1,1
"10.7717/peerj-cs.610",1,1,1
"10.1111/jeb.13077",1,1,1
"10.1093/ietisy/e88-d.1.119",1,1,1
"10.1007/s11768-020-0110-6",1,1,1
"10.1007/s11047-019-09767-1",1,1,1
"10.1613/jair.2502",1,1,1
"10.3390/su142315519",1,1,1
"10.1016/j.future.2016.02.019",1,1,1
"10.1016/j.trd.2007.10.005",1,1,1
"10.1016/j.biocon.2017.11.022",1,1,1
"10.1080/00207721.2012.760670",1,1,1
"10.1049/iet-syb.2013.0009",1,1,1
"10.1177/0278364918779704",1,1,1
"10.1016/j.jfranklin.2021.09.027",1,1,1
"10.1016/j.ins.2010.04.028",1,1,1
"10.1021/es9035368",1,1,1
"10.1057/s41599-020-0419-2",1,1,1
"10.3168/jds.2017-13175",1,1,1
"10.1007/978-3-319-68179-5_19",1,1,1
"10.1007/s00521-023-08898-y",1,1,1
"10.1155/2015/468128",1,1,1
"10.33012/2019.17002",1,1,1
"10.1016/j.jbusres.2007.02.002",1,1,1
"10.1109/cdc.2006.377522",1,1,1
"10.1007/s10067-020-05087-3",1,1,1
"10.1371/journal.pone.0055449",1,1,1
"10.1016/j.swevo.2019.100603",1,1,1
"10.1007/s42650-019-00002-x",1,1,1
"10.1628/001522108x312096",1,1,1
"10.1142/s021800142259025x",1,1,1
"10.1145/3520304.3529069",1,1,1
"10.1016/j.qref.2017.08.004",1,1,1
"10.18564/jasss.2079",1,1,1
"10.1504/ijahuc.2014.065769",1,1,1
"10.1016/j.amc.2021.126772",1,1,1
"10.1890/14-0656.1",1,1,1
"10.1016/j.automatica.2013.08.007",1,1,1
"10.1080/00207179.2018.1454606",1,1,1
"10.1109/iat.2007.53",1,1,1
"10.1007/978-3-319-94580-4_41",1,1,1
"10.1016/j.envsoft.2019.01.020",1,1,1
"10.1109/tdsc.2021.3107514",1,1,1
"10.1007/978-3-319-13545-8_22",1,1,1
"10.1007/s00330-020-06812-x",1,1,1
"10.3390/app12157551",1,1,1
"10.1109/tac.2020.2991696",1,1,1
"10.1002/ijc.34128",1,1,1
"10.18564/jasss.4907",1,1,1
"10.1111/1477-9552.12224",1,1,1
"10.1371/journal.pone.0102263",1,1,1
"10.1016/j.jenvman.2023.117834",1,1,1
"10.1016/j.apenergy.2015.02.069",1,1,1
"10.1098/rsos.221306",1,1,1
"10.1007/s10888-017-9369-3",1,1,1
"10.1007/s12080-010-0092-y",1,1,1
"10.1016/j.jocm.2021.100288",1,1,1
"10.1108/cms-08-2017-0227",1,1,1
"10.1016/j.biosystems.2007.09.002",1,1,1
"10.1080/00207721.2017.1290297",1,1,1
"10.1109/cimca.2008.177",1,1,1
"10.1108/bfj-09-2020-0828",1,1,1
"10.2298/csis170113034k",1,1,1
"10.1109/icma.2007.4303973",1,1,1
"10.1007/978-3-031-04987-3_24",1,1,1
"10.1016/j.compeleceng.2021.107568",1,1,1
"10.1002/jia2.25325",1,1,1
"10.1155/2013/748715",1,1,1
"10.1007/s10203-017-0200-1",1,1,1
"10.1016/j.jebo.2003.10.012",1,1,1
"10.1046/j.1461-0248.2003.00415.x",1,1,1
"10.1002/acs.2926",1,1,1
"10.25300/misq/2020/14424",1,1,1
"10.1111/jiec.12666",1,1,1
"10.1001/jamainternmed.2017.4349",1,1,1
"10.1371/journal.pone.0244431",1,1,1
"10.1109/icrera47325.2019.8996504",1,1,1
"10.1515/ijeeps-2021-0298",1,1,1
"10.1016/j.jenvman.2021.113353",1,1,1
"10.1093/icc/dtac002",1,1,1
"10.1177/0037549704046740",1,1,1
"10.1080/00128775.2015.1103656",1,1,1
"10.3389/fsufs.2020.522657",1,1,1
"10.1007/s40864-018-0100-x",1,1,1
"10.1016/j.compchemeng.2007.11.005",1,1,1
"10.1016/j.jocs.2015.03.006",1,1,1
"10.1017/s0030605319000346",1,1,1
"10.7326/0003-4819-158-3-201302050-00003",1,1,1
"10.1111/j.1530-0277.2005.00066.x",1,1,1
"10.1016/j.ifacol.2021.10.388",1,1,1
"10.1134/s1995080220080107",1,1,1
"10.1109/tsmc.2021.3102587",1,1,1
"10.1016/s0304-3800(98)00188-4",1,1,1
"10.1109/tcns.2018.2873153",1,1,1
"10.1098/rspb.2013.2563",1,1,1
"10.1016/j.econmod.2022.105957",1,1,1
"10.35833/mpce.2018.000801",1,1,1
"10.1515/jisys-2021-0045",1,1,1
"10.1007/s41745-021-00256-y",1,1,1
"10.1103/physreve.95.012408",1,1,1
"10.1109/iccia49288.2019.9030843",1,1,1
"10.3390/drones6110340",1,1,1
"10.1109/tsmcc.2012.2197388",1,1,1
"10.1016/j.jnca.2004.06.004",1,1,1
"10.1109/access.2019.2894780",1,1,1
"10.1086/724254",1,1,1
"10.1016/j.compind.2016.02.002",1,1,1
"10.1007/978-4-431-55209-3_2",1,1,1
"10.1016/j.jtbi.2016.01.033",1,1,1
"10.1007/s12065-016-0138-1",1,1,1
"10.1080/13563475.2016.1234368",1,1,1
"10.1007/978-3-319-59294-7_18",1,1,1
"10.1177/0037549709103407",1,1,1
"10.1103/physreve.96.052404",1,1,1
"10.1007/s10144-004-0191-y",1,1,1
"10.1061/(asce)wr.1943-5452.0000463",1,1,1
"10.1093/cid/ciy173",1,1,1
"10.1109/tie.2015.2504043",1,1,1
"10.1371/journal.pone.0002710",1,1,1
"10.1016/j.jval.2021.11.1360",1,1,1
"10.1002/rnc.4082",1,1,1
"10.20965/jaciii.2013.p0904",1,1,1
"10.1177/0037549710385745",1,1,1
"10.1016/j.ecolmodel.2016.04.019",1,1,1
"10.1080/01969722.2011.610266",1,1,1
"10.1016/j.jtbi.2013.09.029",1,1,1
"10.1016/j.trd.2018.01.027",1,1,1
"10.1016/j.ifacol.2021.04.197",1,1,1
"10.1007/s11047-014-9469-y",1,1,1
"10.1631/fitee.2000062",1,1,1
"10.1093/jeg/lbx015",1,1,1
"10.3934/mbe.2017028",1,1,1
"10.1109/ieem.2017.8290138",2,0,0
"10.3390/g12020046",1,1,1
"10.1371/journal.pone.0200541",1,1,1
"10.1142/s0218213014400016",1,1,1
"10.1111/j.0824-7935.2004.00258.x",1,1,1
"10.1109/vecims.2009.5068924",1,1,1
"10.1109/tcyb.2022.3224169",1,1,1
"10.1007/s11403-014-0123-7",1,1,1
"10.3233/978-1-61499-804-4-109",1,1,1
"10.1137/16m1085310",1,1,1
"10.1016/j.resconrec.2017.08.007",1,1,1
"10.1016/j.habitatint.2014.04.006",1,1,1
"10.1016/j.jtbi.2006.10.011",1,1,1
"10.1007/978-3-031-14343-4_23",1,1,1
"10.1108/09600031111175852",1,1,1
"10.1007/s10846-021-01401-6",1,1,1
"10.1001/jamanetworkopen.2021.47827",1,1,1
"10.3233/mgs-2011-0166",1,1,1
"10.1080/08941939.2019.1602689",1,1,1
"10.1080/21642583.2022.2075950",1,1,1
"10.1057/s41271-018-0125-0",1,1,1
"10.1108/02640470810879491",1,1,1
"10.1186/s40294-019-0066-x",1,1,1
"10.1007/s12205-019-0591-3",1,1,1
"10.1016/j.isatra.2021.01.030",1,1,1
"10.1080/12265934.2010.9693661",1,1,1
"10.1007/978-3-319-30165-5_8",1,1,1
"10.1007/3-540-32370-8_47",1,1,1
"10.1016/j.ifacol.2022.10.493",1,1,1
"10.1002/ece3.6421",1,1,1
"10.1002/cpe.6168",1,1,1
"10.1371/journal.pone.0205353",1,1,1
"10.1016/j.compbiomed.2017.12.013",1,1,1
"10.1016/j.procs.2015.08.270",1,1,1
"10.1111/jtsb.12207",1,1,1
"10.1049/iet-cta.2018.6001",1,1,1
"10.1016/j.ecolmodel.2009.02.012",1,1,1
"10.14736/kyb-2017-4-0595",1,1,1
"10.1016/j.cnsns.2022.106865",1,1,1
"10.1109/icnc.2008.926",1,1,1
"10.1016/j.automatica.2010.08.003",1,1,1
"10.1016/j.compenvurbsys.2017.01.006",1,1,1
"10.1109/tsg.2016.2518241",1,1,1
"10.3389/fbioe.2021.689714",1,1,1
"10.18564/jasss.2808",1,1,1
"10.1007/978-3-319-33681-7_10",1,1,1
"10.1007/s11192-022-04345-2",1,1,1
"10.1186/1754-6834-5-55",1,1,1
"10.1142/s0116110522500056",1,1,1
"10.1890/1051-0761(2001)011[1722:ipfpct]2.0.co;2",1,1,1
"10.1061/(asce)co.1943-7862.0000331",1,1,1
"10.1162/artl_a_00135",1,1,1
"10.1080/17477778.2023.2189027",1,1,1
"10.1016/j.compenvurbsys.2006.11.003",1,1,1
"10.1016/j.ast.2018.10.027",1,1,1
"10.1109/ddcls58216.2023.10166228",1,1,1
"10.1016/j.ejim.2020.08.005",1,1,1
"10.1111/j.1600-0706.2009.17319.x",1,1,1
"10.1029/2021ef002403",1,1,1
"10.34028/iajit/19/1/7",1,1,1
"10.1109/tie.2014.2356171",1,1,1
"10.1186/s12859-015-0612-2",1,1,1
"10.1016/j.jfranklin.2019.09.024",1,1,1
"10.1016/j.rtbm.2021.100736",1,1,1
"10.1080/09537280600901269",1,1,1
"10.1016/j.physa.2018.02.211",1,1,1
"10.1136/jech-2019-213317",1,1,1
"10.1007/s00521-022-07880-4",1,1,1
"10.1016/j.jsis.2017.01.002",1,1,1
"10.1177/0272989x17711927",1,1,1
"10.17310/ntj.2004.3.10",1,1,1
"10.1371/journal.pntd.0009885",1,1,1
"10.18564/jasss.2241",1,1,1
"10.3390/f9070399",1,1,1
"10.1016/j.trstmh.2009.01.006",1,1,1
"10.1016/j.procs.2016.05.372",1,1,1
"10.1136/bmjopen-2017-020169",1,1,1
"10.1007/s10113-018-1412-9",1,1,1
"10.1142/s0218194002001086",1,1,1
"10.1007/978-3-319-19033-4_26",1,1,1
"10.21660/2022.92.gxi245",1,1,1
"10.1016/j.simpat.2020.102174",1,1,1
"10.1016/j.epidem.2021.100524",1,1,1
"10.1016/j.jedc.2015.02.004",1,1,1
"10.1016/j.jbi.2023.104364",1,1,1
"10.1109/tnnls.2018.2890115",1,1,1
"10.1098/rstb.2018.0053",1,1,1
"10.1007/s41660-022-00226-6",1,1,1
"10.1007/s10518-016-9872-0",1,1,1
"10.1016/j.procir.2013.06.012",1,1,1
"10.1016/j.sysconle.2012.09.005",1,1,1
"10.1007/s10845-010-0435-y",1,1,1
"10.1016/s1569-190x(02)00094-1",1,1,1
"10.1016/j.simpat.2019.02.002",1,1,1
"10.1016/j.envsoft.2016.04.006",1,1,1
"10.1007/s42974-022-00118-2",1,1,1
"10.1016/j.automatica.2021.110059",1,1,1
"10.1109/tcns.2014.2357551",1,1,1
"10.1186/s12885-020-07084-w",1,1,1
"10.1016/j.jebo.2019.06.009",1,1,1
"10.3233/mgs-210344",1,1,1
"10.1007/s11768-019-8172-z",1,1,1
"10.1016/j.jebo.2016.06.011",1,1,1
"10.1016/j.trc.2009.06.004",1,1,1
"10.1007/978-3-030-60884-2_25",1,1,1
"10.1016/j.isatra.2019.04.011",1,1,1
"10.3141/2364-01",1,1,1
"10.1016/j.cageo.2011.06.025",1,1,1
"10.1097/j.pain.0000000000000443",1,1,1
"10.1109/robio.2007.4522221",1,1,1
"10.1016/j.jenvman.2004.02.008",1,1,1
"10.1016/j.ijepes.2020.106485",1,1,1
"10.18564/jasss.3148",1,1,1
"10.1109/icievicivpr48672.2020.9306556",1,1,1
"10.1016/j.jbusres.2007.02.001",1,1,1
"10.1080/0952813x.2010.535706",1,1,1
"10.1109/smartworld.2018.00337",1,1,1
"10.1080/03081060.2015.1108084",1,1,1
"10.1155/2022/2309376",1,1,1
"10.1016/j.enconman.2020.113499",1,1,1
"10.1155/2017/8381954",1,1,1
"10.3390/app12168004",1,1,1
"10.1002/ece3.3113",1,1,1
"10.1002/2050-7038.12012",1,1,1
"10.1109/lwc.2021.3056702",1,1,1
"10.1109/tcyb.2020.3025859",1,1,1
"10.1016/j.clinthera.2009.12.013",1,1,1
"10.1016/j.jhydrol.2020.125015",1,1,1
"10.1109/tpwrs.2005.846064",1,1,1
"10.1016/j.amc.2015.06.101",1,1,1
"10.3141/2311-11",1,1,1
"10.1016/j.ecolmodel.2014.03.012",1,1,1
"10.1007/s11403-022-00350-z",1,1,1
"10.3390/v13081620",1,1,1
"10.3926/jiem.1313",1,1,1
"10.1111/jels.12155",1,1,1
"10.1016/j.compeleceng.2021.107491",1,1,1
"10.1080/21642583.2020.1748138",1,1,1
"10.1080/14737167.2023.2144237",1,1,1
"10.1016/j.automatica.2022.110605",1,1,1
"10.1177/09636625211022963",1,1,1
"10.1109/tem.2019.2918162",1,1,1
"10.1016/j.asoc.2010.07.013",1,1,1
"10.1007/s12559-014-9277-9",1,1,1
"10.1109/tec.2017.2685593",1,1,1
"10.14246/irspsd.1.1_17",1,1,1
"10.1016/j.compind.2022.103742",1,1,1
"10.1002/asjc.427",1,1,1
"10.1155/2019/7942483",1,1,1
"10.1007/s11096-022-01491-8",1,1,1
"10.1016/j.ophtha.2012.01.049",1,1,1
"10.1007/s11538-018-00536-2",1,1,1
"10.3934/jimo.2014.10.929",1,1,1
"10.1016/j.thromres.2016.12.017",1,1,1
"10.1016/j.ijdrr.2021.102285",1,1,1
"10.1109/tnse.2020.3037139",1,1,1
"10.1111/j.1468-2257.2010.00530.x",1,1,1
"10.1017/s0144686x20001026",1,1,1
"10.1109/tcsi.2011.2131230",1,1,1
"10.1016/j.ecolmodel.2015.09.016",1,1,1
"10.1111/j.1744-7976.2009.01169.x",1,1,1
"10.1016/j.ecolmodel.2015.09.008",1,1,1
"10.1016/j.socscimed.2015.11.005",1,1,1
"10.4304/jcp.8.10.2497-2506",1,1,1
"10.1002/rnc.4580",1,1,1
"10.3389/fnbot.2023.1185169",1,1,1
"10.3966/160792642019032002008",1,1,1
"10.1007/978-3-642-19875-5_31",1,1,1
"10.1109/4235.956710",1,1,1
"10.3389/fphy.2021.715996",1,1,1
"10.1007/s00265-006-0237-6",1,1,1
"10.1017/s0269889722000242",1,1,1
"10.1080/15472450.2014.889941",1,1,1
"10.1109/tcns.2018.2860460",1,1,1
"10.4995/riai.2021.14989",1,1,1
"10.1111/j.2041-210x.2011.00180.x",1,1,1
"10.1007/s40534-018-0155-0",1,1,1
"10.1109/greentech.2013.87",1,1,1
"10.1242/jeb.013458",1,1,1
"10.1007/s11069-015-1735-5",1,1,1
"10.1016/j.seps.2021.101183",1,1,1
"10.1115/1.4030162",2,0,0
"10.1615/telecomradeng.v78.i13.40",2,0,0
"10.1016/j.simpat.2007.02.002",1,1,1
"10.1016/j.envsoft.2018.08.023",1,1,1
"10.1142/s2196888819500155",1,1,1
"10.1186/s40064-016-2331-1",1,1,1
"10.1007/978-3-319-57261-1_6",1,1,1
"10.24200/sci.2018.20789",1,1,1
"10.1016/j.envsoft.2020.104636",1,1,1
"10.1002/rnc.3027",1,1,1
"10.1371/journal.pone.0140406",1,1,1
"10.1155/2021/1368286",1,1,1
"10.1007/s00191-022-00803-5",1,1,1
"10.1007/s10588-010-9080-4",1,1,1
"10.1007/s12205-021-0206-7",1,1,1
"10.1002/pros.23352",1,1,1
"10.1007/s00244-015-0203-2",1,1,1
"10.1109/access.2021.3131214",1,1,1
"10.1371/journal.pcbi.1002222",1,1,1
"10.1103/physreve.76.061902",1,1,1
"10.4304/jcp.5.2.266-273",1,1,1
"10.2316/journal.206.2017.1.206-4809",1,1,1
"10.1186/s12889-022-14729-x",1,1,1
"10.1049/iet-its.2016.0268",1,1,1
"10.1577/t05-171.1",1,1,1
"10.1016/j.heliyon.2022.e12005",1,1,1
"10.1007/s10618-011-0242-x",1,1,1
"10.1111/1746-692x.12283",1,1,1
"10.1109/tce.2009.5174450",1,1,1
"10.3389/fphy.2022.861633",1,1,1
"10.1016/j.procs.2013.01.034",1,1,1
"10.1109/taes.2008.4667723",1,1,1
"10.1136/bmjopen-2021-056546",1,1,1
"10.1093/jnci/djv103",1,1,1
"10.1007/s10586-018-2365-y",1,1,1
"10.18564/jasss.2943",1,1,1
"10.1016/j.ecolmodel.2007.01.025",1,1,1
"10.1109/tcyb.2020.3022568",1,1,1
"10.1007/s10614-009-9170-x",1,1,1
"10.1111/j.1365-2419.2012.00621.x",1,1,1
"10.1890/02-5051",1,1,1
"10.1007/s11227-022-04903-8",1,1,1
"10.1109/lra.2023.3300245",2,0,0
"10.1016/j.energy.2016.02.117",1,1,1
"10.1016/j.mbs.2023.108997",1,1,1
"10.1109/tac.2016.2572004",1,1,1
"10.1080/19427867.2019.1691298",1,1,1
"10.1016/j.procs.2017.05.284",1,1,1
"10.1177/097380101200600206",1,1,1
"10.1098/rsfs.2013.0016",1,1,1
"10.1111/j.1475-4762.2008.00837.x",1,1,1
"10.20965/jaciii.2005.p0329",1,1,1
"10.1177/00375497211061114",1,1,1
"10.1016/j.ajo.2010.01.037",1,1,1
"10.1128/jvi.01520-08",1,1,1
"10.1093/icesjms/fsy035",1,1,1
"10.1002/oby.23297",1,1,1
"10.1016/j.aap.2015.09.015",1,1,1
"10.1080/19427867.2023.2195729",1,1,1
"10.1109/tcyb.2018.2875559",1,1,1
"10.3389/feduc.2023.1198307",1,1,1
"10.1016/j.softx.2022.101136",1,1,1
"10.1080/21680566.2022.2125458",1,1,1
"10.1016/j.ecoinf.2022.101605",1,1,1
"10.1088/1755-1315/238/1/012034",1,1,1
"10.1007/s12110-023-09441-7",1,1,1
"10.1016/j.energy.2019.07.070",1,1,1
"10.1023/a:1022922204299",1,1,1
"10.1080/01691864.2022.2119885",1,1,1
"10.1016/j.jtbi.2016.02.022",1,1,1
"10.1109/access.2020.2995637",1,1,1
"10.1086/681084",1,1,1
"10.1155/2016/6425158",1,1,1
"10.1109/tfuzz.2013.2272588",1,1,1
"10.1109/tsg.2011.2178044",1,1,1
"10.1155/2017/3958967",1,1,1
"10.18564/jasss.5062",1,1,1
"10.1186/1742-4682-10-23",1,1,1
"10.1146/annurev.soc.012809.102632",1,1,1
"10.1155/2017/7254181",1,1,1
"10.3233/jifs-169123",1,1,1
"10.1140/epjds/s13688-017-0117-5",1,1,1
"10.1016/j.procs.2017.05.294",1,1,1
"10.1007/978-3-319-26350-2_43",1,1,1
"10.1145/1183236.1183272",1,1,1
"10.1186/s12879-019-3833-6",1,1,1
"10.1155/2014/136205",1,1,1
"10.1111/j.1475-4762.2008.00844.x",1,1,1
"10.1007/s10207-020-00501-y",1,1,1
"10.1016/j.drugpo.2019.05.010",1,1,1
"10.1093/bioinformatics/btm408",1,1,1
"10.1109/tcns.2021.3065654",1,1,1
"10.1016/j.procs.2014.05.488",1,1,1
"10.1007/978-3-662-48357-2_12",1,1,1
"10.1080/17538947.2020.1868585",1,1,1
"10.1016/j.enpol.2013.12.062",1,1,1
"10.1016/j.jenvman.2004.02.007",1,1,1
"10.1016/j.softx.2020.100407",1,1,1
"10.1016/j.automatica.2016.04.042",1,1,1
"10.4269/ajtmh.1996.55.170",1,1,1
"10.1155/2021/9028591",1,1,1
"10.1155/2022/5863533",1,1,1
"10.1186/s13071-020-04447-x",1,1,1
"10.1177/0037549705053167",1,1,1
"10.1109/access.2021.3115047",1,1,1
"10.1109/tcyb.2016.2608499",1,1,1
"10.1007/978-3-030-22734-0_36",1,1,1
"10.7717/peerj.5378",1,1,1
"10.1016/j.trb.2014.07.003",1,1,1
"10.1007/s00779-017-1014-4",1,1,1
"10.1080/15472450.2021.1932496",1,1,1
"10.1080/00207179.2014.935959",1,1,1
"10.1016/j.techsoc.2020.101265",1,1,1
"10.3389/fams.2022.1020353",1,1,1
"10.1061/(asce)0733-947x(2006)132:4(331)",1,1,1
"10.1108/bpmj-10-2012-0108",1,1,1
"10.1016/j.ecocom.2020.100810",1,1,1
"10.1111/j.1467-8462.2006.00393.x",1,1,1
"10.2165/00019053-200826080-00002",1,1,1
"10.3390/en11020303",1,1,1
"10.1007/s10584-019-02566-8",1,1,1
"10.1086/339997",1,1,1
"10.1016/s0378-4371(02)01887-3",1,1,1
"10.1109/tsg.2012.2190628",1,1,1
"10.1192/bjp.bp.110.081679",1,1,1
"10.1049/iet-cta.2018.6307",1,1,1
"10.1016/j.ecolmodel.2023.110361",1,1,1
"10.3389/fevo.2019.00095",1,1,1
"10.1080/13658816.2016.1224887",1,1,1
"10.1007/s10845-019-01515-7",1,1,1
"10.1007/s10614-017-9722-4",1,1,1
"10.1016/j.ecolmodel.2019.108764",1,1,1
"10.1109/icalt.2009.213",1,1,1
"10.1007/s11067-005-2630-5",1,1,1
"10.1002/cav.2079",1,1,1
"10.3354/meps07092",1,1,1
"10.1680/jtran.20.00048",2,0,0
"10.1016/j.ins.2019.05.050",1,1,1
"10.1016/j.mex.2020.100953",1,1,1
"10.1007/s11704-012-1166-3",1,1,1
"10.1057/jos.2013.13",1,1,1
"10.1111/j.1523-1739.2010.01484.x",1,1,1
"10.1093/imammb/dqx014",1,1,1
"10.1108/ci-03-2020-0045",1,1,1
"10.1088/1748-3190/ac57f0",1,1,1
"10.1001/archinte.166.11.1209",1,1,1
"10.1093/beheco/arq027",1,1,1
"10.1088/1755-1315/467/1/012011",1,1,1
"10.5220/0005956801300139",1,1,1
"10.18632/oncotarget.13831",1,1,1
"10.1016/j.envsoft.2011.01.005",1,1,1
"10.1371/journal.pone.0210678",1,1,1
"10.1016/j.ssci.2015.11.015",1,1,1
"10.1142/s1793524511001313",1,1,1
"10.1016/j.jenvman.2012.07.001",1,1,1
"10.1080/00207721.2012.742596",1,1,1
"10.1080/00207179.2015.1050698",1,1,1
"10.1109/tcyb.2017.2788819",1,1,1
"10.1016/j.neucom.2016.05.046",1,1,1
"10.1016/j.engappai.2016.12.017",1,1,1
"10.1016/j.jii.2017.03.001",1,1,1
"10.1016/j.epidem.2023.100702",1,1,1
"10.1007/s11042-021-10968-z",1,1,1
"10.1007/s10614-010-9214-2",1,1,1
"10.1007/s10668-022-02758-w",1,1,1
"10.1016/j.future.2018.11.005",1,1,1
"10.1109/access.2022.3174077",1,1,1
"10.1109/tcsii.2021.3096718",1,1,1
"10.3389/fphar.2022.1024608",1,1,1
"10.1007/s00285-022-01770-y",1,1,1
"10.1109/aero.2004.1368113",1,1,1
"10.1109/access.2020.3015736",1,1,1
"10.3233/mgs-160242",1,1,1
"10.1016/j.jtbi.2016.11.019",1,1,1
"10.1002/eej.20065",1,1,1
"10.18564/jasss.4352",1,1,1
"10.5220/0007306701210128",1,1,1
"10.1186/1742-4682-8-1",1,1,1
"10.1016/j.simpat.2005.10.005",1,1,1
"10.1016/j.isatra.2019.06.010",1,1,1
"10.1002/sres.435",1,1,1
"10.1016/j.enpol.2014.04.021",1,1,1
"10.1016/j.ijhydene.2017.06.077",1,1,1
"10.1371/journal.pcbi.1003563",1,1,1
"10.1080/03772063.2021.1886607",1,1,1
"10.1016/j.jcss.2007.04.006",1,1,1
"10.1080/02673037.2020.1729961",1,1,1
"10.1136/jech.53.5.300",1,1,1
"10.1016/j.compbiomed.2020.103623",1,1,1
"10.1007/s00477-016-1311-x",1,1,1
"10.1016/j.jhydrol.2023.129151",1,1,1
"10.1371/journal.pone.0098518",1,1,1
"10.1016/j.tranpol.2020.12.011",1,1,1
"10.17775/cseejpes.2020.07070",1,1,1
"10.1016/j.compenvurbsys.2021.101732",1,1,1
"10.1016/s0378-8733(00)00024-1",1,1,1
"10.1109/access.2022.3151155",1,1,1
"10.3390/land10111179",1,1,1
"10.1016/j.jenvman.2022.117179",1,1,1
"10.1007/s11538-017-0333-y",1,1,1
"10.1109/tcsii.2023.3240473",1,1,1
"10.18564/jasss.2813",1,1,1
"10.1371/journal.pcbi.1007715",1,1,1
"10.1016/b978-0-12-409548-9.11146-7",2,0,0
"10.1155/2010/379649",1,1,1
"10.1142/s0219525915500241",1,1,1
"10.1109/tase.2012.2229978",1,1,1
"10.1142/s0217590813500057",1,1,1
"10.3390/app12125857",1,1,1
"10.1109/cbi.2016.12",1,1,1
"10.1016/j.renene.2019.11.127",1,1,1
"10.1137/21m1393935",1,1,1
"10.1016/j.econmod.2005.12.002",1,1,1
"10.1007/s10557-013-6490-9",1,1,1
"10.4319/lo.2008.53.4.1227",1,1,1
"10.1007/s10888-018-9392-z",1,1,1
"10.3109/08820538.2013.835832",1,1,1
"10.1007/s10955-011-0143-9",1,1,1
"10.1080/00207543.2020.1798035",1,1,1
"10.1016/j.ifacol.2022.10.172",1,1,1
"10.1002/rnc.2849",1,1,1
"10.1177/1748006x18769208",1,1,1
"10.18564/jasss.1751",1,1,1
"10.1080/17477778.2017.1418642",1,1,1
"10.1109/access.2017.2717493",1,1,1
"10.3141/2173-10",1,1,1
"10.1061/(asce)0887-3801(2003)17:3(180)",1,1,1
"10.1007/s10015-011-0972-2",1,1,1
"10.1117/12.883678",1,1,1
"10.1080/14697688.2018.1548771",1,1,1
"10.1109/iros.2008.4651041",1,1,1
"10.1007/s10620-020-06707-3",1,1,1
"10.2166/hydro.2013.102",1,1,1
"10.1016/j.ifacol.2022.09.680",1,1,1
"10.4028/www.scientific.net/amm.48-49.123",1,1,1
"10.1155/2018/8789632",1,1,1
"10.1515/jhsem-2014-0075",1,1,1
"10.3837/tiis.2022.03.003",1,1,1
"10.1016/j.simpat.2020.102193",1,1,1
"10.1109/tsg.2020.3006932",1,1,1
"10.1016/j.sysconle.2012.04.003",1,1,1
"10.1016/j.ecolind.2017.07.009",1,1,1
"10.1155/2019/3512142",1,1,1
"10.1177/105971230401200311",1,1,1
"10.1109/tpds.2014.2333511",1,1,1
"10.1109/ds-rt52167.2021.9576156",1,1,1
"10.1186/s12913-023-09728-6",1,1,1
"10.3390/electronics10131553",1,1,1
"10.1007/s00198-020-05536-4",1,1,1
"10.1111/jfr3.12230",1,1,1
"10.1108/intr-11-2019-0464",1,1,1
"10.1002/asjc.1592",1,1,1
"10.1155/2022/8927830",1,1,1
"10.1139/cjfas-2012-0205",1,1,1
"10.3390/app8050688",1,1,1
"10.2495/ut060701",1,1,1
"10.1002/jso.26654",1,1,1
"10.1016/j.pocean.2005.04.004",1,1,1
"10.1007/s10846-023-01941-z",1,1,1
"10.1007/s13437-014-0067-8",1,1,1
"10.1080/00207543.2015.1010745",1,1,1
"10.1016/j.eswa.2011.01.040",1,1,1
"10.1007/s11786-008-0066-2",1,1,1
"10.1109/access.2019.2941532",1,1,1
"10.1007/978-4-431-55879-8_27",1,1,1
"10.1177/0037549716673724",1,1,1
"10.1006/jema.1999.0272",1,1,1
"10.1016/j.compenvurbsys.2021.101680",1,1,1
"10.5198/jtlu.2018.1186",1,1,1
"10.1111/eva.12552",1,1,1
"10.1201/b16453",3,0,0
"10.1016/j.physa.2022.127011",1,1,1
"10.1016/j.cub.2019.12.005",1,1,1
"10.1016/j.jenvman.2019.109317",1,1,1
"10.1038/s41598-017-16094-x",1,1,1
"10.1158/1055-9965.epi-14-0745",1,1,1
"10.1109/iccae.2010.5451382",1,1,1
"10.1016/j.ins.2016.12.023",1,1,1
"10.1017/s1474747219000374",1,1,1
"10.3138/cpp.2016-035",1,1,1
"10.1111/j.1467-8659.2009.01351.x",1,1,1
"10.1504/ijcis.2013.054978",1,1,1
"10.1109/tii.2020.3046633",1,1,1
"10.1007/s00191-022-00772-9",1,1,1
"10.1080/13658810600830566",1,1,1
"10.1186/s12889-015-1766-6",1,1,1
"10.3354/meps09845",1,1,1
"10.1007/s10846-019-01122-x",1,1,1
"10.3390/en8054160",1,1,1
"10.1111/jeb.12396",1,1,1
"10.1136/heartjnl-2016-310529",1,1,1
"10.1016/j.compag.2017.11.003",1,1,1
"10.1007/s00371-012-0735-7",1,1,1
"10.1038/icb.2009.78",1,1,1
"10.1016/j.sysconle.2012.05.007",1,1,1
"10.1016/j.jss.2013.04.052",1,1,1
"10.1139/cjfas-2013-0126",1,1,1
"10.1080/15472450.2013.801717",1,1,1
"10.1109/access.2019.2918864",1,1,1
"10.1371/journal.pone.0265957",1,1,1
"10.1504/ijkl.2010.034756",1,1,1
"10.1108/ijopm-03-2019-0192",1,1,1
"10.1016/j.ecoinf.2008.04.003",1,1,1
"10.1108/rbf-01-2018-0003",1,1,1
"10.3390/sym12111857",1,1,1
"10.1137/16m1074011",1,1,1
"10.1002/rnc.4806",1,1,1
"10.20965/jaciii.2011.p0896",1,1,1
"10.1038/s41597-019-0064-z",1,1,1
"10.1002/asjc.974",1,1,1
"10.1142/s0129183121501278",1,1,1
"10.1007/978-3-319-97586-3_7",1,1,1
"10.1111/nrm.12291",1,1,1
"10.2298/csis160604013p",1,1,1
"10.1016/j.physa.2022.127884",1,1,1
"10.2337/dc19-1201",1,1,1
"10.3233/mgs-160245",1,1,1
"10.1177/1087724x221112930",1,1,1
"10.3390/app12147260",1,1,1
"10.2514/6.2016-2381",2,0,0
"10.1016/j.marpol.2022.105287",1,1,1
"10.1109/tac.2016.2522647",1,1,1
"10.23919/springsim.2019.8732893",2,0,0
"10.1098/rsif.2018.0803",1,1,1
"10.2105/ajph.2014.302018",1,1,1
"10.1109/iat.2006.63",1,1,1
"10.3390/sym14030588",1,1,1
"10.1016/j.ecolmodel.2011.03.014",1,1,1
"10.3390/healthcare11131904",1,1,1
"10.1109/tste.2017.2705838",1,1,1
"10.1109/icise.2018.00034",1,1,1
"10.1142/s0219525915500198",1,1,1
"10.1002/etep.116",1,1,1
"10.1108/ohi-02-2021-0039",1,1,1
"10.1016/j.jedc.2019.05.002",1,1,1
"10.1080/08839514.2010.481492",1,1,1
"10.1016/j.buildenv.2020.107352",1,1,1
"10.1016/j.sysconle.2015.12.009",1,1,1
"10.1016/j.tpb.2017.05.001",1,1,1
"10.1017/s026841601000007x",1,1,1
"10.1016/j.jtbi.2010.09.030",1,1,1
"10.1109/access.2021.3095464",1,1,1
"10.1177/1063293x07084640",1,1,1
"10.1080/02692171.2015.1065225",1,1,1
"10.1080/10798587.2000.10768161",1,1,1
"10.1377/hlthaff.2013.0052",1,1,1
"10.1016/j.ins.2022.06.009",1,1,1
"10.1016/j.dhjo.2015.08.003",1,1,1
"10.7232/iems.2017.16.2.240",1,1,1
"10.1371/journal.pcbi.1008729",1,1,1
"10.4028/www.scientific.net/amm.401-403.1466",1,1,1
"10.1142/s0218194008003945",1,1,1
"10.1080/08839514.2011.608185",1,1,1
"10.1016/j.compenvurbsys.2022.101798",1,1,1
"10.1109/tste.2013.2269318",1,1,1
"10.1109/icppw.1998.721880",1,1,1
"10.1215/00703370-9624050",1,1,1
"10.1016/j.automatica.2011.08.047",1,1,1
"10.1007/s00521-004-0410-7",1,1,1
"10.1109/ares.2015.33",1,1,1
"10.1145/1810959.1810983",1,1,1
"10.1016/j.nahs.2006.08.004",1,1,1
"10.1109/cerma.2010.30",1,1,1
"10.1109/tkde.2010.174",1,1,1
"10.1007/s12038-018-9747-4",1,1,1
"10.1007/s00245-015-9294-4",1,1,1
"10.1371/journal.pcbi.1008577",1,1,1
"10.1177/0958928717754296",1,1,1
"10.1109/tits.2022.3193979",1,1,1
"10.1093/jnci/djt203",1,1,1
"10.1007/s40926-017-0054-1",1,1,1
"10.1109/tdsc.2021.3116488",1,1,1
"10.3141/2237-15",1,1,1
"10.1080/00207721.2013.849770",1,1,1
"10.1016/j.sysconle.2015.10.007",1,1,1
"10.1162/106454603322694807",1,1,1
"10.1016/j.compag.2015.09.010",1,1,1
"10.1109/access.2022.3226622",1,1,1
"10.1016/j.energy.2022.124450",1,1,1
"10.1108/17563780911005827",1,1,1
"10.1016/j.procs.2015.05.162",1,1,1
"10.1080/21680566.2019.1568925",1,1,1
"10.1504/ijcee.2018.096365",1,1,1
"10.1038/nature11169",1,1,1
"10.1186/s12889-021-10513-5",1,1,1
"10.1108/17506221211216526",1,1,1
"10.1098/rsos.211553",1,1,1
"10.1016/j.physa.2013.12.008",1,1,1
"10.3390/app7121221",1,1,1
"10.1016/j.conengprac.2020.104722",1,1,1
"10.1109/tii.2021.3050768",1,1,1
"10.1016/j.jclepro.2021.130298",1,1,1
"10.1038/s41370-018-0052-y",1,1,1
"10.1016/j.vehcom.2021.100432",1,1,1
"10.1109/access.2021.3074962",1,1,1
"10.1007/s10670-018-0064-y",1,1,1
"10.3390/en16135073",1,1,1
"10.1109/access.2022.3218134",1,1,1
"10.1109/access.2019.2905270",1,1,1
"10.1007/s10694-020-00971-5",1,1,1
"10.1260/014459807781894609",1,1,1
"10.1016/j.ifacol.2020.06.079",1,1,1
"10.1016/j.sysconle.2022.105437",1,1,1
"10.1038/s41598-018-22593-2",1,1,1
"10.1117/12.838793",1,1,1
"10.1111/1365-2664.13960",1,1,1
"10.1080/00207543.2010.522086",1,1,1
"10.1016/j.pecon.2017.02.004",1,1,1
"10.1016/j.cities.2022.103692",1,1,1
"10.1109/msn.2013.36",1,1,1
"10.1049/iet-its:20070062",1,1,1
"10.1109/isnib57382.2022.10076088",1,1,1
"10.1086/661784",1,1,1
"10.1007/s11517-016-1572-z",1,1,1
"10.1145/3274895.3274935",1,1,1
"10.1016/j.jbusres.2023.113663",1,1,1
"10.1007/s13235-018-0240-3",1,1,1
"10.1371/journal.pone.0270087",1,1,1
"10.1016/j.eswa.2011.08.167",1,1,1
"10.1016/j.envsoft.2010.03.015",1,1,1
"10.1016/j.egyr.2022.02.078",1,1,1
"10.3390/math11020373",1,1,1
"10.1016/j.ecolmodel.2007.06.017",1,1,1
"10.1002/hep.21215",1,1,1
"10.1016/j.trc.2007.02.003",1,1,1
"10.1057/eej.2010.64",1,1,1
"10.1111/j.1475-4932.2009.00588.x",1,1,1
"10.1016/j.ejcon.2023.100812",1,1,1
"10.1002/atr.1196",1,1,1
"10.1097/qai.0000000000002977",1,1,1
"10.1007/978-3-319-60240-0_14",1,1,1
"10.1017/s0269888920000119",1,1,1
"10.1016/j.labeco.2021.102004",1,1,1
"10.1109/access.2017.2665778",1,1,1
"10.1007/s11071-023-08549-w",1,1,1
"10.1002/1438-390x.12081",1,1,1
"10.1111/1467-8306.9302004",1,1,1
"10.1109/tii.2016.2543200",1,1,1
"10.3141/2517-05",1,1,1
"10.1080/00207543.2020.1853844",1,1,1
"10.24138/jcomss.v16i2.830",1,1,1
"10.1080/00207540500045162",1,1,1
"10.3390/en9080595",1,1,1
"10.1073/pnas.1708625114",1,1,1
"10.1038/s41598-022-21645-y",1,1,1
"10.1109/tac.2022.3209406",2,0,0
"10.1016/j.ins.2014.10.059",1,1,1
"10.1007/s11162-021-09666-4",1,1,1
"10.1016/j.ijar.2018.07.012",1,1,1
"10.1016/j.ins.2013.12.038",1,1,1
"10.1080/03081060.2015.1039235",1,1,1
"10.1016/s0167-8191(01)00106-5",1,1,1
"10.1016/s0304-3800(01)00380-5",1,1,1
"10.1371/journal.pone.0166596",1,1,1
"10.1177/03611981221127287",1,1,1
"10.3758/s13423-021-02021-9",1,1,1
"10.1109/dexa.2017.47",1,1,1
"10.1109/tac.2019.2948473",1,1,1
"10.18564/jasss.2871",1,1,1
"10.1007/s12555-022-0027-6",1,1,1
"10.1109/itsc.2008.4732621",1,1,1
"10.17705/1jais.00186",1,1,1
"10.1016/j.biosystems.2021.104450",1,1,1
"10.1136/tobaccocontrol-2016-053507",1,1,1
"10.1080/00207179.2011.622792",1,1,1
"10.1007/s11538-010-9581-9",1,1,1
"10.1007/s10846-023-01842-1",1,1,1
"10.1109/icacc.2010.5487023",1,1,1
"10.1016/j.automatica.2022.110516",1,1,1
"10.1016/j.jtbi.2008.08.023",1,1,1
"10.3390/su11010136",1,1,1
"10.1515/jisys-2018-0125",1,1,1
"10.3141/1999-11",1,1,1
"10.1109/synasc.2012.7",1,1,1
"10.1023/b:apin.0000021419.19822.a2",1,1,1
"10.1002/cncr.25624",1,1,1
"10.1007/978-3-319-71078-5_4",1,1,1
"10.12720/jait.11.2.58-63",1,1,1
"10.3390/app8020313",1,1,1
"10.1108/ijpdlm-01-2020-0001",1,1,1
"10.3141/2486-05",1,1,1
"10.4171/ifb/439",1,1,1
"10.1080/03081060.2017.1314499",1,1,1
"10.1016/j.ecolmodel.2019.108912",1,1,1
"10.1016/j.ress.2013.04.004",1,1,1
"10.1007/s11432-018-9453-x",1,1,1
"10.3233/978-1-61499-783-2-112",1,1,1
"10.4324/9780203076941",2,0,0
"10.1080/00207721.2022.2111234",1,1,1
"10.5220/0007918100700081",1,1,1
"10.1016/j.cities.2023.104215",1,1,1
"10.1109/lcsys.2021.3050093",1,1,1
"10.1139/f91-177",1,1,1
"10.1109/ieem.2017.8289903",2,0,0
"10.1007/s11269-019-02327-3",1,1,1
"10.1016/j.biocon.2013.08.030",1,1,1
"10.3141/2012-09",1,1,1
"10.1007/978-3-319-40159-1_5",1,1,1
"10.1080/17477778.2020.1811171",1,1,1
"10.1007/s13364-022-00670-2",1,1,1
"10.1017/s0269888903000572",1,1,1
"10.1080/13547860.2016.1263043",1,1,1
"10.1007/s10015-012-0032-6",1,1,1
"10.3390/en16062913",1,1,1
"10.1186/s40294-016-0022-y",1,1,1
"10.1111/j.1365-2419.2004.00300.x",1,1,1
"10.1109/upec.2007.4468918",1,1,1
"10.1016/j.jtbi.2008.07.024",1,1,1
"10.1016/j.eswa.2009.12.064",1,1,1
"10.1080/00207160802562556",1,1,1
"10.1007/s11403-022-00347-8",1,1,1
"10.1371/journal.pone.0270189",1,1,1
"10.1016/j.cie.2019.106100",1,1,1
"10.3934/jdg.2020001",1,1,1
"10.1109/tfuzz.2018.2810814",1,1,1
"10.1097/coh.0b013e3283384a3c",1,1,1
"10.1080/1747423x.2011.558603",1,1,1
"10.2307/1908396",0,2,0
"10.1142/s0218213011000395",1,1,1
"10.1155/2017/3574712",1,1,1
"10.1001/jamaoncol.2019.5582",1,1,1
"10.3390/axioms10040298",1,1,1
"10.1016/j.jcss.2007.04.019",1,1,1
"10.1155/2014/646548",1,1,1
"10.1109/wiiat50758.2020.00059",1,1,1
"10.1245/s10434-021-10576-z",1,1,1
"10.3390/su11174563",1,1,1
"10.21307/ijssis-2020-003",1,1,1
"10.1016/j.ijrobp.2022.12.028",1,1,1
"10.2166/wcc.2019.108",1,1,1
"10.1038/s41598-022-20846-9",1,1,1
"10.18564/jasss.2366",1,1,1
"10.1371/journal.pone.0126076",1,1,1
"10.1016/j.ijtst.2021.12.002",1,1,1
"10.1016/j.bica.2012.09.003",1,1,1
"10.18564/jasss.2495",1,1,1
"10.1016/j.procs.2017.05.112",1,1,1
"10.1080/08839514.2021.1904594",1,1,1
"10.1016/j.ecolmodel.2019.108903",1,1,1
"10.1016/j.compind.2008.07.004",1,1,1
"10.1016/j.isatra.2020.03.004",1,1,1
"10.1109/tits.2016.2619266",1,1,1
"10.1016/j.jglr.2018.08.013",1,1,1
"10.1136/bmj.f6048",1,1,1
"10.1016/j.jtbi.2016.12.027",1,1,1
"10.1007/s11205-013-0491-8",1,1,1
"10.3390/app12031049",1,1,1
"10.1007/s12555-021-0834-1",1,1,1
"10.1016/j.agsy.2005.06.011",1,1,1
"10.1142/s0218202513400095",1,1,1
"10.1002/atr.181",1,1,1
"10.1145/1867713.1867717",1,1,1
"10.1007/s00168-022-01150-w",1,1,1
"10.1590/0102-311x00099920",2,0,0
"10.1016/j.ajsl.2019.08.002",1,1,1
"10.1097/mlr.0000000000000380",1,1,1
"10.3390/app13042457",1,1,1
"10.1007/s10015-005-0360-x",1,1,1
"10.3390/jrfm13010013",1,1,1
"10.1016/j.ecolmodel.2017.03.007",1,1,1
"10.1080/23311916.2019.1684174",1,1,1
"10.1109/tie.2017.2701777",1,1,1
"10.1080/13645579.2022.2137921",1,1,1
"10.1371/journal.pcbi.1006333",1,1,1
"10.3390/sym13122301",1,1,1
"10.1007/s10109-010-0122-8",1,1,1
"10.1016/j.enpol.2017.08.024",1,1,1
"10.1007/s11047-021-09876-w",1,1,1
"10.1371/journal.pone.0167521",1,1,1
"10.1016/j.automatica.2011.02.027",1,1,1
"10.3141/2570-08",1,1,1
"10.1155/2018/4653648",1,1,1
"10.5220/0007581708370844",1,1,1
"10.1098/rsif.2021.0112",1,1,1
"10.1109/mcom.2009.4804403",1,1,1
"10.1111/j.1468-2397.2012.00885.x",1,1,1
"10.1093/beheco/araa070",1,1,1
"10.1007/s11538-009-9500-0",1,1,1
"10.1177/1046878107300673",1,1,1
"10.1016/j.amc.2018.09.033",1,1,1
"10.1016/j.ecolmodel.2014.01.025",1,1,1
"10.1016/j.baae.2023.05.001",1,1,1
"10.3233/web-160342",1,1,1
"10.1007/s40273-022-01175-1",1,1,1
"10.1016/j.sysconle.2019.04.007",1,1,1
"10.1177/00375497221093652",1,1,1
"10.1111/poms.12410",1,1,1
"10.1038/s41598-022-24748-8",1,1,1
"10.1016/j.tcs.2010.11.023",1,1,1
"10.1002/cplx.20329",1,1,1
"10.1109/access.2019.2943079",1,1,1
"10.1007/s12117-016-9292-1",1,1,1
"10.1007/s12555-018-0550-7",1,1,1
"10.1016/j.enbuild.2013.03.045",1,1,1
"10.1016/j.enpol.2022.113241",1,1,1
"10.3390/infrastructures6030046",1,1,1
"10.1016/j.jpeds.2022.04.009",1,1,1
"10.1136/jech.51.2.180",1,1,1
"10.1002/ece3.9359",1,1,1
"10.1016/j.engappai.2019.03.008",1,1,1
"10.1007/s12080-017-0361-0",1,1,1
"10.1061/(asce)te.1943-5436.0000762",1,1,1
"10.1007/s10955-014-1141-5",1,1,1
"10.1038/s41562-018-0488-z",1,1,1
"10.1016/j.ijresmar.2015.11.005",1,1,1
"10.1016/j.scico.2006.10.007",1,1,1
"10.1016/j.ijepes.2021.107025",1,1,1
"10.1111/1365-2656.13627",1,1,1
"10.18564/jasss.2904",1,1,1
"10.1016/j.scico.2007.01.008",1,1,1
"10.1016/j.buildenv.2011.02.005",1,1,1
"10.1155/2014/616024",1,1,1
"10.1016/j.ecolmodel.2016.07.017",1,1,1
"10.1016/j.jtbi.2012.07.016",1,1,1
"10.1109/tii.2021.3127197",1,1,1
"10.1016/j.ins.2020.11.043",1,1,1
"10.1080/18128600608685663",1,1,1
"10.1007/s10115-011-0415-3",1,1,1
"10.1111/j.1759-3441.2009.00022.x",1,1,1
"10.1007/978-3-030-00533-7_22",1,1,1
"10.1007/978-3-030-05414-4_23",1,1,1
"10.4186/ej.2016.20.5.1",1,1,1
"10.1007/s10015-022-00847-7",1,1,1
"10.1007/s10980-005-4430-1",1,1,1
"10.1016/j.ifacol.2017.08.060",1,1,1
"10.3991/ijoe.v12i07.5850",1,1,1
"10.1002/rnc.5914",1,1,1
"10.1007/s10980-018-0669-1",1,1,1
"10.1016/j.elerap.2005.10.011",1,1,1
"10.1155/2022/9439957",1,1,1
"10.1016/j.techfore.2009.05.003",1,1,1
"10.1016/j.envsoft.2020.104684",1,1,1
"10.1016/j.jmsy.2022.08.005",1,1,1
"10.1109/icnc.2008.605",1,1,1
"10.1007/s42835-022-01287-w",1,1,1
"10.1109/tevc.2008.2011401",1,1,1
"10.5198/jtlu.v6i1.325",1,1,1
"10.1109/access.2022.3206364",1,1,1
"10.3390/drones6110357",1,1,1
"10.1007/978-3-319-19629-9_20",1,1,1
"10.1016/j.epsr.2015.07.018",1,1,1
"10.3389/fevo.2023.1053017",1,1,1
"10.1109/icdcsw.2017.14",1,1,1
"10.1103/physreve.65.051911",2,0,0
"10.1093/jae/ejx024",1,1,1
"10.1177/0022343314552808",1,1,1
"10.17059/2017-1-24",1,1,1
"10.3390/su151310495",1,1,1
"10.1002/mrm.28781",1,1,1
"10.35833/mpce.2019.000090",1,1,1
"10.1006/bcon.2000.0898",1,1,1
"10.1007/s00500-014-1330-9",1,1,1
"10.1016/j.tranpol.2021.09.017",1,1,1
"10.1177/08944393221082685",1,1,1
"10.1016/j.sysconle.2013.01.011",1,1,1
"10.1016/j.compbiomed.2022.105396",1,1,1
"10.1007/978-981-10-2564-8_6",1,1,1
"10.1007/s10472-016-9511-0",1,1,1
"10.3390/en13112808",1,1,1
"10.1002/cav.1777",1,1,1
"10.18564/jasss.1833",1,1,1
"10.1002/eej.20705",1,1,1
"10.1016/j.ecocom.2012.04.003",1,1,1
"10.1016/j.epsr.2019.106099",1,1,1
"10.1016/j.eswa.2019.112849",1,1,1
"10.1109/ojits.2022.3196811",1,1,1
"10.5547/01956574.40.1.flan",1,1,1
"10.1080/10871209.2018.1509249",1,1,1
"10.1109/itsc.2015.477",1,1,1
"10.1016/j.engappai.2011.10.008",1,1,1
"10.1016/j.simpat.2005.09.004",1,1,1
"10.3141/2604-09",1,1,1
"10.1109/tac.2020.3039485",1,1,1
"10.1109/tie.2017.2721923",1,1,1
"10.1007/s12065-020-00534-1",1,1,1
"10.1016/j.dss.2009.08.008",1,1,1
"10.1016/j.ins.2005.07.020",1,1,1
"10.1137/21m1419763",1,1,1
"10.1016/j.autcon.2005.06.006",1,1,1
"10.3390/en11113217",1,1,1
"10.1111/j.1461-0248.2008.01228.x",1,1,1
"10.3390/su10010011",1,1,1
"10.1007/s10846-016-0421-5",1,1,1
"10.1080/13696998.2020.1803888",1,1,1
"10.1509/jm.11.0428",1,1,1
"10.1080/13873954.2020.1727930",1,1,1
"10.1016/j.apenergy.2021.118449",1,1,1
"10.1016/j.eswa.2013.05.003",1,1,1
"10.1016/j.cnsns.2019.02.019",1,1,1
"10.1177/1046878107308096",1,1,1
"10.1007/s10614-016-9592-1",1,1,1
"10.1109/tac.2020.2991694",1,1,1
"10.1007/s11258-006-9252-y",1,1,1
"10.1007/978-981-16-0550-5_10",1,1,1
"10.1126/sciadv.aar8483",1,1,1
"10.1016/j.physa.2010.05.039",1,1,1
"10.1016/j.physa.2004.06.121",1,1,1
"10.1177/0278364914555543",1,1,1
"10.1080/13696998.2021.1872585",1,1,1
"10.1016/j.ins.2023.01.025",1,1,1
"10.1007/s11277-017-4286-0",1,1,1
"10.1162/evco_a_00156",1,1,1
"10.3390/sym12050843",1,1,1
"10.3390/ijerph20010545",1,1,1
"10.1111/roiw.12337",1,1,1
"10.1007/s11403-020-00297-z",1,1,1
"10.1111/j.1475-5890.2009.00093.x",1,1,1
"10.1016/j.strueco.2019.06.013",1,1,1
"10.1097/phh.0b013e3182939a5c",1,1,1
"10.18564/jasss.1528",1,1,1
"10.3389/fmicb.2015.00625",1,1,1
"10.1016/j.ifacol.2016.09.054",1,1,1
"10.1016/j.wasman.2016.10.048",1,1,1
"10.1016/j.scico.2005.01.002",1,1,1
"10.1007/s40273-015-0254-2",1,1,1
"10.2514/1.i010146",1,1,1
"10.1109/iat.2007.38",1,1,1
"10.1139/cjfas-2018-0122",1,1,1
"10.18564/jasss.4178",1,1,1
"10.1016/j.robot.2014.07.005",1,1,1
"10.1142/s0218843097000069",1,1,1
"10.1016/j.fss.2013.10.010",1,1,1
"10.1109/tnnls.2019.2899632",1,1,1
"10.1007/s12652-020-02682-9",1,1,1
"10.1016/j.ecocom.2017.12.001",1,1,1
"10.1002/hec.3010",1,1,1
"10.1016/j.dss.2005.01.009",1,1,1
"10.1016/j.ifacol.2016.11.027",1,1,1
"10.1007/s00535-013-0887-x",1,1,1
"10.1006/jmsc.2001.1150",1,1,1
"10.1016/j.anbehav.2011.01.015",1,1,1
"10.1016/j.engappai.2008.03.006",1,1,1
"10.1109/mcas.2013.2271443",1,1,1
"10.1007/s11071-017-3844-z",1,1,1
"10.1137/18m1232346",1,1,1
"10.1080/00207179.2013.868931",1,1,1
"10.1109/icmla.2012.130",1,1,1
"10.1016/j.isci.2023.105937",1,1,1
"10.1098/rsif.2015.0647",1,1,1
"10.3837/tiis.2021.04.002",1,1,1
"10.1016/0264-9993(91)90029-n",1,1,1
"10.1109/tvt.2021.3124810",1,1,1
"10.1016/j.neucom.2013.02.038",1,1,1
"10.20965/jaciii.2006.p0161",1,1,1
"10.1016/j.biosystems.2014.08.005",1,1,1
"10.1097/ss.0b013e3181eda507",1,1,1
"10.1080/23311916.2021.1975900",1,1,1
"10.3389/fams.2023.1163583",1,1,1
"10.1080/01969720290040731",1,1,1
"10.3390/soc6010001",1,1,1
"10.1007/s10588-017-9258-0",1,1,1
"10.1007/s13369-017-2860-0",1,1,1
"10.3390/en13205250",1,1,1
"10.1017/s1365100513000436",1,1,1
"10.1371/journal.pone.0190349",1,1,1
"10.1016/j.trb.2016.07.015",1,1,1
"10.1016/j.scs.2022.103817",1,1,1
"10.1093/rheumatology/kep392",1,1,1
"10.1007/978-3-642-20116-5",2,0,0
"10.1109/greentech.2013.74",1,1,1
"10.1007/s40273-016-0394-z",1,1,1
"10.1007/s12530-023-09485-1",1,1,1
"10.1007/s10144-018-0612-y",1,1,1
"10.3141/2134-21",1,1,1
"10.1002/ece3.1546",1,1,1
"10.1038/nclimate1826",1,1,1
"10.1016/j.ifacol.2020.12.419",1,1,1
"10.3390/fi11010008",1,1,1
"10.1109/ftdcs.2007.18",1,1,1
"10.1046/j.1365-2419.2003.00235.x",1,1,1
"10.1016/s1470-2045(21)00426-5",1,1,1
"10.1177/0734242x18783843",1,1,1
"10.2166/hydro.2006.006",1,1,1
"10.3141/2319-05",1,1,1
"10.1097/qad.0000000000002577",1,1,1
"10.1016/s1049-2585(04)12009-7",1,1,1
"10.1007/s10955-018-2160-4",1,1,1
"10.1109/access.2021.3064371",1,1,1
"10.1177/1090198113493911",1,1,1
"10.7717/peerj.2176",1,1,1
"10.1007/s11229-010-9757-8",1,1,1
"10.1007/978-3-031-20611-5_26",1,1,1
"10.1016/j.eswa.2012.12.034",1,1,1
"10.1016/j.jrurstud.2006.01.002",1,1,1
"10.1016/j.culher.2019.06.010",1,1,1
"10.1080/00207721.2016.1179817",1,1,1
"10.1109/lra.2022.3152702",1,1,1
"10.1109/jetcas.2017.2708900",1,1,1
"10.1155/2020/3152020",1,1,1
"10.1002/cplx.21709",1,1,1
"10.1016/j.ecolecon.2022.107529",1,1,1
"10.1002/asjc.1814",1,1,1
"10.1177/1548512910387627",1,1,1
"10.3389/fphys.2021.716434",1,1,1
"10.1016/j.epidem.2023.100691",1,1,1
"10.1109/icse.2015.279",1,1,1
"10.1007/978-3-030-37453-2_31",1,1,1
"10.1016/j.ifacsc.2020.100126",1,1,1
"10.1073/pnas.1903496117",1,1,1
"10.1177/1059712310361791",1,1,1
"10.1023/a:1005259324588",1,1,1
"10.1371/journal.pone.0008515",1,1,1
"10.1080/00207540500410002",1,1,1
"10.1093/comnet/cnz020",1,1,1
"10.1073/pnas.1504811112",1,1,1
"10.1016/j.im.2011.04.002",1,1,1
"10.1016/j.jmbbm.2022.105325",1,1,1
"10.1145/2979779.2979849",1,1,1
"10.1016/j.compind.2010.05.012",1,1,1
"10.1016/s1049-2585(04)12008-5",1,1,1
"10.1016/j.compind.2013.04.008",1,1,1
"10.1111/1475-6773.12786",1,1,1
"10.1007/978-3-319-40162-1_2",1,1,1
"10.1017/s1365100515000450",1,1,1
"10.1093/cid/ciz249",1,1,1
"10.1109/tac.2016.2643444",1,1,1
"10.3390/s130912218",1,1,1
"10.1109/tsg.2019.2911129",1,1,1
"10.1111/j.1420-9101.2012.02620.x",1,1,1
"10.1086/692605",1,1,1
"10.1109/access.2021.3119459",1,1,1
"10.1086/720899",1,1,1
"10.1007/s12555-018-0734-1",1,1,1
"10.1007/s10472-021-09735-5",1,1,1
"10.1126/science.1116681",1,1,1
"10.3390/environments5010005",1,1,1
"10.1057/s41287-020-00328-2",1,1,1
"10.1117/12.2539656",1,1,1
"10.1155/2020/8877424",1,1,1
"10.3390/su13169465",1,1,1
"10.1007/978-3-319-60240-0_21",1,1,1
"10.1109/tac.2018.2829687",1,1,1
"10.1299/jamdsm.2022jamdsm0057",1,1,1
"10.1017/s0031182017001159",1,1,1
"10.20998/2074-272x.2023.2.05",1,1,1
"10.1590/0102-311x00192013",1,1,1
"10.1016/j.simpat.2015.08.005",1,1,1
"10.1016/j.egypro.2018.04.030",1,1,1
"10.1016/j.mbs.2015.11.007",1,1,1
"10.1111/cjag.12039",1,1,1
"10.1142/s0219525912500804",1,1,1
"10.1007/s13748-012-0011-0",1,1,1
"10.1007/s13042-020-01094-7",1,1,1
"10.1177/0272989x12455463",1,1,1
"10.1177/15501329221090469",1,1,1
"10.1016/j.ecolmodel.2013.02.020",1,1,1
"10.1371/journal.pntd.0007978",1,1,1
"10.1017/s1368980013000840",1,1,1
"10.1002/dac.4670",1,1,1
"10.1109/tii.2018.2871562",1,1,1
"10.1109/access.2022.3228836",1,1,1
"10.18564/jasss.4762",1,1,1
"10.1587/transfun.2020eap1111",1,1,1
"10.1007/s11269-012-0193-z",1,1,1
"10.1016/j.ifacol.2020.12.2608",1,1,1
"10.1016/j.ifacol.2022.07.239",1,1,1
"10.1016/j.conengprac.2020.104525",1,1,1
"10.1007/s10198-011-0334-y",1,1,1
"10.1016/j.compenvurbsys.2016.09.003",1,1,1
"10.1002/sim.8494",1,1,1
"10.1007/978-3-319-98872-6_21",1,1,1
"10.1109/lsens.2022.3225527",1,1,1
"10.1007/s001700200088",1,1,1
"10.1016/j.cnsns.2019.104890",1,1,1
"10.1007/s11116-017-9811-1",1,1,1
"10.1109/tac.2021.3060714",1,1,1
"10.1002/asjc.724",1,1,1
"10.1007/s00894-018-3889-z",1,1,1
"10.1111/2041-210x.12525",1,1,1
"10.1109/tcst.2016.2547952",1,1,1
"10.1016/j.ssresearch.2018.10.007",1,1,1
"10.1590/s0102-05362011000100021",1,1,1
"10.1007/s10764-013-9726-4",1,1,1
"10.1016/j.energy.2022.125579",1,1,1
"10.2478/amns.2023.1.00152",1,1,1
"10.1016/j.palaeo.2022.110845",1,1,1
"10.1007/978-3-319-47253-9_36",1,1,1
"10.1007/s00198-020-05765-7",1,1,1
"10.1109/tcyb.2019.2954623",1,1,1
"10.1093/ietisy/e89-d.4.1413",1,1,1
"10.1109/ie51775.2021.9486478",1,1,1
"10.1191/0962280204sm376ra",1,1,1
"10.1016/j.jclepro.2019.119479",1,1,1
"10.1002/spe.2595",1,1,1
"10.1002/ijc.30551",1,1,1
"10.1016/j.chaos.2016.02.023",1,1,1
"10.1016/j.eswa.2017.03.003",1,1,1
"10.1016/j.landusepol.2022.106256",1,1,1
"10.3846/transport.2022.16322",1,1,1
"10.1007/s11269-022-03141-0",1,1,1
"10.1016/j.prevetmed.2017.12.013",1,1,1
"10.1007/978-3-319-31008-4_10",1,1,1
"10.3130/jaabe.7.301",1,1,1
"10.1111/cobi.13610",1,1,1
"10.1080/19331681.2018.1519480",1,1,1
"10.1007/s41109-020-00299-7",1,1,1
"10.3390/drones6070164",1,1,1
"10.1016/j.isatra.2020.05.003",1,1,1
"10.1016/j.eswa.2023.120560",1,1,1
"10.1073/pnas.0408308102",1,1,1
"10.1109/tsg.2017.2765241",1,1,1
"10.1109/tr.2018.2850315",1,1,1
"10.3141/2484-20",1,1,1
"10.1109/wcica.2010.5554967",1,1,1
"10.1061/jtepbs.0000553",1,1,1
"10.1016/j.artint.2014.03.006",1,1,1
"10.18564/jasss.4686",1,1,1
"10.1109/tcsi.2023.3274191",2,0,0
"10.3354/meps13265",1,1,1
"10.3233/mgs-2011-0180",1,1,1
"10.3390/fluids5040209",1,1,1
"10.1016/j.bone.2009.08.052",1,1,1
"10.1371/journal.pcbi.1010158",1,1,1
"10.1592/phco.25.3.325.61593",1,1,1
"10.1109/ivs.2010.5548095",1,1,1
"10.1371/journal.pcbi.1007772",1,1,1
"10.1016/j.ecoleng.2015.12.038",1,1,1
"10.3233/ais-130207",1,1,1
"10.3354/meps07916",1,1,1
"10.1007/s11047-022-09881-7",1,1,1
"10.1177/03611981221092383",1,1,1
"10.3141/2645-19",1,1,1
"10.1016/j.ecolind.2012.01.017",1,1,1
"10.1080/19439962.2019.1634661",1,1,1
"10.1007/s00500-023-08450-z",2,0,0
"10.1628/001522117x14864674910065",1,1,1
"10.1007/s11538-014-9933-y",1,1,1
"10.3389/fpubh.2022.883624",1,1,1
"10.1016/j.geb.2009.02.001",1,1,1
"10.1117/12.727668",1,1,1
"10.3390/en12193655",1,1,1
"10.1016/j.ecolmodel.2013.01.009",1,1,1
"10.1016/j.enpol.2013.02.040",1,1,1
"10.4319/lo.2009.54.5.1765",1,1,1
"10.3233/shti190281",1,1,1
"10.1109/icmwcn.2007.4668190",1,1,1
"10.3141/1999-05",1,1,1
"10.1016/j.lingua.2014.09.009",1,1,1
"10.1007/s12063-022-00324-1",1,1,1
"10.1109/tiv.2021.3123110",1,1,1
"10.3201/eid2512.181324",1,1,1
"10.1016/j.ijpara.2012.05.012",1,1,1
"10.1016/j.automatica.2021.109504",1,1,1
"10.1371/journal.pone.0091262",1,1,1
"10.1016/j.enconman.2014.09.002",1,1,1
"10.1016/j.ssci.2018.12.026",1,1,1
"10.1038/s41598-022-09269-8",1,1,1
"10.1109/jsyst.2020.3006848",1,1,1
"10.1007/978-3-319-47253-9_11",1,1,1
"10.1016/j.comcom.2020.01.018",1,1,1
"10.1016/j.jhydrol.2021.126303",1,1,1
"10.1007/s11002-014-9284-3",1,1,1
"10.1016/j.procs.2020.03.152",1,1,1
"10.1016/j.automatica.2013.02.055",1,1,1
"10.1007/978-3-030-87237-3_47",1,1,1
"10.1002/rnc.3220",1,1,1
"10.1056/nejmoa1201637",1,1,1
"10.20965/jaciii.2010.p0661",1,1,1
"10.1002/rra.4037",1,1,1
"10.1016/j.tranpol.2017.03.007",1,1,1
"10.1016/j.anbehav.2008.07.026",1,1,1
"10.1007/s00521-018-3938-7",1,1,1
"10.1016/j.ifacol.2021.08.514",1,1,1
"10.1093/infdis/jis542",1,1,1
"10.1080/17477778.2020.1832869",1,1,1
"10.1177/0278364910399521",1,1,1
"10.1109/tcyb.2018.2868715",1,1,1
"10.1016/j.jpolmod.2021.11.001",1,1,1
"10.1093/sysbio/syv014",1,1,1
"10.1080/03081060.2013.875275",1,1,1
"10.1093/aob/mcaa043",1,1,1
"10.1109/tsipn.2020.3044960",1,1,1
"10.18564/jasss.3150",1,1,1
"10.1016/j.ijepes.2022.108599",1,1,1
"10.1007/978-3-319-16486-1_62",1,1,1
"10.1007/s10472-010-9219-5",1,1,1
"10.1109/ncca.2015.17",1,1,1
"10.1061/(asce)st.1943-541x.0002810",1,1,1
"10.2147/ceor.s183076",1,1,1
"10.1038/s41467-022-29015-y",1,1,1
"10.1017/s0263574718000942",1,1,1
"10.3390/land11111943",1,1,1
"10.1109/tcyb.2016.2550612",1,1,1
"10.1145/3200947.3201015",1,1,1
"10.1016/j.ecolmodel.2011.03.026",1,1,1
"10.1109/tsp.2018.2879623",1,1,1
"10.1002/ecj.11650",1,1,1
"10.1093/bioinformatics/btab649",1,1,1
"10.1016/j.sysconle.2019.104531",1,1,1
"10.1016/j.econmod.2016.04.011",1,1,1
"10.1007/978-3-319-58562-8_23",1,1,1
"10.1097/dcr.0b013e3182805eb8",1,1,1
"10.1111/j.1600-0587.2011.07259.x",1,1,1
"10.1016/j.ast.2021.106568",1,1,1
"10.1086/677632",1,1,1
"10.1057/jos.2012.15",1,1,1
"10.1080/17477778.2022.2122741",1,1,1
"10.1177/1687814017691437",1,1,1
"10.1016/j.ijleo.2015.02.004",1,1,1
"10.1525/aa.1978.80.4.02a00080",1,1,1
"10.1016/j.dss.2005.02.002",1,1,1
"10.3390/su132111750",1,1,1
"10.1071/wr12139",1,1,1
"10.18564/jasss.2100",1,1,1
"10.1111/j.1365-2664.2006.01152.x",1,1,1
"10.1111/1475-5890.12313",1,1,1
"10.1016/j.applanim.2015.08.013",1,1,1
"10.1111/jeb.13340",1,1,1
"10.3390/drones7050297",1,1,1
"10.1007/978-3-030-36636-0_6",1,1,1
"10.3390/risks11070128",1,1,1
"10.1007/978-3-319-19728-9_13",1,1,1
"10.1038/srep00402",1,1,1
"10.1007/s13369-020-04411-y",1,1,1
"10.1016/s2468-2667(20)30308-x",1,1,1
"10.1109/sest50973.2021.9543174",1,1,1
"10.1080/13696998.2017.1372252",1,1,1
"10.3926/jiem.1197",1,1,1
"10.3969/j.issn.1004-4132.2011.06.007",1,1,1
"10.1007/s11227-020-03292-0",1,1,1
"10.1007/978-3-319-25210-0_5",1,1,1
"10.1016/j.eswa.2021.115675",1,1,1
"10.1016/j.engappai.2022.105002",1,1,1
"10.1177/000348941011900609",1,1,1
"10.18564/jasss.3203",1,1,1
"10.1016/j.energy.2018.04.161",1,1,1
"10.1023/a:1022239329544",1,1,1
"10.1080/00207179.2016.1214873",1,1,1
"10.1111/j.1468-0394.2004.00270.x",1,1,1
"10.1016/j.engappai.2011.02.003",1,1,1
"10.1111/j.1461-0248.2006.00942.x",1,1,1
"10.1017/s1474747217000361",1,1,1
"10.1016/j.ijepes.2014.12.038",1,1,1
"10.1109/tfuzz.2023.3235402",2,0,0
"10.1109/iat.2006.35",1,1,1
"10.1016/s0252-9602(14)60019-9",1,1,1
"10.1016/j.ecolmodel.2009.11.009",1,1,1
"10.1111/1475-5890.12193",1,1,1
"10.1109/tii.2018.2889692",1,1,1
"10.1016/j.ins.2009.05.009",1,1,1
"10.1109/lcsys.2020.3047332",1,1,1
"10.18564/jasss.4660",1,1,1
"10.1089/dia.2014.0304",1,1,1
"10.1016/j.eswa.2012.12.054",1,1,1
"10.1111/j.1524-4733.2008.00497.x",1,1,1
"10.1023/a:1008027530282",1,1,1
"10.1016/j.vaccine.2021.04.024",1,1,1
"10.1007/s12237-016-0100-6",1,1,1
"10.18564/jasss.2892",1,1,1
"10.1109/taes.2022.3144379",1,1,1
"10.1080/17517575.2018.1536929",1,1,1
"10.3390/en5093347",1,1,1
"10.1049/iet-rpg.2019.1355",1,1,1
"10.1080/10798587.2017.1337667",1,1,1
"10.1007/s10489-021-02644-4",1,1,1
"10.1111/fog.12625",1,1,1
"10.1016/j.jebo.2011.03.003",1,1,1
"10.1080/17513758.2015.1005698",1,1,1
"10.1016/j.pocean.2023.103034",1,1,1
"10.1142/s0218843004001036",1,1,1
"10.1016/s0165-1889(00)00030-0",1,1,1
"10.1109/iita.2008.229",1,1,1
"10.1186/s12889-018-5509-3",1,1,1
"10.3141/2175-02",1,1,1
"10.1007/978-3-319-15201-1_3",1,1,1
"10.1890/0012-9658(2002)083[1817:aohsru]2.0.co;2",1,1,1
"10.18564/jasss.4241",1,1,1
"10.1016/j.net.2021.01.007",1,1,1
"10.1109/jsyst.2022.3142620",1,1,1
"10.2514/1.g005006",1,1,1
"10.4028/www.scientific.net/amm.215-216.964",1,1,1
"10.1080/08898480.2010.491032",1,1,1
"10.3233/idt-2007-1301",1,1,1
"10.1007/s11403-014-0129-1",1,1,1
"10.1186/s12885-022-09613-1",1,1,1
"10.1002/mde.1555",1,1,1
"10.1016/j.physa.2022.127329",1,1,1
"10.1023/a:1027387605505",1,1,1
"10.1002/cam4.2735",1,1,1
"10.1007/s11538-017-0375-1",1,1,1
"10.1007/s10514-019-09871-2",1,1,1
"10.1016/j.gloenvcha.2008.08.006",1,1,1
"10.1016/j.retrec.2012.11.001",1,1,1
"10.1007/s11802-015-2562-8",1,1,1
"10.1111/j.1540-5907.2012.00625.x",1,1,1
"10.1016/j.entcs.2004.04.042",1,1,1
"10.1016/j.ecolmodel.2021.109455",1,1,1
"10.1109/bwss.2012.20",1,1,1
"10.1111/exsy.13342",1,1,1
"10.1016/j.iot.2020.100354",1,1,1
"10.1080/00207543.2014.885663",1,1,1
"10.1111/rsp3.12704",1,1,1
"10.1046/j.0021-8790.2001.00561.x",1,1,1
"10.1016/j.jtbi.2007.01.014",1,1,1
"10.1016/j.engappai.2021.104412",1,1,1
"10.1016/j.contraception.2016.12.003",1,1,1
"10.1038/s41598-021-00201-0",1,1,1
"10.1016/j.apenergy.2017.11.046",1,1,1
"10.1093/cid/ciaa1698",1,1,1
"10.1016/j.jtte.2015.08.002",1,1,1
"10.1016/j.apenergy.2018.07.092",1,1,1
"10.1038/s41598-021-89143-1",1,1,1
"10.1093/rheumatology/kem031",1,1,1
"10.1080/00207721.2022.2056772",1,1,1
"10.1016/j.ecolmodel.2019.108917",1,1,1
"10.1177/1046878120914336",1,1,1
"10.1109/codit55151.2022.9803992",1,1,1
"10.1016/j.pocean.2010.09.022",1,1,1
"10.1016/j.actaastro.2012.12.017",1,1,1
"10.1109/tsg.2020.2965568",1,1,1
"10.1049/iet-cta.2016.1516",1,1,1
"10.1109/tcns.2019.2953459",1,1,1
"10.1109/ccdc.2008.4597580",1,1,1
"10.3390/cancers13081884",1,1,1
"10.1109/smc.2013.219",1,1,1
"10.1002/rnc.6263",1,1,1
"10.1186/s12962-015-0044-x",1,1,1
"10.1161/circulationaha.119.042956",1,1,1
"10.1016/j.ifacol.2020.12.2217",1,1,1
"10.1016/j.eneco.2020.104916",1,1,1
"10.1109/access.2022.3228918",1,1,1
"10.25300/misq/2020/14494",1,1,1
"10.9770/jesi.2020.7.4(35)",1,1,1
"10.1017/s0269888905000433",1,1,1
"10.1038/s41598-020-80141-3",1,1,1
"10.1109/spca.2006.297592",1,1,1
"10.1016/j.cie.2021.107345",1,1,1
"10.1016/j.ecocom.2013.09.004",1,1,1
"10.1016/j.intman.2012.02.004",1,1,1
"10.18564/jasss.2621",1,1,1
"10.1016/j.aap.2007.09.025",1,1,1
"10.1109/aiccsa.2017.133",1,1,1
"10.1016/j.techfore.2022.122011",1,1,1
"10.1007/s11071-015-2472-8",1,1,1
"10.1613/jair.1.11494",1,1,1
"10.1007/s10796-013-9452-7",1,1,1
"10.1016/j.epsr.2022.108026",1,1,1
"10.1007/s00778-002-0071-z",1,1,1
"10.1016/j.scitotenv.2021.146312",1,1,1
"10.1007/s12293-014-0149-3",1,1,1
"10.1007/s00191-013-0306-8",1,1,1
"10.1080/19397038.2017.1370032",1,1,1
"10.1145/3318396.3318431",1,1,1
"10.1007/s00034-018-0764-1",1,1,1
"10.1016/0965-8564(96)00004-3",1,1,1
"10.1111/j.1365-2419.2004.00306.x",1,1,1
"10.1016/j.rser.2015.12.020",1,1,1
"10.1093/ajae/aar035",1,1,1
"10.1680/jensu.19.00008",1,1,1
"10.1080/00207179.2019.1566642",1,1,1
"10.1109/jsyst.2023.3280192",1,1,1
"10.1098/rsif.2007.0227",1,1,1
"10.1155/2018/7264269",1,1,1
"10.1109/tits.2013.2269713",1,1,1
"10.1007/s13235-017-0236-4",1,1,1
"10.3390/curroncol29040223",1,1,1
"10.1109/csci.2015.66",1,1,1
"10.1109/tpwrs.2015.2421639",1,1,1
"10.1109/padsw.2000.884670",1,1,1
"10.1007/978-3-319-10422-5_40",1,1,1
"10.1080/00207721.2012.757384",1,1,1
"10.1016/j.ecocom.2014.06.005",1,1,1
"10.1016/j.euroecorev.2022.104306",1,1,1
"10.1080/14737167.2017.1375406",1,1,1
"10.1108/k-04-2020-0231",1,1,1
"10.24425/acs.2023.146277",1,1,1
"10.1007/s11657-021-00891-z",1,1,1
"10.1103/physreve.93.032307",1,1,1
"10.1177/109434209500900401",1,1,1
"10.1109/tnnls.2022.3197918",1,1,1
"10.1080/17517575.2016.1212275",1,1,1
"10.1016/j.robot.2023.104433",1,1,1
"10.1001/jamanetworkopen.2022.0541",1,1,1
"10.1016/j.techfore.2018.06.003",1,1,1
"10.1007/s10440-013-9847-y",1,1,1
"10.1007/s00198-015-3319-3",1,1,1
"10.1016/j.asoc.2019.105486",1,1,1
"10.1371/journal.pone.0139128",1,1,1
"10.1016/j.joca.2009.10.010",1,1,1
"10.3390/su10051470",1,1,1
"10.1016/j.rser.2017.03.107",1,1,1
"10.1007/s00198-020-05393-1",1,1,1
"10.1016/j.simpat.2021.102395",1,1,1
"10.1109/tnnls.2021.3084142",1,1,1
"10.1093/logcom/exr029",1,1,1
"10.1029/2018wr024180",1,1,1
"10.1186/s12916-019-1316-7",1,1,1
"10.1016/j.sysconle.2013.02.010",1,1,1
"10.1007/s10614-013-9367-x",1,1,1
"10.1117/12.602039",1,1,1
"10.1109/jcai.2009.72",1,1,1
"10.1016/j.ecolmodel.2010.11.028",1,1,1
"10.1631/fitee.2000203",1,1,1
"10.1109/tciaig.2009.2018832",1,1,1
"10.1007/s10997-010-9129-2",1,1,1
"10.1002/etc.4946",1,1,1
"10.1016/j.sbspro.2011.04.494",1,1,1
"10.1109/tdsc.2011.57",1,1,1
"10.5018/economics-ejournal.ja.2019-43",1,1,1
"10.1016/j.engappai.2015.06.023",1,1,1
"10.3389/fbuil.2021.654279",1,1,1
"10.1080/23311916.2019.1698689",1,1,1
"10.1109/tac.2020.3046029",1,1,1
"10.1186/s12936-015-0776-2",1,1,1
"10.1177/1475921713493344",1,1,1
"10.3141/2135-11",1,1,1
"10.1016/j.ecolmodel.2016.10.013",1,1,1
"10.1371/journal.pone.0114979",1,1,1
"10.1061/(asce)up.1943-5444.0000469",1,1,1
"10.2390/biecoll-jib-2015-278",1,1,1
"10.1007/s11071-011-9962-0",1,1,1
"10.1002/atr.1187",1,1,1
"10.1016/j.healthpol.2010.05.014",1,1,1
"10.1016/j.jedc.2016.10.002",1,1,1
"10.1016/j.ast.2017.11.020",1,1,1
"10.1016/j.ifacol.2016.07.683",1,1,1
"10.1007/s12571-017-0693-z",1,1,1
"10.1093/jigpal/jzp074",1,1,1
"10.1007/s11067-016-9326-x",1,1,1
"10.1177/0894439315620866",1,1,1
"10.1002/etc.5409",1,1,1
"10.1007/s41109-023-00542-x",1,1,1
"10.1080/00222500802534280",1,1,1
"10.1038/s41598-020-62939-3",1,1,1
"10.1088/1742-5468/ab409b",1,1,1
"10.1007/s42452-021-04295-z",1,1,1
"10.1016/j.ifacol.2015.09.138",1,1,1
"10.1002/atr.1307",1,1,1
"10.1016/j.ins.2009.07.017",1,1,1
"10.1016/s0010-4655(02)00353-3",1,1,1
"10.1109/tii.2019.2929284",1,1,1
"10.3233/idt-2011-0101",1,1,1
"10.1016/j.joi.2022.101341",1,1,1
"10.1007/s00779-020-01363-w",1,1,1
"10.1007/s11227-020-03287-x",1,1,1
"10.1021/acsbiomaterials.7b00117",1,1,1
"10.1007/s10916-020-01610-w",1,1,1
"10.1103/physreve.89.022711",1,1,1
"10.3390/su11113113",1,1,1
"10.1016/j.energy.2019.02.094",1,1,1
"10.1016/0378-7796(93)90016-8",1,1,1
"10.1007/s13300-020-00923-w",1,1,1
"10.3763/inbi.2009.0032",1,1,1
"10.1371/journal.pone.0231137",1,1,1
"10.1109/icws.2016.47",1,1,1
"10.1007/s11657-021-00956-z",1,1,1
"10.1016/j.neucom.2015.03.102",1,1,1
"10.1002/etep.1717",1,1,1
"10.1016/j.jclepro.2022.135269",1,1,1
"10.3390/s22134773",1,1,1
"10.1109/aina.2017.157",1,1,1
"10.1109/tcyb.2014.2341582",1,1,1
"10.1109/mic.1998.683802",1,1,1
"10.1093/beheco/13.2.280",1,1,1
"10.1016/j.epidem.2022.100637",1,1,1
"10.1109/isms.2013.58",1,1,1
"10.1016/j.econmod.2009.01.008",1,1,1
"10.1111/exsy.13112",1,1,1
"10.1061/(asce)0733-947x(2009)135:10(687)",1,1,1
"10.1016/j.simpat.2006.09.018",1,1,1
"10.1016/j.jmarsys.2005.03.007",1,1,1
"10.1080/13873954.2014.973885",1,1,1
"10.7717/peerj.8710",1,1,1
"10.1002/oca.2970",1,1,1
"10.1007/s12469-017-0158-y",1,1,1
"10.1016/s0304-3800(02)00131-x",1,1,1
"10.1016/j.jde.2020.07.016",1,1,1
"10.1016/j.jtbi.2015.03.019",1,1,1
"10.1504/ijcsm.2015.072970",1,1,1
"10.1007/3-540-34824-7_4",1,1,1
"10.1177/2233865916675215",1,1,1
"10.1177/0361198118758630",1,1,1
"10.1007/978-3-319-66104-9_7",1,1,1
"10.53106/160792642023072404002",1,1,1
"10.1002/rnc.4977",1,1,1
"10.1016/j.ecolmodel.2020.109421",1,1,1
"10.1109/tnnls.2021.3100417",1,1,1
"10.1109/tpwrs.2002.805016",1,1,1
"10.1109/mic.2004.6",1,1,1
"10.1109/tii.2015.2431232",1,1,1
"10.1016/j.envsci.2009.01.014",1,1,1
"10.1016/j.tbs.2020.01.003",1,1,1
"10.1177/0037549710386515",1,1,1
"10.1007/s10514-015-9487-3",1,1,1
"10.3390/sym14091846",1,1,1
"10.1016/j.automatica.2012.06.050",1,1,1
"10.3390/app7090928",1,1,1
"10.3354/meps216167",1,1,1
"10.5343/bms.2017.1114",1,1,1
"10.1007/978-3-319-94120-2_2",1,1,1
"10.3390/su151511559",1,1,1
"10.1007/s10844-009-0092-9",1,1,1
"10.1007/s10682-011-9526-2",1,1,1
"10.1155/2016/4278073",1,1,1
"10.1177/10732748221142945",1,1,1
"10.1016/j.sysconle.2023.105505",1,1,1
"10.1177/0361198119900130",1,1,1
"10.1016/j.ijdrr.2021.102632",1,1,1
"10.1109/tac.2014.2330428",1,1,1
"10.1177/002029400503801002",1,1,1
"10.1016/j.egyr.2021.05.013",1,1,1
"10.1007/978-3-642-36981-0_58",1,1,1
"10.2166/ws.2023.163",1,1,1
"10.1186/s12887-021-03069-1",1,1,1
"10.1016/j.jss.2005.05.002",1,1,1
"10.1016/j.jhep.2022.01.027",1,1,1
"10.1038/s41598-021-99587-0",1,1,1
"10.1007/s10458-008-9057-6",1,1,1
"10.1016/j.jfranklin.2017.04.010",1,1,1
"10.1587/transinf.2015edp7417",1,1,1
"10.1016/j.ecolmodel.2016.04.012",1,1,1
"10.1016/s0165-0114(97)00014-6",1,1,1
"10.3390/en14030606",1,1,1
"10.1007/s00127-019-01701-1",1,1,1
"10.1080/00207721.2016.1165896",1,1,1
"10.1186/s12882-017-0497-6",1,1,1
"10.1007/s11069-022-05789-8",1,1,1
"10.1109/access.2017.2777894",1,1,1
"10.1002/adts.202300147",1,1,1
"10.1007/s12080-011-0120-6",1,1,1
"10.1007/s10614-016-9638-4",1,1,1
"10.1002/2016jg003674",1,1,1
"10.1016/j.jtbi.2019.110026",1,1,1
"10.24215/16666038.22.e01",1,1,1
"10.1007/978-3-319-39378-0_58",1,1,1
"10.1016/j.ecolmodel.2015.02.002",1,1,1
"10.1016/j.compbiomed.2008.03.005",1,1,1
"10.1080/00207721.2014.966281",1,1,1
"10.1016/j.simpat.2018.07.003",1,1,1
"10.3354/meps08268",1,1,1
"10.2514/6.2016-2448",2,0,0
"10.1016/j.neucom.2020.06.087",1,1,1
"10.1007/s11431-016-9059-5",1,1,1
"10.1016/j.eswa.2017.05.045",1,1,1
"10.20965/jaciii.2020.p0934",1,1,1
"10.1016/j.energy.2022.124100",1,1,1
"10.1111/j.0021-8790.2004.00832.x",1,1,1
"10.1111/j.1755-0998.2012.03176.x",1,1,1
"10.1016/j.ejmp.2020.07.026",1,1,1
"10.1016/j.ecolmodel.2012.12.019",1,1,1
"10.1109/tro.2020.3033703",1,1,1
"10.5367/te.2013.0335",1,1,1
"10.1016/j.jval.2012.07.008",1,1,1
"10.1007/s12555-018-0283-7",1,1,1
"10.3390/ijgi9080477",1,1,1
"10.1097/mao.0000000000003040",1,1,1
"10.1504/ijem.2009.031565",1,1,1
"10.1109/access.2021.3061743",1,1,1
"10.1038/s41598-022-09942-y",1,1,1
"10.1016/j.ifacol.2016.07.128",1,1,1
"10.3103/s0147688220060052",1,1,1
"10.3390/en14227497",1,1,1
"10.1016/j.jedc.2014.11.014",1,1,1
"10.1080/15325008.2023.2185835",1,1,1
"10.23919/jsee.2023.000047",1,1,1
"10.1080/0952813x.2021.1960631",1,1,1
"10.1007/s11403-023-00391-y",1,1,1
"10.1109/tnnls.2014.2336806",1,1,1
"10.1142/s0219720015500213",1,1,1
"10.1177/1548512913481288",1,1,1
"10.1109/iske.2008.4730958",1,1,1
"10.1007/s11768-020-0013-6",1,1,1
"10.1016/j.worlddev.2011.09.003",1,1,1
"10.1016/j.apenergy.2021.117697",1,1,1
"10.20965/jaciii.2014.p0616",1,1,1
"10.1007/s10614-020-09994-0",1,1,1
"10.1613/jair.1870",1,1,1
"10.1017/ehs.2023.11",1,1,1
"10.1109/tevc.2022.3198086",2,0,0
"10.1109/compsac.2018.10194",1,1,1
"10.3390/app11010331",1,1,1
"10.1016/j.ejcon.2020.09.009",1,1,1
"10.1080/00207179.2022.2146605",1,1,1
"10.1177/0894439313511396",1,1,1
"10.1016/j.econmod.2015.06.022",1,1,1
"10.1080/00207543.2018.1497817",1,1,1
"10.3390/app10124361",1,1,1
"10.1007/s13280-019-01286-8",1,1,1
"10.3390/su11082396",1,1,1
"10.1007/978-3-319-92537-0_50",1,1,1
"10.1007/s12205-016-0704-1",1,1,1
"10.1016/j.comcom.2007.11.018",1,1,1
"10.1109/tac.2014.2360023",1,1,1
"10.1109/icmlc.2008.4620592",1,1,1
"10.1016/j.psep.2020.01.023",1,1,1
"10.1016/j.ejrad.2022.110182",1,1,1
"10.1088/1757-899x/563/4/042021",1,1,1
"10.1111/faf.12744",1,1,1
"10.1007/s11424-021-9355-5",1,1,1
"10.1080/21691401.2016.1233111",1,1,1
"10.1002/psp.601",1,1,1
"10.1007/s10049-009-1207-0",1,1,1
"10.1109/tcds.2020.3030571",1,1,1
"10.1016/j.epsr.2014.01.014",1,1,1
"10.1007/s00366-021-01545-x",1,1,1
"10.1111/j.0967-0750.2005.00238.x",1,1,1
"10.1007/s10745-011-9433-8",1,1,1
"10.3390/app12115518",1,1,1
"10.1177/10911421221113842",1,1,1
"10.1371/journal.pone.0152608",1,1,1
"10.3390/e23070830",1,1,1
"10.3233/978-1-61499-421-3-31",1,1,1
"10.1080/02626667.2020.1769103",1,1,1
"10.1080/13873954.2016.1232279",1,1,1
"10.1007/978-3-319-42911-3_2",1,1,1
"10.1016/j.simpat.2017.11.005",1,1,1
"10.1016/j.sysconle.2014.07.004",1,1,1
"10.1016/j.cgh.2021.02.013",1,1,1
"10.1016/j.trpro.2015.09.059",1,1,1
"10.1111/j.1539-6924.2011.01752.x",1,1,1
"10.1016/j.mbs.2017.02.001",1,1,1
"10.1016/j.burns.2021.02.025",1,1,1
"10.3176/proc.2011.1.05",1,1,1
"10.1016/j.martra.2022.100071",1,1,1
"10.1098/rspb.2014.2879",1,1,1
"10.1109/icicta.2014.92",1,1,1
"10.1136/bmjopen-2019-035555",1,1,1
"10.1002/mde.3917",1,1,1
"10.1177/0959683615609754",1,1,1
"10.3233/978-1-61499-264-6-94",1,1,1
"10.1016/j.jmsy.2023.02.008",1,1,1
"10.1061/(asce)is.1943-555x.0000449",1,1,1
"10.1109/ieem.2017.8289902",2,0,0
"10.1111/rode.12557",1,1,1
"10.1016/j.dss.2004.06.012",1,1,1
"10.18564/jasss.2024",1,1,1
"10.1007/s10955-008-9529-8",1,1,1
"10.1016/j.fm.2014.05.003",1,1,1
"10.1002/acr.25088",1,1,1
"10.1016/j.procs.2015.08.107",1,1,1
"10.1007/978-981-13-8260-4_55",1,1,1
"10.1108/ijpcc-03-2017-0024",1,1,1
"10.1371/journal.pone.0087955",1,1,1
"10.3233/mgs-130209",1,1,1
"10.1109/access.2017.2780321",1,1,1
"10.1007/s10550-007-0083-8",1,1,1
"10.1186/s13012-014-0136-6",1,1,1
"10.1016/j.ifacol.2022.05.034",1,1,1
"10.1111/coin.12030",1,1,1
"10.1016/j.jenvman.2019.109482",1,1,1
"10.1155/2014/412479",1,1,1
"10.1007/s10109-012-0170-3",1,1,1
"10.3390/e24101352",1,1,1
"10.1142/s0218213020500177",1,1,1
"10.1016/j.ifacol.2017.08.1454",1,1,1
"10.1111/j.1467-9485.2012.00593.x",1,1,1
"10.1109/icinfa.2008.4608005",1,1,1
"10.1007/s13524-016-0500-z",1,1,1
"10.1002/asi.20854",1,1,1
"10.1093/beheco/arv231",1,1,1
"10.1080/23080477.2019.1600112",1,1,1
"10.4028/www.scientific.net/amm.253-255.1956",1,1,1
"10.1002/cav.1636",1,1,1
"10.1109/tsg.2014.2345886",1,1,1
"10.1016/j.ins.2022.06.079",1,1,1
"10.1007/s11227-012-0816-4",1,1,1
"10.1093/imamci/dnab005",1,1,1
"10.3390/s23063000",1,1,1
"10.1049/iet-cta.2013.0958",1,1,1
"10.1016/j.jedc.2021.104082",1,1,1
"10.1016/j.jpedsurg.2008.09.016",1,1,1
"10.18564/jasss.2128",1,1,1
"10.1007/978-3-319-39324-7_17",1,1,1
"10.1016/s0167-9236(99)00092-5",1,1,1
"10.1016/j.comnet.2021.108424",1,1,1
"10.1111/1468-0335.00281",1,1,1
"10.1017/s0265052517000115",1,1,1
"10.1016/j.techfore.2013.08.011",1,1,1
"10.1007/s10237-017-0946-y",1,1,1
"10.1080/00207179.2021.1967453",1,1,1
"10.1002/rnc.4225",1,1,1
"10.1109/icadiwt.2009.5273937",1,1,1
"10.3233/aic-200646",1,1,1
"10.1007/978-3-319-39883-9_5",1,1,1
"10.1007/s10816-014-9203-1",1,1,1
"10.1007/978-3-319-70093-9_28",1,1,1
"10.4018/ijisss.2016040102",1,1,1
"10.1080/00207179.2019.1610909",1,1,1
"10.1017/s0268416000003337",1,1,1
"10.1073/pnas.1620981114",1,1,1
"10.1080/17477778.2021.2007808",1,1,1
"10.1097/aog.0000000000003062",1,1,1
"10.3233/aic-220133",1,1,1
"10.1111/j.1468-5914.2012.00499.x",1,1,1
"10.1007/s40273-019-00775-8",1,1,1
"10.1109/ojits.2022.3197709",1,1,1
"10.1016/s0304-3800(03)00240-0",1,1,1
"10.1007/978-3-030-22270-3_8",1,1,1
"10.1890/09-0530.1",1,1,1
"10.3390/su11113075",1,1,1
"10.1109/hpcs.2018.00158",1,1,1
"10.24507/ijicic.17.03.1055",1,1,1
"10.1109/icsc.2010.64",1,1,1
"10.1016/j.eswa.2018.01.027",1,1,1
"10.1007/978-3-319-66926-7_31",1,1,1
"10.1109/tase.2014.2362933",1,1,1
"10.1080/01969720490499399",1,1,1
"10.18564/jasss.2517",1,1,1
"10.1890/0012-9658(1998)079[2113:tiomar]2.0.co;2",1,1,1
"10.1109/tcyb.2022.3219672",1,1,1
"10.1002/cncr.29336",1,1,1
"10.1016/j.dss.2015.07.011",1,1,1
"10.1142/s021952590800160x",1,1,1
"10.1177/0361198119835810",1,1,1
"10.1016/j.ecolmodel.2021.109852",1,1,1
"10.1016/j.automatica.2016.02.010",1,1,1
"10.1016/j.jtbi.2017.10.032",1,1,1
"10.1016/j.datak.2012.06.006",1,1,1
"10.1016/j.simpat.2019.101994",1,1,1
"10.1016/j.procs.2022.01.284",1,1,1
"10.1016/j.jtbi.2004.12.025",1,1,1
"10.1007/s10533-007-9159-2",1,1,1
"10.1111/joms.12110",1,1,1
"10.1109/tec.2018.2799482",1,1,1
"10.1142/s1793962319500375",1,1,1
"10.1007/s11138-009-0088-2",1,1,1
"10.1109/tac.2011.2161027",1,1,1
"10.1145/3350546.3352537",1,1,1
"10.1142/s0129183106008807",1,1,1
"10.1007/s12555-017-0400-z",1,1,1
"10.1007/978-3-319-65340-2_24",1,1,1
"10.1155/2015/252050",1,1,1
"10.1016/j.biombioe.2015.04.025",1,1,1
"10.1016/j.jtbi.2014.11.017",1,1,1
"10.1115/1.4032265",2,0,0
"10.3233/978-1-61499-427-5-25",1,1,1
"10.3390/f12111560",1,1,1
"10.1093/forestry/cpz020",1,1,1
"10.1109/access.2020.3014694",1,1,1
"10.15672/hujms.751734",1,1,1
"10.1109/tie.2019.2922946",1,1,1
"10.3390/s21134253",1,1,1
"10.1002/ece3.6270",1,1,1
"10.1016/j.aej.2012.01.002",1,1,1
"10.3141/2494-07",1,1,1
"10.1109/dexa.2000.875082",1,1,1
"10.1016/j.worlddev.2023.106256",1,1,1
"10.1016/j.enconman.2015.04.042",1,1,1
"10.1016/j.ecolmodel.2012.09.017",1,1,1
"10.1016/j.simpat.2015.06.008",1,1,1
"10.1109/tsg.2016.2587741",1,1,1
"10.1145/3310232.3310372",1,1,1
"10.1002/eej.20484",1,1,1
"10.1103/physreve.76.036105",1,1,1
"10.1109/iscid.2008.186",1,1,1
"10.1186/s12885-020-07240-2",1,1,1
"10.1111/risa.12740",1,1,1
"10.1016/j.energy.2015.12.018",1,1,1
"10.3141/2218-04",1,1,1
"10.1016/j.artint.2013.05.004",1,1,1
"10.1016/j.matlet.2015.05.119",1,1,1
"10.1504/ijkl.2015.073475",1,1,1
"10.1142/s0219525913500045",1,1,1
"10.53106/160792642022112306016",1,1,1
"10.1016/j.enbuild.2014.05.045",1,1,1
"10.1016/j.enpol.2017.07.008",1,1,1
"10.4149/cai_2018_6_1363",1,1,1
"10.1016/j.labeco.2015.08.001",1,1,1
"10.1016/j.jtcvs.2018.10.165",1,1,1
"10.1007/978-3-030-53651-0_18",1,1,1
"10.1061/jtepbs.0000424",1,1,1
"10.1016/j.compeleceng.2015.03.021",1,1,1
"10.3141/2071-15",1,1,1
"10.1080/14697688.2019.1591631",1,1,1
"10.7326/m20-4096",1,1,1
"10.1007/s11269-006-9045-z",0,2,0
"10.3390/su4112862",1,1,1
"10.1109/tac.2014.2359306",1,1,1
"10.1049/iet-its.2013.0016",1,1,1
"10.1016/j.fishres.2023.106624",1,1,1
"10.4028/www.scientific.net/amr.108-111.446",1,1,1
"10.1109/ccwc51732.2021.9376129",1,1,1
"10.1080/13873954.2012.750614",1,1,1
"10.1371/journal.pone.0238268",1,1,1
"10.1109/tac.2020.2979749",1,1,1
"10.1038/srep29414",1,1,1
"10.1134/s0005117918060127",1,1,1
"10.1016/j.jenvman.2019.01.103",1,1,1
"10.1080/00207543.2016.1251624",1,1,1
"10.1017/nws.2023.13",1,1,1
"10.1155/2022/6456242",1,1,1
"10.1016/j.infsof.2008.05.003",1,1,1
"10.1016/j.eswa.2014.03.054",1,1,1
"10.1371/journal.pone.0076044",1,1,1
"10.1002/cnm.3155",1,1,1
"10.1098/rsif.2014.0710",1,1,1
"10.1109/tase.2006.872124",1,1,1
"10.1177/0361198118821900",1,1,1
"10.1016/j.eswa.2020.114063",1,1,1
"10.1080/00207179.2017.1326632",1,1,1
"10.1016/j.ecolmodel.2005.11.002",1,1,1
"10.1111/agec.12419",1,1,1
"10.1080/00207540903460216",1,1,1
"10.18564/jasss.2106",1,1,1
"10.1631/fitee.1601801",1,1,1
"10.1007/s11192-014-1239-1",1,1,1
"10.1016/j.jenvp.2016.12.003",1,1,1
"10.1007/s10614-018-9844-3",1,1,1
"10.1016/j.physd.2013.02.005",1,1,1
"10.1109/tsg.2016.2518128",1,1,1
"10.1007/s00198-013-2272-2",1,1,1
"10.1016/j.agsy.2019.03.013",1,1,1
"10.1371/journal.pone.0010782",1,1,1
"10.1097/aap.0000000000000197",1,1,1
"10.1080/03081060.2012.739308",1,1,1
"10.1002/eap.1721",1,1,1
"10.1109/meco55406.2022.9797162",1,1,1
"10.1046/j.1365-2664.2001.00609.x",1,1,1
"10.1016/j.ijporl.2014.11.015",1,1,1
"10.1007/s00521-022-07239-9",1,1,1
"10.3390/s21196434",1,1,1
"10.1086/381408",1,1,1
"10.1155/2021/6193508",1,1,1
"10.1002/joom.1009",1,1,1
"10.1111/1365-2656.12399",1,1,1
"10.1001/jamanetworkopen.2021.19212",1,1,1
"10.1109/tcyb.2021.3079717",1,1,1
"10.1080/03088839.2017.1324219",1,1,1
"10.20965/ijat.2020.p0713",1,1,1
"10.1515/jisys-2013-0044",1,1,1
"10.1155/2021/3786530",1,1,1
"10.1016/j.ejca.2016.05.012",1,1,1
"10.1007/s10845-005-4368-9",1,1,1
"10.1007/s10729-022-09622-3",1,1,1
"10.1111/exsy.12416",1,1,1
"10.1371/journal.pone.0200807",1,1,1
"10.1109/tsg.2019.2932009",1,1,1
"10.1086/704710",1,1,1
"10.1016/j.prevetmed.2022.105750",1,1,1
"10.1002/ente.201300080",1,1,1
"10.1016/j.trc.2018.11.012",1,1,1
"10.1016/j.jocs.2019.101067",1,1,1
"10.1177/00375497221075611",1,1,1
"10.1109/tcsi.2011.2123450",1,1,1
"10.1007/s11406-018-9958-9",1,1,1
"10.1023/a:1015576915296",1,1,1
"10.1023/a:1023039007302",1,1,1
"10.1007/s11432-018-9759-9",1,1,1
"10.1016/j.anbehav.2013.05.025",1,1,1
"10.3390/sym10100461",1,1,1
"10.1117/12.813941",1,1,1
"10.1016/j.trpro.2016.12.070",1,1,1
"10.1111/j.1365-294x.2010.04659.x",1,1,1
"10.1145/1278460.1278463",1,1,1
"10.1016/j.ijleo.2016.11.054",1,1,1
"10.1016/j.mcm.2011.11.002",1,1,1
"10.1109/iscid.2009.41",1,1,1
"10.1016/j.aei.2022.101589",1,1,1
"10.1016/j.jebo.2021.11.002",1,1,1
"10.1016/j.epsr.2008.06.020",1,1,1
"10.18564/jasss.3729",1,1,1
"10.1111/j.1741-6612.2011.00533.x",1,1,1
"10.3310/hta25350",1,1,1
"10.1098/rsif.2016.0684",1,1,1
"10.1016/j.eneco.2006.03.003",1,1,1
"10.1016/j.compeleceng.2023.108875",1,1,1
"10.1016/j.ins.2015.07.042",1,1,1
"10.1108/17506221211259637",1,1,1
"10.1016/j.procs.2015.11.044",1,1,1
"10.1061/(asce)0733-947x(1998)124:5(419)",1,1,1
"10.1016/j.automatica.2009.01.009",1,1,1
"10.1007/s10666-018-9597-3",1,1,1
"10.1111/j.1539-6924.2010.01497.x",1,1,1
"10.1111/coin.12114",1,1,1
"10.1007/s10506-012-9128-5",1,1,1
"10.1016/j.ijmedinf.2021.104455",1,1,1
"10.1098/rstb.1997.0166",1,1,1
"10.1109/lcsys.2023.3291664",1,1,1
"10.18564/jasss.2720",1,1,1
"10.1109/tsmcb.2008.2007810",1,1,1
"10.1016/j.compenvurbsys.2016.10.013",1,1,1
"10.1016/j.amc.2020.125481",1,1,1
"10.1007/978-3-319-99813-8_7",1,1,1
"10.1016/j.ijpe.2015.01.004",1,1,1
"10.1016/j.ijar.2019.04.008",1,1,1
"10.1002/2050-7038.12601",1,1,1
"10.1111/1365-2664.13387",1,1,1
"10.1007/978-3-319-97589-4_34",1,1,1
"10.1139/f2011-051",1,1,1
"10.1137/20m1378004",1,1,1
"10.1057/s41271-022-00344-y",1,1,1
"10.1016/j.envsoft.2013.12.010",1,1,1
"10.1016/j.eneco.2016.10.022",1,1,1
"10.1080/17517570701633267",1,1,1
"10.1073/pnas.1418745112",1,1,1
"10.1109/tiv.2018.2843163",1,1,1
"10.1177/1687814018783625",1,1,1
"10.1002/clc.23097",1,1,1
"10.1016/s0304-3800(97)01975-3",1,1,1
"10.1016/j.procs.2013.06.106",1,1,1
"10.1016/j.jtbi.2020.110402",1,1,1
"10.1115/1.4000449",1,1,1
"10.1007/s00285-021-01651-w",1,1,1
"10.3390/electronics12030706",1,1,1
"10.1080/00207179.2013.814074",1,1,1
"10.1002/ijc.25776",1,1,1
"10.1109/compsac.2011.49",1,1,1
"10.3390/land4040979",1,1,1
"10.1109/tsmc.2023.3274294",2,0,0
"10.1007/s12195-010-0123-1",1,1,1
"10.1504/ijesdf.2009.023874",1,1,1
"10.1016/j.jdiacomp.2017.04.009",1,1,1
"10.1007/s10614-020-10038-w",1,1,1
"10.1051/e3sconf/20187313007",1,1,1
"10.1111/j.1524-475x.2007.00271.x",1,1,1
"10.1111/acv.12254",1,1,1
"10.1016/j.cie.2022.108939",1,1,1
"10.1007/978-3-030-25693-7_11",1,1,1
"10.1017/ice.2014.12",1,1,1
"10.1080/19439962.2022.2054038",1,1,1
"10.1016/j.proeng.2012.08.095",1,1,1
"10.1155/2022/5430328",1,1,1
"10.1002/asi.21019",1,1,1
"10.1007/s10514-020-09962-5",1,1,1
"10.1016/j.cie.2019.01.015",1,1,1
"10.18564/jasss.2949",1,1,1
"10.18564/jasss.3931",1,1,1
"10.1016/j.neucom.2019.05.062",1,1,1
"10.1016/j.trpro.2017.12.061",1,1,1
"10.18564/jasss.4472",1,1,1
"10.1093/jnci/djv005",1,1,1
"10.1016/j.jebo.2021.07.017",1,1,1
"10.1007/s40273-019-00835-z",1,1,1
"10.1002/asjc.646",1,1,1
"10.1016/j.proeng.2014.02.095",1,1,1
"10.1111/meca.12057",1,1,1
"10.1109/tac.2019.2894587",1,1,1
"10.3390/app11125336",1,1,1
"10.1016/j.triboint.2005.03.012",1,1,1
"10.1111/zph.12066",1,1,1
"10.3390/fire6030102",1,1,1
"10.1371/journal.pcbi.1002205",1,1,1
"10.2166/wst.2001.0316",1,1,1
"10.1166/asl.2014.5304",1,1,1
"10.1016/j.sysarc.2008.01.011",1,1,1
"10.3233/mgs-230023",1,1,1
"10.3233/af-160060",1,1,1
"10.24507/ijicic.18.04.1339",1,1,1
"10.1016/j.neucom.2008.07.020",1,1,1
"10.1093/eurpub/ckab130",1,1,1
"10.1093/aje/kwaa218",1,1,1
"10.4028/www.scientific.net/amr.466-467.449",1,1,1
"10.1016/j.engappai.2014.01.007",1,1,1
"10.1016/j.ijepes.2014.07.064",1,1,1
"10.1186/s13062-017-0192-3",1,1,1
"10.1186/s12862-016-0742-9",1,1,1
"10.4018/ijamc.2020070103",1,1,1
"10.1016/j.ins.2016.08.051",1,1,1
"10.7148/2012-0016-0022",1,1,1
"10.1016/j.automatica.2021.109740",1,1,1
"10.1080/088395199117496",1,1,1
"10.1109/tvt.2007.912339",1,1,1
"10.1080/17480930.2023.2236880",1,1,1
"10.1007/978-3-319-59394-4_4",1,1,1
"10.1016/j.anbehav.2021.10.004",1,1,1
"10.1007/s10980-008-9296-6",1,1,1
"10.1016/j.apenergy.2021.118482",1,1,1
"10.1017/s1368980017001756",1,1,1
"10.5334/snr.128",1,1,1
"10.3390/en12101842",1,1,1
"10.1016/j.jebo.2012.02.018",1,1,1
"10.1177/1687814017744473",1,1,1
"10.1007/978-3-319-94120-2_3",1,1,1
"10.1142/s0219525918500145",2,0,0
"10.18564/jasss.4725",1,1,1
"10.1109/tie.2018.2879292",1,1,1
"10.1093/imamci/dns042",1,1,1
"10.1016/j.egypro.2018.09.100",1,1,1
"10.1111/pirs.12069",1,1,1
"10.1016/j.jhep.2016.02.030",1,1,1
"10.1016/j.ecocom.2016.09.001",1,1,1
"10.1142/s0129183112500465",1,1,1
"10.1016/j.ecolmodel.2022.109924",1,1,1
"10.1016/j.ecolmodel.2020.109389",1,1,1
"10.1002/smj.475",1,1,1
"10.3390/electronics12030565",1,1,1
"10.1080/00207179.2018.1493537",1,1,1
"10.1093/jae/ejm039",1,1,1
"10.1186/s13075-020-02329-2",1,1,1
"10.1049/iet-cta.2014.0393",1,1,1
"10.1109/jestpe.2015.2443187",1,1,1
"10.1007/s00265-015-1891-3",1,1,1
"10.1016/j.econmod.2014.09.012",1,1,1
"10.1115/1.4041703",1,1,1
"10.1016/j.jenvman.2020.110903",1,1,1
"10.1016/j.isatra.2019.04.036",1,1,1
"10.1109/acsat.2013.25",1,1,1
"10.1007/s10015-011-0922-z",1,1,1
"10.1117/12.2241983",1,1,1
"10.1177/03611981231187530",1,1,1
"10.1007/s10515-021-00280-3",1,1,1
"10.1093/eurpub/ckac051",1,1,1
"10.1016/j.chb.2014.03.032",1,1,1
"10.1111/j.1524-4733.2004.71313.x",1,1,1
"10.1108/17465661011026149",1,1,1
"10.1016/j.apenergy.2018.02.152",1,1,1
"10.1111/j.1539-6924.2007.00898.x",1,1,1
"10.1007/s12555-019-0067-8",1,1,1
"10.1142/s0218202512500133",1,1,1
"10.1109/smc.2018.00205",1,1,1
"10.1520/ssms20200082",1,1,1
"10.1016/j.jmarsys.2011.08.005",1,1,1
"10.1093/tbm/ibx049",1,1,1
"10.1007/s11524-022-00669-9",1,1,1
"10.1109/asyu48272.2019.8946339",1,1,1
"10.1080/13873954.2011.557862",1,1,1
"10.5220/0006242102960301",1,1,1
"10.3390/en13020390",1,1,1
"10.2112/jcr-si114-103.1",1,1,1
"10.1007/s11524-022-00699-3",1,1,1
"10.1109/cscs.2017.63",1,1,1
"10.1016/j.physd.2008.02.024",1,1,1
"10.1016/j.ecolmodel.2022.110113",1,1,1
"10.3390/e25060904",1,1,1
"10.1109/iiki.2014.50",1,1,1
"10.1080/09670874.2016.1195026",1,1,1
"10.1016/j.cnsns.2012.09.031",1,1,1
"10.1016/j.ifset.2016.07.018",1,1,1
"10.1007/s11273-018-9609-8",1,1,1
"10.1590/s0102-86502007000600003",1,1,1
"10.1002/cam4.3837",1,1,1
"10.18564/jasss.4868",1,1,1
"10.1080/15325008.2016.1210699",1,1,1
"10.1080/0308106032000154593",1,1,1
"10.1007/s00285-022-01766-8",1,1,1
"10.1155/2020/6613263",1,1,1
"10.1109/tits.2022.3212921",1,1,1
"10.1016/j.ecolecon.2023.107921",1,1,1
"10.1097/md.0b013e31815c95d3",1,1,1
"10.1016/s1054-3139(03)00138-3",1,1,1
"10.1016/j.jvs.2020.05.038",1,1,1
"10.1007/s11432-016-9114-y",1,1,1
"10.1111/gcb.14515",1,1,1
"10.18564/jasss.3906",1,1,1
"10.1007/978-3-319-59294-7_31",1,1,1
"10.1007/978-3-319-75420-8_18",1,1,1
"10.1155/2022/5302302",1,1,1
"10.2316/j.2021.206-0472",1,1,1
"10.1103/physreve.95.032109",1,1,1
"10.1111/rego.12359",1,1,1
"10.1142/s0218126611007396",1,1,1
"10.4018/ijsi.2018100101",1,1,1
"10.1051/alr:2006001",1,1,1
"10.1049/cth2.12333",1,1,1
"10.1109/tcsi.2023.3276870",2,0,0
"10.1007/s10531-004-1064-6",1,1,1
"10.1103/physreve.104.044902",1,1,1
"10.1021/acs.est.9b01690",1,1,1
"10.1007/s12562-009-0147-4",1,1,1
"10.1016/j.tranpol.2014.02.011",1,1,1
"10.1016/j.automatica.2019.108598",1,1,1
"10.1016/j.ejor.2015.07.051",1,1,1
"10.1007/978-3-319-58943-5_27",1,1,1
"10.5694/mja2.51860",1,1,1
"10.1109/tac.2021.3120619",1,1,1
"10.1109/tcns.2022.3198787",1,1,1
"10.1098/rsos.150473",1,1,1
"10.1002/advs.202200088",1,1,1
"10.1061/(asce)te.1943-5436.0000513",1,1,1
"10.1016/j.procs.2013.09.222",1,1,1
"10.1093/ajae/aaq033",1,1,1
"10.1080/10864415.2000.11518374",1,1,1
"10.1061/(asce)0733-947x(2003)129:4(369)",1,1,1
"10.1016/s0304-3800(02)00006-6",1,1,1
"10.1080/00222500490480202",1,1,1
"10.3233/idt-130162",1,1,1
"10.1109/tsg.2020.2970755",1,1,1
"10.1002/etep.443",1,1,1
"10.1016/j.ins.2015.08.018",1,1,1
"10.1007/s10660-017-9258-7",1,1,1
"10.1177/0037549719856100",1,1,1
"10.1111/ele.13395",1,1,1
"10.1016/j.jmarsys.2022.103705",1,1,1
"10.1155/2014/407269",1,1,1
"10.1177/1729881420960342",1,1,1
"10.1016/j.jocm.2023.100428",1,1,1
"10.3389/fmars.2019.00280",1,1,1
"10.1016/j.automatica.2018.11.023",1,1,1
"10.1007/s10707-019-00345-2",1,1,1
"10.1007/s10614-008-9165-z",1,1,1
"10.1063/1.5010185",1,1,1
"10.1111/agec.12367",1,1,1
"10.4114/intartif.vol25iss69pp183-200",1,1,1
"10.1109/tnsm.2020.3000274",1,1,1
"10.1016/j.ijdrr.2023.103858",1,1,1
"10.1007/978-3-319-31307-8_65",1,1,1
"10.4028/www.scientific.net/amr.639-640.1313",1,1,1
"10.1016/j.ecolmodel.2014.02.007",1,1,1
"10.5194/isprs-annals-iv-4-125-2018",1,1,1
"10.1109/tase.2020.2979137",1,1,1
"10.1177/1470594x11417115",1,1,1
"10.1109/tii.2022.3228682",1,1,1
"10.1109/tase.2023.3270344",1,1,1
"10.1007/s41745-021-00260-2",1,1,1
"10.1016/j.intermet.2012.11.017",1,1,1
"10.1007/s00191-004-0226-8",1,1,1
"10.1142/s0129183123500109",1,1,1
"10.1016/j.aap.2021.106446",1,1,1
"10.1111/ele.12763",1,1,1
"10.1016/j.automatica.2019.03.024",1,1,1
"10.1185/03007995.2011.554533",1,1,1
"10.3390/su11061796",1,1,1
"10.1016/j.compenvurbsys.2021.101717",1,1,1
"10.1016/j.engappai.2011.09.021",1,1,1
"10.1016/j.ecolmodel.2022.110188",1,1,1
"10.1016/j.physa.2015.10.059",1,1,1
"10.1007/bf03037646",1,1,1
"10.1016/j.procs.2014.05.439",1,1,1
"10.18564/jasss.1789",1,1,1
"10.1111/acv.12308",1,1,1
"10.1016/j.ssci.2013.09.014",1,1,1
"10.3233/aic-2012-0521",1,1,1
"10.1016/j.aap.2015.08.005",1,1,1
"10.1109/ccdc52312.2021.9601928",1,1,1
"10.1016/j.jebo.2018.11.026",1,1,1
"10.2307/3180814",1,1,1
"10.1016/j.procs.2016.04.148",1,1,1
"10.1016/j.geoforum.2007.02.010",1,1,1
"10.21037/acs-2023-avs1-0038",1,1,1
"10.1007/s10845-010-0467-3",1,1,1
"10.1016/j.agsy.2020.103024",1,1,1
"10.1177/1176935118822804",1,1,1
"10.18564/jasss.2841",1,1,1
"10.1080/088395199117469",1,1,1
"10.1016/j.sysconle.2021.104894",1,1,1
"10.3390/su10082862",1,1,1
"10.1186/s12544-020-00439-1",1,1,1
"10.18564/jasss.4255",1,1,1
"10.3390/jrfm15020043",1,1,1
"10.1007/s10472-018-9587-9",1,1,1
"10.1007/s11432-021-3479-9",1,1,1
"10.17775/cseejpes.2019.00530",2,0,0
"10.1080/11956860.2004.11682810",1,1,1
"10.1016/j.simpat.2018.05.009",1,1,1
"10.1002/cplx.21834",1,1,1
"10.1016/j.ecolmodel.2017.07.020",1,1,1
"10.1016/s0014-2921(97)00025-1",1,1,1
"10.1007/s11403-018-0218-7",1,1,1
"10.1111/j.1600-0587.2011.06924.x",1,1,1
"10.1016/j.scs.2022.104375",1,1,1
"10.2478/cait-2018-0033",1,1,1
"10.1111/1365-2656.12928",1,1,1
"10.1016/j.ypmed.2019.105847",1,1,1
"10.1016/j.ecolmodel.2013.10.029",1,1,1
"10.1007/s11229-019-02409-0",1,1,1
"10.3233/ia-180037",1,1,1
"10.1080/14737167.2021.1936501",1,1,1
"10.1097/dcr.0000000000001438",1,1,1
"10.1371/journal.pone.0054435",1,1,1
"10.1016/j.jmacro.2019.103167",1,1,1
"10.1007/978-3-319-93701-4_11",1,1,1
"10.1007/s10552-012-0011-1",1,1,1
"10.1016/j.automatica.2015.01.009",1,1,1
"10.1371/journal.pone.0004005",1,1,1
"10.20965/jaciii.2008.p0106",1,1,1
"10.1109/adprl.2007.368202",1,1,1
"10.1371/journal.pone.0111903",1,1,1
"10.5772/10533",1,1,1
"10.1086/319927",1,1,1
"10.1142/s0129183199000747",1,1,1
"10.1016/j.physa.2017.05.040",1,1,1
"10.1109/tac.2008.2006925",1,1,1
"10.1109/tasl.2012.2210878",1,1,1
"10.1080/00207179.2014.893588",1,1,1
"10.1007/s10726-013-9358-2",1,1,1
"10.1007/s11403-019-00240-x",1,1,1
"10.1080/713804987",1,1,1
"10.1186/s40064-016-2601-y",1,1,1
"10.1016/j.jlamp.2023.100874",1,1,1
"10.1115/1.4048718",2,0,0
"10.1016/j.cub.2022.03.004",1,1,1
"10.1016/s0957-4174(98)00001-3",1,1,1
"10.1080/17477778.2019.1679674",1,1,1
"10.18564/jasss.3786",1,1,1
"10.1142/s0218194001000712",1,1,1
"10.1155/2014/875146",1,1,1
"10.18564/jasss.4218",1,1,1
"10.1177/0894439310370111",1,1,1
"10.1002/atr.182",1,1,1
"10.2168/lmcs-4(2:7)2008",1,1,1
"10.2196/15314",1,1,1
"10.1038/s41467-022-31766-7",1,1,1
"10.1016/j.ijepes.2023.109142",1,1,1
"10.1016/j.ecolmodel.2008.04.016",1,1,1
"10.32604/cmc.2021.014812",1,1,1
"10.1001/jama.298.6.629",1,1,1
"10.1016/j.eswa.2022.116571",1,1,1
"10.18564/jasss.3533",1,1,1
"10.4204/eptcs.269.2",1,1,1
"10.1016/j.buildenv.2022.109519",1,1,1
"10.3390/en11081955",1,1,1
"10.1080/13658816.2018.1535121",1,1,1
"10.1109/jsyst.2014.2386611",1,1,1
"10.1080/23789689.2017.1305850",1,1,1
"10.17582/journal.pjz/20200222110209",1,1,1
"10.1016/j.procs.2011.08.093",1,1,1
"10.1145/3565810",1,1,1
"10.1177/0958928713480066",1,1,1
"10.1007/s10844-005-0863-x",1,1,1
"10.1109/jiot.2020.3028602",1,1,1
"10.1007/s12469-022-00293-5",1,1,1
"10.1177/03611981211072807",1,1,1
"10.1109/ism.2009.38",1,1,1
"10.3390/en9040243",1,1,1
"10.1016/j.trc.2007.07.005",1,1,1
"10.1080/17477778.2022.2039570",1,1,1
"10.5751/es-06597-190312",1,1,1
"10.4018/ijisscm.2017070105",1,1,1
"10.7326/m16-1756",1,1,1
"10.1016/j.future.2018.04.078",1,1,1
"10.1560/ijee.53.3.245",1,1,1
"10.1590/s1678-9946202163057",1,1,1
"10.1109/tnnls.2023.3290015",1,1,1
"10.1109/tsp.2015.2461520",1,1,1
"10.1080/19427867.2022.2070092",1,1,1
"10.1016/j.jrurstud.2021.01.037",1,1,1
"10.1109/tte.2021.3086303",1,1,1
"10.20965/jdr.2016.p0188",1,1,1
"10.3390/su10114235",1,1,1
"10.1016/j.eneco.2021.105769",1,1,1
"10.1142/s021800141459006x",1,1,1
"10.1111/1475-6773.12663",1,1,1
"10.1007/s12650-019-00557-6",1,1,1
"10.2981/0909-6396-14.4.478",1,1,1
"10.1111/1744-7917.12949",1,1,1
"10.1093/icesjms/fsz137",1,1,1
"10.3141/2249-05",1,1,1
"10.1007/s11424-020-8318-6",1,1,1
"10.1016/j.jpolmod.2020.01.002",1,1,1
"10.1108/17563781011094179",1,1,1
"10.1007/978-4-431-55879-8_14",1,1,1
"10.1016/j.psep.2021.11.047",1,1,1
"10.3141/2003-12",1,1,1
"10.1080/00207721.2013.835884",1,1,1
"10.1177/0361198119848407",1,1,1
"10.5751/es-12245-260127",1,1,1
"10.1111/oik.07267",1,1,1
"10.1186/s12874-021-01458-9",1,1,1
"10.1016/j.geoforum.2006.10.014",1,1,1
"10.1002/(sici)1097-0215(19971114)73:4<464::aid-ijc2>3.0.co;2-y",1,1,1
"10.1016/j.trc.2023.104138",1,1,1
"10.1016/j.ecolecon.2005.09.001",1,1,1
"10.1016/j.eswa.2010.12.020",1,1,1
"10.1016/j.ins.2018.04.019",1,1,1
"10.1016/j.ifacol.2020.12.964",1,1,1
"10.1002/oby.22553",1,1,1
"10.1016/j.cnsns.2012.08.015",1,1,1
"10.3390/nu14030646",1,1,1
"10.1016/j.ecns.2019.04.009",1,1,1
"10.12759/hsr.43.2018.1.308-336",1,1,1
"10.3390/ijerph191912780",1,1,1
"10.1016/j.simpat.2013.09.001",1,1,1
"10.1007/s11403-012-0106-5",1,1,1
"10.3390/electronics10192403",1,1,1
"10.1016/j.simpat.2019.04.008",1,1,1
"10.1016/j.ecolind.2016.09.044",1,1,1
"10.1016/j.compag.2012.04.007",1,1,1
"10.1007/978-3-319-60816-7_25",1,1,1
"10.1111/j.1468-2478.2009.00576.x",1,1,1
"10.1002/rnc.5083",1,1,1
"10.1007/s00285-023-01925-5",1,1,1
"10.1111/j.1539-6924.2011.01775.x",1,1,1
"10.1007/s10342-010-0366-3",1,1,1
"10.1109/optim.2010.5510536",1,1,1
"10.1080/00207721.2014.958119",1,1,1
"10.1016/j.cstp.2018.03.001",1,1,1
"10.1016/j.jclepro.2022.133664",1,1,1
"10.1016/j.landusepol.2012.06.008",1,1,1
"10.1016/j.ecolmodel.2011.02.014",1,1,1
"10.1109/icmse.2009.5318015",1,1,1
"10.1109/tii.2018.2818932",1,1,1
"10.3390/su10051575",1,1,1
"10.1080/00207543.2015.1134842",1,1,1
"10.1061/(asce)co.1943-7862.0002264",1,1,1
"10.1007/s13369-019-03901-y",1,1,1
"10.1016/j.tourman.2020.104160",1,1,1
"10.1109/access.2021.3085850",1,1,1
"10.3390/sym15020555",1,1,1
"10.1017/ehs.2021.47",1,1,1
"10.1016/j.ijepes.2019.105777",1,1,1
"10.1016/j.ecoser.2018.08.008",1,1,1
"10.1007/s11071-019-04861-6",1,1,1
"10.1098/rsfs.2012.0081",1,1,1
"10.1016/j.contraception.2020.11.009",1,1,1
"10.1007/s42001-023-00216-9",1,1,1
"10.1016/j.automatica.2019.04.032",1,1,1
"10.1109/med54222.2022.9837158",1,1,1
"10.1109/jsyst.2019.2935162",1,1,1
"10.1016/j.ecss.2016.01.009",1,1,1
"10.1186/s12936-017-2047-x",1,1,1
"10.1002/etc.2605",1,1,1
"10.1109/tcyb.2017.2761878",1,1,1
"10.1080/03081079.2021.1874947",1,1,1
"10.1016/j.energy.2022.123392",1,1,1
"10.1109/tits.2010.2095846",1,1,1
"10.1086/703563",1,1,1
"10.1007/978-3-030-87672-2_9",1,1,1
"10.3141/2312-06",1,1,1
"10.3389/fphy.2018.00005",1,1,1
"10.1016/j.ecolmodel.2005.10.041",1,1,1
"10.1068/a3497",1,1,1
"10.1177/0048393103262553",1,1,1
"10.1371/journal.pone.0219671",1,1,1
"10.1016/j.ecolecon.2007.07.018",1,1,1
"10.18564/jasss.4921",1,1,1
"10.1080/02692171.2017.1342778",1,1,1
"10.1016/j.ecolmodel.2020.109001",1,1,1
"10.1109/taes.2022.3221037",1,1,1
"10.1214/21-aoas1521",1,1,1
"10.1080/12265934.2017.1281150",1,1,1
"10.1016/j.compind.2007.05.010",1,1,1
"10.1016/j.simpat.2023.102760",1,1,1
"10.3917/rfs.554.0805",1,1,1
"10.1016/j.eswa.2013.10.037",1,1,1
"10.1016/j.eswa.2013.09.036",1,1,1
"10.1109/wsc48552.2020.9383928",1,1,1
"10.1080/1081602x.2016.1198712",1,1,1
"10.3233/jifs-179705",1,1,1
"10.1109/tsmc.2018.2816928",1,1,1
"10.1080/21606544.2018.1502098",1,1,1
"10.1186/s12862-017-0998-8",1,1,1
"10.1111/j.1475-4932.2004.00187.x",1,1,1
"10.3390/su10124623",1,1,1
"10.1080/17489725.2010.532814",1,1,1
"10.3390/app9224903",1,1,1
"10.1109/tcyb.2022.3227313",1,1,1
"10.1111/1365-2656.13861",1,1,1
"10.1371/journal.pone.0148386",1,1,1
"10.1007/s11036-017-0894-x",1,1,1
"10.1109/sccc.2012.22",1,1,1
"10.1117/12.2519030",1,1,1
"10.1007/s11063-014-9390-5",1,1,1
"10.1142/s0219525917500102",1,1,1
"10.1371/journal.pmed.1002761",1,1,1
"10.1016/j.micpro.2016.02.011",1,1,1
"10.25336/p6rg79",1,1,1
"10.1080/23307706.2022.2089749",1,1,1
"10.1049/iet-syb.2015.0048",1,1,1
"10.1080/00207543.2021.1898691",1,1,1
"10.18564/jasss.1795",1,1,1
"10.1007/s11116-021-10223-2",1,1,1
"10.1002/asjc.1688",1,1,1
"10.18564/jasss.4479",1,1,1
"10.1016/j.compind.2013.07.007",1,1,1
"10.2307/2404974",1,1,1
"10.1016/j.jhevol.2017.11.009",1,1,1
"10.1371/journal.pone.0196549",1,1,1
"10.1007/s11431-022-2175-5",1,1,1
"10.1161/hypertensionaha.120.15492",1,1,1
"10.1007/978-3-319-96881-0_21",1,1,1
"10.1108/17410380510609492",1,1,1
"10.1093/jncics/pkz035",1,1,1
"10.1038/ismej.2016.96",1,1,1
"10.1016/j.physa.2022.128359",1,1,1
"10.1016/s0957-4174(03)00068-x",1,1,1
"10.1371/journal.pone.0094761",1,1,1
"10.1016/j.tranpol.2019.01.003",1,1,1
"10.3390/app13095352",1,1,1
"10.1007/s00268-016-3847-9",1,1,1
"10.1016/j.epsr.2022.108166",1,1,1
"10.1289/ehp.8053",1,1,1
"10.1016/j.simpat.2014.03.008",1,1,1
"10.1007/s00191-020-00710-7",1,1,1
"10.1007/978-3-319-75175-7_80",1,1,1
"10.1007/s12630-020-01771-9",1,1,1
"10.3390/genes11050588",1,1,1
"10.1111/mice.12101",1,1,1
"10.1109/tsmc.2023.3268663",2,0,0
"10.1049/itr2.12221",2,0,0
"10.3141/1965-20",1,1,1
"10.1109/tits.2017.2710480",1,1,1
"10.1371/journal.pone.0072206",1,1,1
"10.1007/s11403-008-0038-2",1,1,1
"10.1371/journal.pone.0256151",1,1,1
"10.1093/jnci/djp183",1,1,1
"10.1016/j.jnca.2019.04.017",1,1,1
"10.1093/epirev/mxr009",1,1,1
"10.4218/etrij.2020-0399",1,1,1
"10.1016/j.anbehav.2005.01.022",1,1,1
"10.1016/j.jedc.2014.02.002",1,1,1
"10.1002/rnc.6361",1,1,1
"10.3390/biomimetics8030310",1,1,1
"10.1002/ece3.2467",1,1,1
"10.1016/j.physa.2008.05.016",1,1,1
"10.1038/srep17992",1,1,1
"10.1007/s11633-016-0960-z",1,1,1
"10.1007/s41965-023-00123-y",1,1,1
"10.4018/jitwe.2009100601",1,1,1
"10.1093/jisesa/iead014",1,1,1
"10.1007/978-3-319-73751-5_15",1,1,1
"10.1136/tobaccocontrol-2019-055487",1,1,1
"10.1007/978-3-030-05918-7_19",1,1,1
"10.1111/eva.13554",1,1,1
"10.1109/tac.2014.2362990",1,1,1
"10.1016/j.telpol.2020.102022",1,1,1
"10.1109/jsyst.2010.2059110",1,1,1
"10.1002/rnc.3859",1,1,1
"10.1080/00207179.2022.2106898",1,1,1
"10.1016/j.ecolmodel.2010.10.028",1,1,1
"10.1371/journal.pone.0115511",1,1,1
"10.1016/j.rser.2020.109798",1,1,1
"10.1016/j.ecocom.2019.03.003",1,1,1
"10.1109/tnse.2021.3110846",1,1,1
"10.1007/978-3-642-36981-0_57",1,1,1
"10.3233/mgs-180298",1,1,1
"10.1006/tpbi.1996.0036",1,1,1
"10.1109/anss.2006.13",1,1,1
"10.1109/tpwrd.2014.2348918",1,1,1
"10.1016/j.ijdrr.2016.02.003",1,1,1
"10.1016/j.tele.2017.11.010",1,1,1
"10.1109/tnnls.2020.2984584",1,1,1
"10.1039/c9me00036d",1,1,1
"10.1155/2014/701652",1,1,1
"10.1007/978-981-32-9343-4_5",1,1,1
"10.1109/tsmc.2022.3166779",1,1,1
"10.1016/j.engappai.2016.12.005",1,1,1
"10.3233/idt-140215",1,1,1
"10.3354/meps11967",1,1,1
"10.1016/j.amc.2007.12.042",1,1,1
"10.1007/s00265-008-0647-8",1,1,1
"10.1007/s10614-021-10191-w",1,1,1
"10.1109/icet.2006.335948",1,1,1
"10.1371/journal.pone.0263184",1,1,1
"10.1016/s0959-8049(01)00057-0",1,1,1
"10.1016/j.jtbi.2014.06.001",1,1,1
"10.1177/0738894212456936",1,1,1
"10.1016/j.ecolmodel.2012.09.016",1,1,1
"10.1109/edocw.2019.00041",1,1,1
"10.1016/j.jtbi.2018.09.019",1,1,1
"10.1057/s41287-021-00441-w",1,1,1
"10.1631/fitee.2100109",1,1,1
"10.7717/peerj.10203",1,1,1
"10.1007/s10458-014-9257-1",1,1,1
"10.1080/17517575.2018.1482567",1,1,1
"10.3390/drones6050122",1,1,1
"10.1016/j.simpat.2021.102385",1,1,1
"10.1109/tsmc.2019.2896915",1,1,1
"10.1080/00207721.2017.1316878",1,1,1
"10.1007/s40815-020-01004-7",1,1,1
"10.1139/cjce-2020-0660",1,1,1
"10.1016/j.automatica.2008.04.024",1,1,1
"10.1080/00324720127690",1,1,1
"10.1017/s0950268823000122",1,1,1
"10.1017/s1355770x12000290",1,1,1
"10.1057/jors.2010.144",1,1,1
"10.1002/mma.9000",1,1,1
"10.21595/jve.2019.20192",1,1,1
"10.1109/irc.2018.00067",1,1,1
"10.21629/jsee.2020.01.16",1,1,1
"10.1007/978-3-319-39324-7_1",1,1,1
"10.1038/s41598-021-87109-x",1,1,1
"10.1007/s00170-008-1826-5",1,1,1
"10.1137/18m1174143",1,1,1
"10.1287/inte.2015.0814",1,1,1
"10.1017/dsj.2021.16",1,1,1
"10.1007/978-3-030-98850-0_6",1,1,1
"10.1007/s00477-010-0375-2",1,1,1
"10.1890/0012-9658(1999)080[2225:fitpds]2.0.co;2",1,1,1
"10.15394/ijaaa.2019.1418",1,1,1
"10.1007/s10980-014-0116-x",1,1,1
"10.1002/spe.1137",1,1,1
"10.1109/access.2020.2980296",1,1,1
"10.1002/sys.21616",1,1,1
"10.1016/b978-0-12-415780-4.00005-3",2,0,0
"10.1016/j.eswa.2014.02.020",1,1,1
"10.1002/spe.685",1,1,1
"10.1371/journal.pone.0240414",1,1,1
"10.1109/tits.2014.2313313",1,1,1
"10.1371/journal.pone.0151777",1,1,1
"10.1007/978-981-10-1721-6_16",1,1,1
"10.1111/ecog.05209",1,1,1
"10.1186/s13705-016-0087-7",1,1,1
"10.3390/en10122045",1,1,1
"10.1109/ismcr56534.2022.9950570",1,1,1
"10.3390/computers12060116",1,1,1
"10.1016/j.jedc.2014.07.001",1,1,1
"10.1007/s13595-021-01074-z",1,1,1
"10.1109/lra.2021.3098059",1,1,1
"10.1364/ao.53.005502",1,1,1
"10.1080/08839510050119244",1,1,1
"10.2478/v10006-011-0004-3",1,1,1
"10.1016/j.eswa.2007.03.005",1,1,1
"10.1103/physreve.95.022305",1,1,1
"10.1007/s10682-020-10093-7",1,1,1
"10.1016/j.simpat.2020.102126",1,1,1
"10.3390/infrastructures7100140",1,1,1
"10.1007/s00291-020-00574-0",1,1,1
"10.3390/cancers14112699",1,1,1
"10.1111/vox.13377",1,1,1
"10.1109/mits.2018.2884492",1,1,1
"10.3390/su11247127",1,1,1
"10.22037/ijpr.2019.1100679",1,1,1
"10.1016/j.simpat.2007.07.007",1,1,1
"10.1207/s15327744joce133&4_07",1,1,1
"10.1007/s11524-022-00623-9",1,1,1
"10.1049/cth2.12127",1,1,1
"10.1017/s136510050706018x",1,1,1
"10.1016/j.jebo.2011.01.029",1,1,1
"10.1016/j.jenvp.2017.01.002",1,1,1
"10.1098/rsif.2020.0970",1,1,1
"10.1016/j.jclepro.2019.119091",1,1,1
"10.5198/jtlu.v7i1.333",1,1,1
"10.1109/access.2019.2955552",1,1,1
"10.1016/j.enbuild.2011.11.048",1,1,1
"10.1016/j.jtcvs.2007.03.051",1,1,1
"10.1109/access.2018.2886146",1,1,1
"10.1111/j.1813-6982.2009.01221.x",1,1,1
"10.1054/bjoc.2001.2125",1,1,1
"10.1109/tcyb.2017.2701889",1,1,1
"10.1093/reseval/rvv011",1,1,1
"10.1016/j.enpol.2020.112009",1,1,1
"10.1007/s00422-020-00823-z",1,1,1
"10.1016/j.asieco.2017.12.004",1,1,1
"10.1016/j.amc.2021.126594",1,1,1
"10.1049/iet-sen:20070108",1,1,1
"10.1016/j.econmod.2012.01.004",1,1,1
"10.3354/meps09382",1,1,1
"10.1016/j.ecocom.2020.100882",1,1,1
"10.3141/2264-03",1,1,1
"10.1371/journal.pone.0026189",1,1,1
"10.1142/s0129183109013765",1,1,1
"10.1109/tsmc.2019.2905248",1,1,1
"10.1061/(asce)cp.1943-5487.0000218",1,1,1
"10.1371/journal.pcbi.1010840",1,1,1
"10.18421/tem74-06",1,1,1
"10.1007/s10614-021-10201-x",1,1,1
"10.1016/j.ecolmodel.2008.12.013",1,1,1
"10.1016/j.ecolmodel.2008.06.034",1,1,1
"10.25088/complexsystems.30.3.297",1,1,1
"10.1007/s11018-023-02179-9",1,1,1
"10.1109/access.2021.3106838",1,1,1
"10.1155/2017/7494313",1,1,1
"10.1016/j.idm.2023.04.003",1,1,1
"10.1109/tc.2021.3066579",1,1,1
"10.1007/978-3-319-44636-3_18",1,1,1
"10.1016/s0377-2217(00)00124-7",1,1,1
"10.1016/j.apenergy.2023.121167",1,1,1
"10.1016/j.jtbi.2007.03.023",1,1,1
"10.1007/s00371-014-0946-1",1,1,1
"10.1353/lar.2015.0042",1,1,1
"10.1109/tase.2022.3168621",1,1,1
"10.1016/j.ifacol.2020.12.1281",1,1,1
"10.1016/j.envsoft.2009.07.007",1,1,1
"10.1016/j.procs.2017.08.174",1,1,1
"10.1016/j.agsy.2017.10.012",1,1,1
"10.1016/j.ecolmodel.2013.10.030",1,1,1
"10.1007/s10916-011-9698-x",1,1,1
"10.1007/978-3-319-60240-0_30",1,1,1
"10.18564/jasss.5083",1,1,1
"10.1111/gcb.13345",1,1,1
"10.3389/fphy.2022.944157",1,1,1
"10.1080/00207721.2013.860641",1,1,1
"10.1016/j.arcontrol.2021.04.006",1,1,1
"10.3934/mbe.2020356",1,1,1
"10.1023/a:1018908931155",1,1,1
"10.48295/et.2022.87.3",1,1,1
"10.1371/journal.pone.0175190",1,1,1
"10.1016/j.envsoft.2016.01.005",1,1,1
"10.1007/s10980-007-9135-1",1,1,1
"10.1075/is.18.3.06rob",1,1,1
"10.4018/jitsa.2008070103",1,1,1
"10.3390/ijerph19052635",1,1,1
"10.1016/j.jfranklin.2018.12.035",1,1,1
"10.3390/land5010005",1,1,1
"10.1007/978-3-030-03928-8_9",1,1,1
"10.1017/s0266462320000446",1,1,1
"10.1016/j.procs.2015.08.172",1,1,1
"10.1016/j.future.2010.12.017",1,1,1
"10.1111/j.1467-8306.2007.00559.x",1,1,1
"10.1177/03611981221090935",1,1,1
"10.7148/2012-0009-0015",1,1,1
"10.1177/00483931211049770",1,1,1
"10.1117/12.515985",1,1,1
"10.1002/int.21589",1,1,1
"10.1002/oca.2491",1,1,1
"10.1111/j.1600-0706.2009.17768.x",1,1,1
"10.1007/978-3-319-91189-2_18",1,1,1
"10.1504/ijep.2014.065122",1,1,1
"10.1016/j.ajic.2013.01.013",1,1,1
"10.1073/pnas.1322632112",1,1,1
"10.3390/app12052368",1,1,1
"10.4028/www.scientific.net/amm.170-173.3677",1,1,1
"10.1007/s10745-010-9364-9",1,1,1
"10.1186/s12939-022-01639-y",1,1,1
"10.1109/access.2020.3036492",1,1,1
"10.1109/norpie55843.2019.9967831",1,1,1
"10.3141/2189-12",1,1,1
"10.1007/978-3-319-41000-5_1",1,1,1
"10.1016/j.automatica.2010.03.006",1,1,1
"10.1016/j.engappai.2013.06.015",1,1,1
"10.1016/j.procs.2021.01.288",1,1,1
"10.3390/app10238696",1,1,1
"10.1007/978-3-030-01057-7_55",1,1,1
"10.1016/j.ecocom.2009.01.002",1,1,1
"10.1021/acsabm.0c00835",1,1,1
"10.3390/en15114136",1,1,1
"10.1007/s00607-023-01166-w",1,1,1
"10.1016/j.cities.2020.103085",1,1,1
"10.1007/978-3-642-39149-1_8",1,1,1
"10.4102/sajs.v106i9/10.322",1,1,1
"10.1784/insi.2007.49.2.74",1,1,1
"10.1016/j.tpb.2015.10.004",1,1,1
"10.1016/j.apenergy.2015.07.024",1,1,1
"10.1029/2005wr004781",1,1,1
"10.1016/s0140-6736(17)30647-5",1,1,1
"10.1111/j.1467-6419.2010.00657.x",1,1,1
"10.1016/j.jebo.2021.07.004",1,1,1
"10.1109/icmla.2016.175",1,1,1
"10.1200/op.20.00992",1,1,1
"10.1137/090745945",1,1,1
"10.1111/j.1538-4632.2009.00754.x",1,1,1
"10.1093/beheco/ary034",1,1,1
"10.3354/meps10418",1,1,1
"10.1097/qai.0000000000002241",1,1,1
"10.1016/j.biosystems.2008.10.007",1,1,1
"10.1109/lra.2023.3301300",2,0,0
"10.4081/ija.2013.e23",1,1,1
"10.1080/03050629.2017.1228039",1,1,1
"10.1016/j.procs.2016.05.374",1,1,1
"10.1016/j.ecolmodel.2006.03.038",1,1,1
"10.1109/tits.2019.2893583",1,1,1
"10.1016/j.compeleceng.2015.04.015",1,1,1
"10.1371/journal.pone.0166655",1,1,1
"10.1103/physreve.89.032714",1,1,1
"10.1177/0969141320968598",1,1,1
"10.1002/ece3.1809",1,1,1
"10.1016/j.engappai.2008.10.007",1,1,1
"10.1016/j.engappai.2011.06.010",1,1,1
"10.1007/s12555-013-0325-0",1,1,1
"10.1016/j.artmed.2022.102253",1,1,1
"10.3390/en10111756",1,1,1
"10.1007/s11277-019-06499-4",1,1,1
"10.1093/annhyg/men052",1,1,1
"10.1371/journal.pone.0190278",1,1,1
"10.1111/j.1524-4733.2008.00338.x",1,1,1
"10.18564/jasss.4284",1,1,1
"10.3745/jips.01.0008",1,1,1
"10.1103/physreve.84.036102",1,1,1
"10.3389/fpubh.2023.1122230",1,1,1
"10.1080/13658816.2018.1440563",1,1,1
"10.1371/journal.pone.0012843",1,1,1
"10.1002/pam.22105",1,1,1
"10.1371/journal.pone.0197111",1,1,1
"10.1080/00207540110101981",1,1,1
"10.1016/s0313-5926(07)50018-4",1,1,1
"10.1016/j.jtbi.2018.12.006",1,1,1
"10.1016/j.automatica.2018.05.032",1,1,1
"10.1371/journal.pone.0261340",1,1,1
"10.3390/app10103562",1,1,1
"10.3390/en15093046",1,1,1
"10.1007/s10888-007-9057-9",1,1,1
"10.1109/tcyb.2019.2941011",1,1,1
"10.1006/tpbi.1999.1417",1,1,1
"10.3390/en16052456",1,1,1
"10.1053/j.gastro.2012.09.060",1,1,1
"10.1111/jgs.17343",1,1,1
"10.1016/s0304-3800(03)00200-x",1,1,1
"10.1111/j.1468-2389.2010.00505.x",1,1,1
"10.1080/14697688.2013.860233",1,1,1
"10.1016/j.sysconle.2019.04.008",1,1,1
"10.3390/en14237931",1,1,1
"10.1007/s11771-015-2793-2",1,1,1
"10.1016/j.landusepol.2017.03.008",1,1,1
"10.1016/j.sysconle.2019.01.009",1,1,1
"10.1002/rnc.6745",1,1,1
"10.1258/0956462991913394",1,1,1
"10.1007/s10310-009-0151-7",1,1,1
"10.1016/j.compeleceng.2017.05.019",1,1,1
"10.1016/j.ijhydene.2018.09.001",1,1,1
"10.1109/tase.2016.2628389",1,1,1
"10.3390/su11020466",1,1,1
"10.1109/tsg.2012.2236657",1,1,1
"10.1080/0951192x.2014.928747",1,1,1
"10.1007/978-94-007-6803-1_15",2,0,0
"10.1080/17441692.2014.986156",1,1,1
"10.1007/s11116-023-10405-0",1,1,1
"10.1023/a:1024172719965",1,1,1
"10.1109/ical.2007.4339043",1,1,1
"10.1007/978-3-319-19857-6_46",1,1,1
"10.1109/cdc.2009.5400327",1,1,1
"10.1109/tnnls.2022.3159669",1,1,1
"10.1016/j.artmed.2018.01.002",1,1,1
"10.1644/08-mamm-a-205.1",1,1,1
"10.1016/j.physa.2020.125194",1,1,1
"10.1016/s2213-8587(21)00240-0",1,1,1
"10.1109/tcns.2018.2863047",1,1,1
"10.1007/s13524-011-0085-5",1,1,1
"10.18564/jasss.3562",1,1,1
"10.1016/j.pocean.2014.06.004",1,1,1
"10.1016/j.cogsys.2023.02.003",1,1,1
"10.1016/j.jad.2022.12.147",1,1,1
"10.1016/s1364-8152(03)00031-8",1,1,1
"10.1016/j.scitotenv.2011.10.021",1,1,1
"10.4054/demres.2010.22.6",1,1,1
"10.4258/hir.2015.21.4.307",1,1,1
"10.1057/s41274-016-0022-5",1,1,1
"10.3906/elk-1108-9",1,1,1
"10.1088/1757-899x/236/1/012035",1,1,1
"10.1016/j.ijepes.2012.06.011",1,1,1
"10.7758/rsf.2017.3.1.06",1,1,1
"10.1007/978-3-319-93701-4_7",1,1,1
"10.1007/s10237-018-1065-0",1,1,1
"10.1016/j.ifacol.2015.06.166",1,1,1
"10.1007/978-3-319-54084-9_18",1,1,1
"10.1016/j.jedc.2017.07.002",1,1,1
"10.1016/j.ibusrev.2021.101965",1,1,1
"10.1111/1475-6773.12246",1,1,1
"10.3354/meps10324",1,1,1
"10.3390/educsci9010066",1,1,1
"10.1016/j.jclepro.2019.118793",1,1,1
"10.1109/tnnls.2021.3053112",1,1,1
"10.1371/journal.pcbi.1009149",1,1,1
"10.1007/s40571-015-0082-3",1,1,1
"10.1093/ajae/aat005",1,1,1
"10.1061/(asce)cp.1943-5487.0000777",1,1,1
"10.1007/s10198-012-0391-x",1,1,1
"10.1049/iet-its.2016.0032",1,1,1
"10.1109/tsusc.2018.2881416",1,1,1
"10.3934/nhm.2023039",1,1,1
"10.1186/s12916-018-1091-x",1,1,1
"10.4018/ijdsst.2020100104",1,1,1
"10.1109/access.2022.3223446",1,1,1
"10.1109/tro.2022.3200005",1,1,1
"10.1515/snde-2021-0052",1,1,1
"10.1016/j.neucom.2016.12.108",1,1,1
"10.3389/fphys.2019.00875",1,1,1
"10.1182/bloodadvances.2021006254",1,1,1
"10.4028/www.scientific.net/amm.63-64.736",1,1,1
"10.1111/j.1468-2478.2008.00505.x",1,1,1
"10.1016/j.baae.2008.02.006",1,1,1
"10.1007/s00170-010-3049-9",1,1,1
"10.1007/s13194-021-00382-5",1,1,1
"10.1016/j.ijrefrig.2019.06.007",1,1,1
"10.1007/s13593-018-0529-z",1,1,1
"10.1016/j.socscimed.2015.08.041",1,1,1
"10.3390/app9235180",1,1,1
"10.1186/s12913-023-09360-4",1,1,1
"10.1016/j.eswa.2009.06.014",1,1,1
"10.3390/safety5030052",1,1,1
"10.3390/jsan3010026",1,1,1
"10.1016/j.ecolmodel.2018.10.013",1,1,1
"10.1016/j.jpubeco.2006.11.008",1,1,1
"10.1002/ecy.2480",1,1,1
"10.3390/cancers13215314",1,1,1
"10.1109/hpcs.2018.00042",1,1,1
"10.1371/journal.pntd.0005184",1,1,1
"10.1016/j.cstp.2015.09.002",1,1,1
"10.1155/2018/3541420",1,1,1
"10.1016/j.ecolmodel.2015.04.024",1,1,1
"10.20965/jaciii.2011.p0911",1,1,1
"10.1371/journal.pone.0149007",1,1,1
"10.18564/jasss.3596",1,1,1
"10.1016/j.sysconle.2010.06.016",1,1,1
"10.1109/access.2021.3078335",1,1,1
"10.1109/access.2020.3042081",1,1,1
"10.1111/1468-0009.12402",1,1,1
"10.3168/jds.2022-22080",1,1,1
"10.1002/cplx.21794",1,1,1
"10.1016/j.ecolmodel.2013.07.012",1,1,1
"10.1371/journal.pcbi.1005843",1,1,1
"10.1002/hec.4148",1,1,1
"10.1016/j.iatssr.2023.05.004",1,1,1
"10.1093/oxrep/grt008",1,1,1
"10.1177/10943420211035164",1,1,1
"10.1016/j.jenvman.2021.113006",1,1,1
"10.3390/socsci12050255",1,1,1
"10.5565/rev/papers.2125",1,1,1
"10.1016/s2213-8587(22)00276-5",1,1,1
"10.1111/jfpe.12327",1,1,1
"10.1016/j.envsoft.2015.05.007",1,1,1
"10.1016/j.prevetmed.2009.07.009",1,1,1
"10.1088/1755-1315/632/4/042083",1,1,1
"10.1109/icstcc52150.2021.9607170",1,1,1
"10.1890/1051-0761(2001)011[0161:pcceoa]2.0.co;2",1,1,1
"10.3141/2484-05",1,1,1
"10.1016/j.gloei.2022.04.015",1,1,1
"10.1016/j.tra.2020.03.009",1,1,1
"10.1139/f07-135",1,1,1
"10.1016/j.ecocom.2009.07.001",1,1,1
"10.18564/jasss.2389",1,1,1
"10.5565/rev/papers.2994",1,1,1
"10.1016/j.leaqua.2019.101316",1,1,1
"10.3390/drones7040269",1,1,1
"10.4018/ijiit.2020070101",1,1,1
"10.1017/ehs.2020.42",1,1,1
"10.1371/journal.pone.0078286",1,1,1
"10.1086/684746",1,1,1
"10.1177/0361198119900138",1,1,1
"10.3141/2259-09",1,1,1
"10.1007/978-3-642-12788-5_9",1,1,1
"10.1002/jwmg.21259",1,1,1
"10.1023/b:jims.0000037715.89305.77",1,1,1
"10.1109/iaw.2007.381913",1,1,1
"10.1109/tac.2018.2814632",1,1,1
"10.1088/1757-899x/166/1/012010",1,1,1
"10.1179/1942786713z.00000000028",1,1,1
"10.1016/j.asoc.2011.10.025",1,1,1
"10.1080/09640568.2015.1044652",1,1,1
"10.1002/mma.8002",1,1,1
"10.1371/journal.pntd.0009279",1,1,1
"10.1016/j.ecolmodel.2011.06.014",1,1,1
"10.3390/su13084370",1,1,1
"10.1186/1476-072x-8-17",1,1,1
"10.1007/978-3-319-47253-9_10",1,1,1
"10.1177/1729881420920216",1,1,1
"10.18564/jasss.2593",1,1,1
"10.1016/j.simpat.2018.09.002",1,1,1
"10.1016/j.cor.2019.02.007",1,1,1
"10.1212/wnl.0000000000200785",1,1,1
"10.1007/s10846-013-9893-8",1,1,1
"10.1016/j.amc.2016.07.008",1,1,1
"10.1016/j.eswa.2023.120016",1,1,1
"10.1016/j.compchemeng.2006.12.013",1,1,1
"10.1038/s41436-020-01038-0",1,1,1
"10.1109/tie.2020.3026267",1,1,1
"10.1109/wcica.2008.4594454",1,1,1
"10.1016/j.psep.2021.01.046",1,1,1
"10.1007/s10588-008-9025-3",1,1,1
"10.1111/j.1541-0072.2009.00331.x",1,1,1
"10.1145/3021460.3021469",1,1,1
"10.1016/j.econmod.2014.01.010",1,1,1
"10.1007/s10676-018-9462-8",1,1,1
"10.3991/ijet.v14i18.10854",1,1,1
"10.1155/2021/4241485",1,1,1
"10.1080/13696998.2021.1922240",1,1,1
"10.1148/radiol.2020192505",1,1,1
"10.1007/s10113-011-0238-5",1,1,1
"10.3141/2519-14",1,1,1
"10.1016/j.simpat.2008.08.001",1,1,1
"10.3233/978-1-61499-720-7-405",1,1,1
"10.1038/s41598-021-84192-y",1,1,1
"10.1109/tpwrs.2014.2313607",1,1,1
"10.1007/s10340-016-0807-y",1,1,1
"10.1097/md.0000000000006078",1,1,1
"10.1016/j.gloenvcha.2020.102203",1,1,1
"10.1111/cobi.13473",1,1,1
"10.1016/j.jfranklin.2022.03.046",1,1,1
"10.1016/j.sysconle.2023.105549",1,1,1
"10.1109/ieem.2017.8289949",2,0,0
"10.1007/978-3-319-44832-9_18",1,1,1
"10.1155/2018/6059574",1,1,1
"10.1016/j.ssmph.2018.100347",1,1,1
"10.1080/1043859042000226202",1,1,1
"10.1177/1078087413505736",1,1,1
"10.1177/0022427814531490",1,1,1
"10.1590/0001-3765201920180179",1,1,1
"10.1002/jor.23753",1,1,1
"10.1080/10630730802401967",1,1,1
"10.1109/tcyb.2015.2510746",1,1,1
"10.1007/s11424-018-7335-1",1,1,1
"10.3390/app12073630",1,1,1
"10.34172/ijhpm.2020.130",1,1,1
"10.1109/tnnls.2021.3106777",1,1,1
"10.1016/j.jfs.2016.03.001",1,1,1
"10.1016/j.techfore.2011.08.004",1,1,1
"10.1371/journal.pmed.1002602",1,1,1
"10.1109/iv.2008.31",1,1,1
"10.1016/j.simpat.2013.07.002",1,1,1
"10.1080/13658810802344101",1,1,1
"10.1128/iai.70.9.4851-4858.2002",1,1,1
"10.1016/j.procs.2015.12.178",1,1,1
"10.1080/08839510490496789",1,1,1
"10.3390/fractalfract6030147",1,1,1
"10.1109/access.2022.3228258",1,1,1
"10.1049/itr2.12337",1,1,1
"10.18564/jasss.1604",1,1,1
"10.1177/1059712318824544",1,1,1
"10.5198/jtlu.2020.1635",1,1,1
"10.1016/j.compchemeng.2012.06.009",1,1,1
"10.1109/compsacw.2014.75",1,1,1
"10.1109/tsg.2016.2612544",1,1,1
"10.1016/j.infsof.2011.08.005",1,1,1
"10.1371/journal.pone.0017456",1,1,1
"10.1080/10494820.2013.792845",1,1,1
"10.1375/jsc.4.2.61",1,1,1
"10.1016/j.bspc.2023.104984",1,1,1
"10.1016/j.simpat.2016.04.003",1,1,1
"10.1016/j.jas.2014.07.014",1,1,1
"10.1142/s0219525915500022",1,1,1
"10.1093/icc/dtr071",1,1,1
"10.1049/iet-cta.2017.0479",1,1,1
"10.1007/978-3-319-67074-4_32",1,1,1
"10.1016/j.gloenvcha.2015.10.003",1,1,1
"10.1016/s0004-3702(97)00070-2",1,1,1
"10.1007/s10723-012-9230-7",1,1,1
"10.1186/1471-2105-14-s6-s6",1,1,1
"10.1007/s10668-023-03174-4",1,1,1
"10.1016/s0303-2647(02)00018-7",1,1,1
"10.1109/iembs.2008.4649268",1,1,1
"10.1111/1365-2664.13981",1,1,1
"10.1093/ntr/ntaa133",1,1,1
"10.1016/j.ins.2022.07.052",1,1,1
"10.1007/s10472-013-9374-6",1,1,1
"10.1177/1729881418785073",1,1,1
"10.1186/s13071-021-04724-3",1,1,1
"10.1002/rnc.3153",1,1,1
"10.1016/j.ecolmodel.2017.03.025",1,1,1
"10.1109/tcns.2016.2580908",1,1,1
"10.1080/13873954.2012.756527",1,1,1
"10.3846/jeelm.2022.15107",1,1,1
"10.1007/s42452-020-03509-0",1,1,1
"10.1016/j.cie.2012.06.004",1,1,1
"10.1109/tste.2017.2740833",1,1,1
"10.1016/j.automatica.2017.06.016",1,1,1
"10.1007/s40273-014-0234-y",1,1,1
"10.3390/buildings13071792",1,1,1
"10.3390/ani13020298",1,1,1
"10.1016/j.asej.2013.07.005",1,1,1
"10.3141/2615-06",1,1,1
"10.1007/s10489-006-6936-x",1,1,1
"10.1007/s11403-021-00319-4",1,1,1
"10.12694/scpe.v15i4.1055",1,1,1
"10.1109/icnsc.2007.372897",1,1,1
"10.1016/j.ijdrr.2020.101627",1,1,1
"10.1007/978-3-030-40690-5_36",1,1,1
"10.3991/ijep.v3i2.2456",1,1,1
"10.1093/aje/kwn117",1,1,1
"10.1016/j.neucom.2019.03.089",1,1,1
"10.1007/s12530-019-09298-1",1,1,1
"10.1016/j.jmateco.2004.02.006",1,1,1
"10.3141/2303-03",1,1,1
"10.1007/s00170-005-0064-3",1,1,1
"10.1177/0037549705058073",1,1,1
"10.1007/s11633-014-0780-y",1,1,1
"10.1016/j.aei.2010.11.002",1,1,1
"10.3390/en15239032",1,1,1
"10.4018/ijiit.2018100101",1,1,1
"10.1016/j.ecocom.2008.08.002",1,1,1
"10.1111/j.1475-5890.2013.00178.x",1,1,1
"10.1371/journal.pone.0204307",1,1,1
"10.1371/journal.pone.0147394",1,1,1
"10.1109/tvt.2022.3220856",1,1,1
"10.1111/j.1468-0394.2006.00408.x",1,1,1
"10.1002/rnc.3252",1,1,1
"10.1080/15427560.2020.1848838",1,1,1
"10.1007/s00285-016-1012-6",1,1,1
"10.18564/jasss.3950",1,1,1
"10.1371/journal.pone.0212303",1,1,1
"10.1016/j.automatica.2019.108736",1,1,1
"10.1016/j.puhe.2015.07.034",1,1,1
"10.1177/1077546311411346",1,1,1
"10.1016/j.jebo.2010.11.008",1,1,1
"10.1109/tvt.2021.3103416",1,1,1
"10.1007/s40258-017-0338-6",1,1,1
"10.1137/060678592",1,1,1
"10.1002/asjc.2790",1,1,1
"10.1080/15472450.2019.1573351",1,1,1
"10.1145/3077839.3084025",1,1,1
"10.1007/s11432-017-9309-3",1,1,1
"10.1002/asjc.2341",1,1,1
"10.1046/j.1523-1739.2000.98393.x",1,1,1
"10.3926/jiem.904",1,1,1
"10.1007/s11356-021-17503-5",1,1,1
"10.1073/pnas.2102166118",1,1,1
"10.1007/978-3-319-19629-9_8",1,1,1
"10.1177/0738894209359119",1,1,1
"10.1109/tits.2023.3248305",1,1,1
"10.1016/j.matcom.2021.12.017",1,1,1
"10.1109/wsc57314.2022.10015231",1,1,1
"10.1109/tii.2020.3009749",1,1,1
"10.1109/59.898124",1,1,1
"10.1177/0037549715582252",1,1,1
"10.1016/j.simpat.2019.03.003",1,1,1
"10.1155/2014/735232",1,1,1
"10.1136/jech-2023-220435",1,1,1
"10.1016/j.idm.2021.06.005",1,1,1
"10.1061/(asce)is.1943-555x.0000437",1,1,1
"10.1371/journal.pone.0282112",1,1,1
"10.1142/s0219525911500251",1,1,1
"10.1007/s00170-019-03940-7",1,1,1
"10.1139/f05-106",1,1,1
"10.1109/tnse.2020.3029078",1,1,1
"10.18564/jasss.3497",1,1,1
"10.1007/s11432-019-2845-6",1,1,1
"10.1109/tcns.2022.3203936",1,1,1
"10.1371/journal.pone.0282535",1,1,1
"10.1111/j.1467-8659.2005.00838.x",1,1,1
"10.1177/0894439310372790",2,0,0
"10.1080/002075499191157",1,1,1
"10.1061/jtepbs.0000538",1,1,1
"10.1109/cdc.2006.377627",1,1,1
"10.1016/j.respol.2021.104438",1,1,1
"10.1098/rsif.2010.0397",1,1,1
"10.1002/atr.1283",1,1,1
"10.1016/j.ijmm.2010.08.016",1,1,1
"10.1016/j.jpdc.2016.04.004",1,1,1
"10.1007/s40750-017-0059-y",1,1,1
"10.1186/s12962-018-0094-y",1,1,1
"10.3141/2311-17",1,1,1
"10.18564/jasss.2363",1,1,1
"10.1016/j.apenergy.2016.06.041",1,1,1
"10.1103/physreve.77.016111",1,1,1
"10.1007/s13369-017-2796-4",1,1,1
"10.1007/978-3-319-73008-0_31",1,1,1
"10.1098/rspb.2000.1239",1,1,1
"10.1016/j.jtbi.2017.06.013",1,1,1
"10.1109/tcyb.2016.2571122",1,1,1
"10.1007/978-3-319-46840-2_10",2,0,0
"10.1002/plr2.20271",1,1,1
"10.1111/1755-0998.13799",1,1,1
"10.1111/j.1365-2419.1996.tb00081.x",1,1,1
"10.1177/0047287517700317",1,1,1
"10.1109/tpwrs.2014.2364193",1,1,1
"10.1016/j.jtbi.2004.12.012",1,1,1
"10.1109/iccae.2010.5451885",1,1,1
"10.1023/a:1024734201976",1,1,1
"10.1007/s10015-007-0462-8",1,1,1
"10.1109/jsyst.2021.3130611",1,1,1
"10.3233/mgs-170269",1,1,1
"10.1007/s11403-017-0199-y",1,1,1
"10.1016/j.sysconle.2016.12.006",1,1,1
"10.1158/1940-6207.capr-21-0075",1,1,1
"10.1108/ijse-01-2015-0014",1,1,1
"10.1016/j.materresbull.2022.112035",1,1,1
"10.1016/j.jval.2017.12.022",1,1,1
"10.1038/s41598-019-48711-2",1,1,1
"10.48295/et.2021.81.7",1,1,1
"10.3109/10428194.2013.796046",1,1,1
"10.1371/journal.pone.0140843",1,1,1
"10.1098/rspb.2002.2186",1,1,1
"10.1016/j.jeconbus.2010.03.002",1,1,1
"10.1007/s00477-015-1199-x",1,1,1
"10.1007/s001910050052",1,1,1
"10.1016/s1364-8152(99)00032-8",1,1,1
"10.1016/j.apgeog.2022.102844",1,1,1
"10.1016/s1472-6483(10)60856-5",1,1,1
"10.1016/s0006-3207(98)00019-6",1,1,1
"10.1371/journal.pone.0144137",1,1,1
"10.1007/s10461-020-03051-5",1,1,1
"10.1134/s106423071201008x",1,1,1
"10.1007/s13748-012-0016-8",1,1,1
"10.1016/j.vhri.2021.09.006",1,1,1
"10.1017/s136898002100015x",1,1,1
"10.1080/15568318.2018.1485792",1,1,1
"10.1002/rnc.3978",1,1,1
"10.1080/00207543.2010.518741",1,1,1
"10.1016/j.adhoc.2022.102953",1,1,1
"10.1142/s0219525908001623",1,1,1
"10.1109/tsg.2013.2237794",1,1,1
"10.1016/j.ecoleng.2021.106182",1,1,1
"10.3141/2223-11",1,1,1
"10.1103/physreve.81.066120",1,1,1
"10.1007/s00586-021-06940-y",1,1,1
"10.1016/j.cmpb.2008.04.004",1,1,1
"10.1007/s00521-022-07476-y",1,1,1
"10.1177/0004867414561528",1,1,1
"10.1007/s10845-008-0109-1",1,1,1
"10.1109/jproc.2022.3186047",1,1,1
"10.1016/j.ajo.2022.11.008",1,1,1
"10.3390/su142416623",1,1,1
"10.1061/(asce)0893-1321(2008)21:4(288)",1,1,1
"10.1016/j.ifacol.2017.08.1701",1,1,1
"10.1371/journal.pone.0063981",1,1,1
"10.1109/lra.2020.2974713",1,1,1
"10.1109/gtdasia.2019.8715853",1,1,1
"10.1007/978-3-319-46073-4_14",1,1,1
"10.24095/hpcdp.40.2.01",1,1,1
"10.1377/hlthaff.2017.0367",1,1,1
"10.1109/tsipn.2023.3239654",1,1,1
"10.1016/j.envsoft.2016.11.001",1,1,1
"10.1016/s0304-3800(01)00362-3",1,1,1
"10.3389/fpsyg.2019.00540",1,1,1
"10.1001/jamaoncol.2021.6204",1,1,1
"10.1016/j.geb.2009.10.013",1,1,1
"10.1016/j.ifacol.2020.12.1063",1,1,1
"10.1142/s0219891620500265",1,1,1
"10.1016/j.jenvman.2022.115874",1,1,1
"10.1017/s1365100519000634",1,1,1
"10.1109/access.2019.2922678",1,1,1
"10.1016/j.ifacol.2020.12.092",1,1,1
"10.1016/j.ijdrr.2020.101573",1,1,1
"10.1142/s0219877013400191",1,1,1
"10.1016/j.ifacol.2022.09.409",1,1,1
"10.1007/978-3-319-55750-2_13",1,1,1
"10.1111/1365-2664.12788",1,1,1
"10.1016/j.eswa.2017.05.065",1,1,1
"10.1139/l03-010",1,1,1
"10.1109/compsac48688.2020.00015",1,1,1
"10.1016/j.eswa.2021.115460",1,1,1
"10.1017/jfm.2022.231",1,1,1
"10.3390/en13184837",1,1,1
"10.1137/18m1186939",1,1,1
"10.1145/3369759",1,1,1
"10.1177/10775463211022476",1,1,1
"10.1086/717226",1,1,1
"10.1109/access.2023.3295827",2,0,0
"10.1080/15427609.2011.549702",1,1,1
"10.1515/jisys-2017-0353",1,1,1
"10.1016/j.jfranklin.2018.07.021",1,1,1
"10.1016/j.trpro.2014.10.069",1,1,1
"10.1109/tcsii.2022.3144097",1,1,1
"10.3390/math10244703",1,1,1
"10.4028/www.scientific.net/amm.110-116.5206",1,1,1
"10.1007/s11227-015-1432-x",1,1,1
"10.1007/978-3-662-49390-8_74",1,1,1
"10.1016/j.ress.2022.109081",1,1,1
"10.1080/03610918.2018.1535067",1,1,1
"10.1016/j.vaccine.2019.10.065",1,1,1
"10.1109/southeastcon42311.2019.9020370",1,1,1
"10.1016/j.neucom.2018.09.010",1,1,1
"10.1108/03684920210432808",1,1,1
"10.1142/s0218194001000670",1,1,1
"10.1016/j.autcon.2004.08.010",1,1,1
"10.1109/access.2022.3219095",1,1,1
"10.1016/j.asoc.2020.106098",1,1,1
"10.1002/asjc.43",1,1,1
"10.1002/pam.20494",1,1,1
"10.1016/j.resourpol.2012.04.004",1,1,1
"10.1109/tsmc.2019.2924144",1,1,1
"10.2307/2235199",1,1,1
"10.1016/j.techfore.2010.03.012",1,1,1
"10.1016/j.simpat.2009.09.007",1,1,1
"10.1002/cplx.21517",1,1,1
"10.1016/j.neucom.2018.01.075",1,1,1
"10.1007/s13160-017-0249-9",1,1,1
"10.1007/s10845-008-0142-0",1,1,1
"10.3390/electronics11213554",1,1,1
"10.1016/j.idm.2020.11.002",1,1,1
"10.1007/978-3-319-47253-9_4",1,1,1
"10.1017/s1471068404002029",1,1,1
"10.1186/s12874-022-01571-3",1,1,1
"10.1509/jmr.11.0305",1,1,1
"10.3390/ijerph19127190",1,1,1
"10.1038/s41598-021-86668-3",1,1,1
"10.1177/1729881419849780",1,1,1
"10.1111/isqu.12059",1,1,1
"10.1109/wsc.2005.1574349",1,1,1
"10.1016/j.simpat.2015.07.003",1,1,1
"10.1007/s12544-013-0118-9",1,1,1
"10.1016/j.jfranklin.2017.08.010",1,1,1
"10.3390/logistics6030046",1,1,1
"10.1177/0894439318815636",1,1,1
"10.1016/j.jtbi.2015.08.012",1,1,1
"10.3233/ica-220690",1,1,1
"10.1038/s41598-019-54348-y",1,1,1
"10.1002/ece3.7070",1,1,1
"10.1016/j.trc.2013.02.009",1,1,1
"10.3390/su14063565",1,1,1
"10.1109/tpwrs.2014.2352265",1,1,1
"10.1109/access.2021.3110371",1,1,1
"10.1214/17-ba1071",1,1,1
"10.1109/tpc.2023.3260449",1,1,1
"10.1016/j.ecss.2009.01.029",1,1,1
"10.1016/j.jclepro.2020.124897",1,1,1
"10.1016/j.ifacol.2020.12.966",1,1,1
"10.1073/pnas.1710341114",1,1,1
"10.1007/s10888-021-09491-w",1,1,1
"10.1007/s00191-018-0590-4",1,1,1
"10.7448/ias.19.1.20623",1,1,1
"10.1080/00207179.2016.1201865",1,1,1
"10.6113/jpe.2017.17.6.1650",1,1,1
"10.1038/mp.2016.208",1,1,1
"10.1007/s10619-010-7069-0",1,1,1
"10.1016/j.renene.2019.06.018",1,1,1
"10.1023/a:1025536924463",1,1,1
"10.3233/mgs-2007-3105",1,1,1
"10.1080/00207179.2012.713515",1,1,1
"10.1016/j.biosystems.2019.05.005",1,1,1
"10.1017/s1474746419000502",1,1,1
"10.1016/j.jval.2021.05.020",1,1,1
"10.1080/00207179.2021.1916838",1,1,1
"10.1016/j.neucom.2016.03.021",1,1,1
"10.1016/j.ssci.2018.02.021",1,1,1
"10.1109/icce56470.2023.10043473",1,1,1
"10.1016/j.resconrec.2021.105445",1,1,1
"10.1016/j.ausmj.2011.04.005",1,1,1
"10.1109/tie.2010.2102319",1,1,1
"10.1002/rnc.3519",1,1,1
"10.1080/00207540310001602919",1,1,1
"10.1007/s10115-018-1319-2",1,1,1
"10.1371/journal.pcbi.1000924",1,1,1
"10.1109/isads.2005.1452043",1,1,1
"10.1016/j.advengsoft.2019.102732",1,1,1
"10.1007/s00285-018-1278-y",1,1,1
"10.1111/fog.12474",1,1,1
"10.18564/jasss.3927",1,1,1
"10.1016/j.amc.2014.09.017",1,1,1
"10.3328/tl.2010.02.01.53-62",1,1,1
"10.4186/ej.2018.22.5.227",1,1,1
"10.1002/oca.2986",1,1,1
"10.1080/15568318.2016.1226997",1,1,1
"10.1111/ecot.12247",1,1,1
"10.1016/j.epidem.2017.01.005",1,1,1
"10.18564/jasss.2640",1,1,1
"10.1007/978-981-16-7160-9_163",1,1,1
"10.1109/sitis.2012.148",1,1,1
"10.1061/(asce)up.1943-5444.0000403",1,1,1
"10.1080/00207721003802289",1,1,1
"10.1086/378354",1,1,1
"10.1016/j.ejor.2009.06.028",1,1,1
"10.1016/j.jpdc.2015.04.004",1,1,1
"10.1007/s11269-014-0649-4",1,1,1
"10.1016/j.compedu.2008.07.008",1,1,1
"10.1007/s10799-012-0125-x",1,1,1
"10.1093/comjnl/bxq021",1,1,1
"10.1111/oik.05915",1,1,1
"10.1007/s10707-015-0233-y",1,1,1
"10.4310/cms.2017.v15.n7.a1",1,1,1
"10.1007/s11280-007-0024-y",1,1,1
"10.1016/j.inffus.2017.01.002",1,1,1
"10.1111/j.1524-4733.2008.00484.x",1,1,1
"10.1109/tgrs.2008.2001554",1,1,1
"10.1016/j.pocean.2022.102761",1,1,1
"10.1016/j.prevetmed.2012.05.012",1,1,1
"10.1007/s12065-020-00500-x",1,1,1
"10.1016/j.jval.2019.12.002",1,1,1
"10.1016/j.jrtpm.2011.07.001",1,1,1
"10.3390/curroncol29030136",1,1,1
"10.1080/18128600903244776",1,1,1
"10.1007/s10668-023-03770-4",1,1,1
"10.1111/geb.13495",1,1,1
"10.3389/fmars.2021.754476",1,1,1
"10.1016/j.ifacol.2019.09.132",1,1,1
"10.18564/jasss.2953",1,1,1
"10.1007/s12205-019-1150-7",1,1,1
"10.1080/17445760.2010.551209",1,1,1
"10.1007/978-3-319-74521-3_16",1,1,1
"10.1108/aeat-12-2020-0316",1,1,1
"10.1086/432037",1,1,1
"10.1016/j.jamcollsurg.2016.07.015",1,1,1
"10.1080/19462166.2014.885083",1,1,1
"10.1016/j.ifacol.2015.09.140",1,1,1
"10.1109/tits.2014.2308975",1,1,1
"10.1016/j.energy.2019.01.161",1,1,1
"10.1016/j.asr.2020.06.016",1,1,1
"10.1115/1.4038961",1,1,1
"10.1186/s12913-015-0970-5",1,1,1
"10.1038/s41467-021-27486-z",1,1,1
"10.1016/j.jmsy.2019.01.006",1,1,1
"10.1016/j.econmod.2023.106403",1,1,1
"10.13128/techne-7540",1,1,1
"10.1080/03081060.2014.897126",1,1,1
"10.1007/978-3-319-93701-4_8",1,1,1
"10.1016/j.compenvurbsys.2019.101458",1,1,1
"10.1371/journal.pcbi.1009301",1,1,1
"10.1007/s11069-021-04684-y",1,1,1
"10.1016/j.dss.2005.05.020",1,1,1
"10.1155/2022/1438630",1,1,1
"10.1108/ijlss-07-2022-0165",1,1,1
"10.1098/rsif.2011.0059",1,1,1
"10.1002/rnc.1700",1,1,1
"10.1109/kimas.2005.1427059",2,0,0
"10.1007/s12652-020-02098-5",1,1,1
"10.32910/ep.73.1.3",1,1,1
"10.1109/tiv.2023.3234261",1,1,1
"10.2105/ajph.2015.302794",1,1,1
"10.1186/1471-2105-16-s12-s2",1,1,1
"10.1016/j.jhydrol.2019.124177",1,1,1
"10.1007/978-3-319-41438-6_12",1,1,1
"10.1016/j.engappai.2004.11.019",1,1,1
"10.1016/j.simpat.2006.09.014",1,1,1
"10.1002/ece3.7204",1,1,1
"10.1051/animres:2004028",1,1,1
"10.1117/12.500901",1,1,1
"10.1016/j.automatica.2003.07.008",1,1,1
"10.4018/978-1-5225-1884-6.ch019",1,1,1
"10.1016/j.sysconle.2011.07.004",1,1,1
"10.1111/itor.12944",1,1,1
"10.1016/j.procs.2015.12.060",1,1,1
"10.3390/mi13081226",1,1,1
"10.3141/1623-02",1,1,1
"10.1075/is.7.1.06wag",1,1,1
"10.1016/j.robot.2016.10.012",1,1,1
"10.1016/j.isatra.2019.02.004",1,1,1
"10.1016/j.biosystems.2009.07.003",1,1,1
"10.1016/j.future.2018.06.006",1,1,1
"10.1002/etc.2552",1,1,1
"10.1016/j.neucom.2016.01.070",1,1,1
"10.1099/0022-1317-49-8-725",1,1,1
"10.1007/s00371-010-0473-7",1,1,1
"10.3141/2422-16",1,1,1
"10.3141/2088-03",1,1,1
"10.1061/jtepbs.0000407",1,1,1
"10.1080/00207179.2012.719637",1,1,1
"10.1016/j.ecoinf.2010.07.006",1,1,1
"10.1093/aje/kwv344",1,1,1
"10.1159/000348415",1,1,1
"10.1098/rsos.210809",1,1,1
"10.1109/access.2020.3022395",1,1,1
"10.1016/j.isatra.2020.08.014",1,1,1
"10.1177/0309524x19862755",1,1,1
"10.1016/j.apenergy.2019.113795",1,1,1
"10.1111/j.1472-4642.2011.00760.x",1,1,1
"10.1155/2014/535890",1,1,1
"10.1016/j.ejor.2011.07.040",1,1,1
"10.1371/journal.pmed.1002573",1,1,1
"10.1007/978-3-319-19369-4_22",1,1,1
"10.1049/iet-gtd.2017.1197",1,1,1
"10.1007/s13369-018-3568-5",1,1,1
"10.1109/lwc.2022.3195963",1,1,1
"10.1016/j.forpol.2019.04.018",1,1,1
"10.1186/s12916-015-0524-z",1,1,1
"10.1371/journal.pone.0275270",1,1,1
"10.1109/tpwrd.2013.2277576",1,1,1
"10.1186/s12879-016-1918-z",1,1,1
"10.1007/s13177-017-0150-6",1,1,1
"10.1016/j.ins.2020.12.064",1,1,1
"10.1109/tro.2005.853487",1,1,1
"10.5194/isprsannals-ii-3-w5-249-2015",1,1,1
"10.1145/3306492",1,1,1
"10.1002/eej.20353",1,1,1
"10.3233/jifs-179664",1,1,1
"10.1016/j.econmod.2019.09.030",1,1,1
"10.1287/orsc.10.3.216",1,1,1
"10.1111/ijpo.12126",1,1,1
"10.1016/j.jtbi.2006.04.020",1,1,1
"10.1016/j.envsoft.2012.11.012",1,1,1
"10.1109/tie.2017.2701775",1,1,1
"10.1186/s40317-020-00221-z",1,1,1
"10.1371/journal.pone.0282878",1,1,1
"10.3390/e15072606",1,1,1
"10.1016/j.eswa.2007.12.019",1,1,1
"10.1109/access.2019.2962728",1,1,1
"10.24138/jcomss-2021-0148",1,1,1
"10.1016/j.ypmed.2019.105931",1,1,1
"10.1142/s0219525908001532",1,1,1
"10.1016/j.engappai.2007.08.005",1,1,1
"10.1016/j.asoc.2023.110684",1,1,1
"10.1016/j.isatra.2017.08.003",1,1,1
"10.1109/tcyb.2020.2981518",1,1,1
"10.1080/12265934.2010.9693686",1,1,1
"10.1109/iecon.2009.5415338",1,1,1
"10.1016/j.scico.2012.10.007",1,1,1
"10.1111/j.2006.0030-1299.14722.x",1,1,1
"10.1109/tnb.2007.897452",1,1,1
"10.1109/jsyst.2013.2247192",1,1,1
"10.3233/ifs-2010-0453",1,1,1
"10.1016/j.compind.2021.103521",1,1,1
"10.1109/dsdis.2015.125",1,1,1
"10.1016/j.epsr.2019.02.019",1,1,1
"10.1371/journal.pmed.1002551",1,1,1
"10.1109/lcsys.2020.3005065",1,1,1
"10.1186/s12918-018-0672-9",1,1,1
"10.1177/0272989x15593083",1,1,1
"10.1016/j.qref.2023.03.005",1,1,1
"10.1080/01441647.2015.1017749",1,1,1
"10.1002/rnc.6103",1,1,1
"10.1016/j.ecolmodel.2006.07.010",1,1,1
"10.1002/asjc.2251",1,1,1
"10.1109/tia.2009.2031786",1,1,1
"10.1016/j.jenvman.2021.112014",1,1,1
"10.1016/j.cageo.2015.03.004",1,1,1
"10.1016/j.anbehav.2011.07.034",1,1,1
"10.1016/j.apenergy.2023.121452",1,1,1
"10.1007/s00191-018-0558-4",1,1,1
"10.1061/(asce)0733-9488(2007)133:2(99)",1,1,1
"10.1038/s41598-022-26324-6",1,1,1
"10.1109/tie.2017.2750611",1,1,1
"10.1007/s10198-021-01419-5",1,1,1
"10.18564/jasss.4115",1,1,1
"10.1016/j.ecolmodel.2014.10.014",1,1,1
"10.1177/08944393211056501",1,1,1
"10.7896/j.1318",1,1,1
"10.1007/s40565-016-0253-0",1,1,1
"10.1016/j.pmedr.2022.101868",1,1,1
"10.1109/uksim.2010.12",1,1,1
"10.1007/s12065-022-00801-3",1,1,1
"10.1177/0037549717742203",1,1,1
"10.1016/j.ins.2016.05.051",1,1,1
"10.1155/2022/6007485",1,1,1
"10.3141/2139-09",1,1,1
"10.1109/umedia.2008.4570922",1,1,1
"10.1016/j.amc.2023.128086",1,1,1
"10.17559/tv-20181122070039",1,1,1
"10.3233/978-1-58603-893-9-187",1,1,1
"10.1155/2021/3360116",1,1,1
"10.1016/j.artmed.2017.10.002",1,1,1
"10.1002/ijc.34000",1,1,1
"10.3390/w14162565",1,1,1
"10.1007/s00040-005-0823-z",1,1,1
"10.1111/birt.12538",1,1,1
"10.1007/s11538-006-9135-3",1,1,1
"10.1080/19761597.2022.2060274",1,1,1
"10.3390/en11123286",1,1,1
"10.1097/olq.0000000000001189",1,1,1
"10.1016/j.ecolmodel.2013.02.030",1,1,1
"10.1109/icalt.2017.130",1,1,1
"10.1007/s10846-017-0715-2",1,1,1
"10.1007/s11432-021-3603-0",1,1,1
"10.1515/1558-3708.1970",1,1,1
"10.1109/tnse.2022.3216000",1,1,1
"10.1109/tac.2019.2892391",1,1,1
"10.1007/s10530-009-9548-7",1,1,1
"10.1002/ece3.6889",1,1,1
"10.1093/ietcom/e88-b.12.4462",1,1,1
"10.1061/(asce)cp.1943-5487.0000350",1,1,1
"10.1111/1755-0998.12958",1,1,1
"10.1371/journal.pone.0126374",1,1,1
"10.3390/su141912490",1,1,1
"10.1049/iet-ifs.2009.0120",1,1,1
"10.1111/j.1468-0394.1994.tb00002.x",1,1,1
"10.3390/land4020475",1,1,1
"10.1109/synasc.2015.42",1,1,1
"10.1177/1729881419881542",1,1,1
"10.1186/s12879-022-07385-4",1,1,1
"10.1016/j.scitotenv.2015.11.032",1,1,1
"10.1007/s11071-015-2299-3",1,1,1
"10.1155/2012/164527",1,1,1
"10.1016/j.ecolmodel.2008.05.008",1,1,1
"10.1109/tcyb.2019.2932203",1,1,1
"10.1111/1365-2664.13786",1,1,1
"10.1016/j.jfranklin.2016.04.002",1,1,1
"10.3390/biology9090241",1,1,1
"10.1016/j.ecolmodel.2016.02.004",1,1,1
"10.1628/001522110x549271",1,1,1
"10.1111/j.1475-4991.2009.00369.x",1,1,1
"10.1007/s10834-012-9300-9",1,1,1
"10.1371/journal.pone.0241163",1,1,1
"10.1109/tpwrs.2014.2335992",1,1,1
"10.1109/aina.2010.67",1,1,1
"10.1628/001522114x684529",1,1,1
"10.1177/08944393231159953",1,1,1
"10.1007/s10532-021-09947-w",1,1,1
"10.1007/s40815-021-01063-4",1,1,1
"10.1016/s0140-6736(12)60821-6",1,1,1
"10.3390/su15118451",1,1,1
"10.1007/s11047-010-9192-2",1,1,1
"10.1177/0037549709340659",1,1,1
"10.1002/cncr.29642",1,1,1
"10.1080/00207543.2016.1267414",1,1,1
"10.1068/b120043p",1,1,1
"10.1007/s40261-019-00812-6",1,1,1
"10.1016/j.pocean.2020.102339",1,1,1
"10.1080/00076791.2014.977876",1,1,1
"10.3390/app122412783",1,1,1
"10.1007/s11116-021-10183-7",1,1,1
"10.1016/j.jfranklin.2017.10.013",1,1,1
"10.1109/softcom.2008.4669468",1,1,1
"10.1080/00207543.2016.1189105",1,1,1
"10.1007/978-3-319-59294-7_29",1,1,1
"10.18564/jasss.4767",1,1,1
"10.1016/j.landusepol.2017.03.022",1,1,1
"10.1155/s1110865702204023",1,1,1
"10.3141/2415-05",1,1,1
"10.3141/2436-01",1,1,1
"10.1016/j.ins.2003.03.026",1,1,1
"10.1061/(asce)te.1943-5436.0000507",1,1,1
"10.1016/j.cie.2016.11.033",1,1,1
"10.3141/2245-15",1,1,1
"10.1016/j.ress.2010.12.017",1,1,1
"10.1016/j.scs.2019.101820",1,1,1
"10.1111/exsy.12313",1,1,1
"10.1109/cdc51059.2022.9992346",1,1,1
"10.1109/smc.2013.483",1,1,1
"10.1002/ece3.4279",1,1,1
"10.1017/ice.2020.1369",1,1,1
"10.1016/j.laa.2013.11.017",1,1,1
"10.1016/j.jedc.2020.103866",1,1,1
"10.1016/j.chemosphere.2014.04.062",1,1,1
"10.1016/j.ygyno.2018.02.007",1,1,1
"10.1016/j.ecolmodel.2012.11.009",1,1,1
"10.1007/s11116-020-10116-w",1,1,1
"10.1155/2014/159609",1,1,1
"10.18564/jasss.4274",1,1,1
"10.1002/rnc.4522",1,1,1
"10.15439/2015f287",1,1,1
"10.1371/journal.pone.0172258",1,1,1
"10.1016/j.enbuild.2011.07.007",1,1,1
"10.1332/175982720x15977681182347",2,0,0
"10.1016/j.ecocom.2005.05.004",1,1,1
"10.1016/j.enpol.2006.06.001",1,1,1
"10.1016/j.asoc.2017.11.040",1,1,1
"10.1109/tac.2016.2613905",1,1,1
"10.1115/detc2009-86798",2,0,0
"10.1103/physreve.75.021917",1,1,1
"10.1007/s12555-022-0682-7",2,0,0
"10.18564/jasss.4341",1,1,1
"10.1002/cam4.3395",1,1,1
"10.3390/su11154020",1,1,1
"10.1086/708616",1,1,1
"10.1371/journal.pone.0167452",1,1,1
"10.1111/2041-210x.12909",1,1,1
"10.1007/s10009-018-0498-1",1,1,1
"10.1111/j.1365-2745.2008.01379.x",1,1,1
"10.2495/ut090491",1,1,1
"10.1007/s10109-016-0229-7",1,1,1
"10.1109/tcyb.2022.3191938",1,1,1
"10.1016/j.strueco.2020.08.003",1,1,1
"10.1109/icise.2018.00035",1,1,1
"10.1016/j.isatra.2019.01.026",1,1,1
"10.1061/(asce)te.1943-5436.0000225",1,1,1
"10.1016/j.ecocom.2007.09.001",1,1,1
"10.1155/2023/6812351",1,1,1
"10.1186/s13071-020-04366-x",1,1,1
"10.1177/15485129221141717",1,1,1
"10.1134/s0005117921100155",1,1,1
"10.1007/s00440-010-0292-9",1,1,1
"10.1002/int.22800",1,1,1
"10.1109/wsc48552.2020.9384074",1,1,1
"10.1080/18756891.2013.876722",1,1,1
"10.1186/s40174-015-0040-3",1,1,1
"10.1016/j.ejor.2014.10.035",1,1,1
"10.1371/journal.pone.0256929",1,1,1
"10.1038/s41598-018-34822-9",1,1,1
"10.1016/j.automatica.2013.04.022",1,1,1
"10.1016/j.automatica.2021.109750",1,1,1
"10.1080/00028487.2015.1079553",1,1,1
"10.1109/tcns.2021.3074256",1,1,1
"10.1016/j.jtbi.2014.03.011",1,1,1
"10.18564/jasss.5087",1,1,1
"10.1016/j.trpro.2015.06.052",1,1,1
"10.3389/fevo.2022.780406",1,1,1
"10.1103/physreve.99.012404",1,1,1
"10.1504/ijisd.2008.018196",1,1,1
"10.1109/tie.2022.3163504",1,1,1
"10.1061/(asce)cp.1943-5487.0000574",1,1,1
"10.3233/mgs-2007-3203",1,1,1
"10.1007/978-3-319-31204-0_28",1,1,1
"10.1109/iat.2006.80",1,1,1
"10.1109/tcyb.2018.2868470",1,1,1
"10.1371/journal.pone.0073241",1,1,1
"10.1097/qai.0000000000002546",1,1,1
"10.1080/15325008.2019.1627609",1,1,1
"10.3390/clinpract13020046",1,1,1
"10.1109/access.2022.3191909",1,1,1
"10.1109/sitis.2014.32",1,1,1
"10.3233/aic-130560",1,1,1
"10.1016/j.jenvman.2018.10.079",1,1,1
"10.1371/journal.pntd.0003059",1,1,1
"10.4018/ijitpm.2019010102",1,1,1
"10.3390/a12040070",1,1,1
"10.1080/00045608.2010.517742",1,1,1
"10.1016/j.jbankfin.2014.01.038",1,1,1
"10.1007/s11036-019-01361-0",1,1,1
"10.1177/089443930101900305",1,1,1
"10.1371/journal.pone.0008828",1,1,1
"10.1007/s003000000215",1,1,1
"10.1109/tcyb.2021.3051366",1,1,1
"10.1186/s12544-019-0375-3",1,1,1
"10.1109/tac.2016.2560144",1,1,1
"10.1142/s021952590700115x",1,1,1
"10.20965/jaciii.2005.p0005",1,1,1
"10.1016/j.drugpo.2016.02.016",1,1,1
"10.1016/j.jobe.2022.105418",1,1,1
"10.1109/lcsys.2023.3286806",1,1,1
"10.1145/3071178.3079193",1,1,1
"10.1063/1.4885106",1,1,1
"10.1016/j.procs.2017.05.261",1,1,1
"10.1007/s10514-017-9687-0",1,1,1
"10.1016/j.ifacol.2017.08.437",1,1,1
"10.1109/cec.2009.4982986",1,1,1
"10.1109/ssiri.2009.57",1,1,1
"10.1093/cid/ciz300",1,1,1
"10.1111/j.1365-2419.2012.00634.x",1,1,1
"10.1016/j.trc.2020.102806",1,1,1
"10.1080/00288233.2017.1402788",1,1,1
"10.1109/jproc.2018.2812836",1,1,1
"10.1108/17465660610667801",1,1,1
"10.1007/978-3-319-65340-2_21",1,1,1
"10.1093/femspd/ftz006",1,1,1
"10.1109/tnnls.2020.3042943",1,1,1
"10.1016/j.engappai.2015.07.001",1,1,1
"10.7326/m15-2129",1,1,1
"10.3390/s20010150",1,1,1
"10.1007/s10846-013-0002-9",1,1,1
"10.1002/ece3.2633",1,1,1
"10.3390/math10132275",1,1,1
"10.1016/j.ins.2017.03.016",1,1,1
"10.1016/j.procs.2017.05.147",1,1,1
"10.1145/3311927.3325341",1,1,1
"10.1016/j.retrec.2023.101335",1,1,1
"10.1080/0951192x.2023.2228270",1,1,1
"10.1016/j.jstrokecerebrovasdis.2018.10.039",1,1,1
"10.1140/epjds/s13688-022-00317-x",1,1,1
"10.1016/j.agsy.2021.103125",1,1,1
"10.18564/jasss.3867",1,1,1
"10.1016/j.ecocom.2016.09.002",1,1,1
"10.1016/j.procs.2013.05.436",1,1,1
"10.1016/j.ssci.2020.105039",1,1,1
"10.1109/tvcg.2008.149",1,1,1
"10.1007/978-3-540-77465-5_9",1,1,1
"10.1016/j.tpb.2005.11.007",1,1,1
"10.1007/s11270-011-1003-6",1,1,1
"10.3141/2097-06",1,1,1
"10.1007/s10144-015-0492-3",1,1,1
"10.1007/s11211-018-0318-5",1,1,1
"10.1186/s40294-020-00074-6",1,1,1
"10.1007/s10588-014-9173-6",1,1,1
"10.1038/srep09340",1,1,1
"10.1108/fs-09-2016-0042",1,1,1
"10.1007/978-0-387-77672-9_16",1,1,1
"10.3233/idt-160271",1,1,1
"10.1177/0272989x18754513",1,1,1
"10.1016/j.anbehav.2010.07.006",1,1,1
"10.1016/j.ecolmodel.2010.03.014",1,1,1
"10.1002/cnr2.1468",1,1,1
"10.1016/j.amc.2013.05.042",1,1,1
"10.3390/su14137935",1,1,1
"10.1080/00207721.2022.2146988",1,1,1
"10.1109/tpel.2014.2303192",1,1,1
"10.3390/aerospace8100306",1,1,1
"10.1109/tcns.2021.3089142",1,1,1
"10.1186/s12859-020-03776-z",1,1,1
"10.1016/j.jbiomech.2018.03.019",1,1,1
"10.1007/s11424-018-7167-z",1,1,1
"10.1016/s0169-2046(01)00162-1",1,1,1
"10.1007/s00371-015-1110-2",1,1,1
"10.1016/j.envsoft.2017.06.040",1,1,1
"10.1016/j.aei.2005.01.001",1,1,1
"10.1155/2021/7236900",1,1,1
"10.1109/tac.2012.2208314",1,1,1
"10.1890/13-0906.1",1,1,1
"10.1007/978-3-319-01571-2_7",1,1,1
"10.1109/access.2022.3180032",1,1,1
"10.18564/jasss.4211",1,1,1
"10.1145/2567948.2578847",1,1,1
"10.1016/j.respol.2020.103990",1,1,1
"10.1007/s10666-017-9581-3",1,1,1
"10.1016/j.agsy.2021.103336",1,1,1
"10.1007/s10614-008-9149-z",1,1,1
"10.1177/0037549705052771",1,1,1
"10.3390/ijerph19031320",1,1,1
"10.3390/buildings13020537",1,1,1
"10.1093/icesjms/fsac108",1,1,1
"10.1007/s10489-020-02068-6",1,1,1
"10.1109/tac.2019.2923082",1,1,1
"10.1109/access.2020.3012573",1,1,1
"10.3233/web-220004",1,1,1
"10.3354/meps149091",1,1,1
"10.1504/ijes.2018.089436",1,1,1
"10.1016/j.cub.2015.08.052",1,1,1
"10.18564/jasss.3611",1,1,1
"10.1177/0951629813493213",1,1,1
"10.1002/int.20471",1,1,1
"10.1186/1472-6785-13-35",1,1,1
"10.4028/www.scientific.net/amr.338.665",1,1,1
"10.1109/tac.2021.3108672",1,1,1
"10.1007/s00521-020-05315-6",1,1,1
"10.1371/journal.pone.0190538",1,1,1
"10.1016/j.ecolmodel.2012.02.021",1,1,1
"10.1109/tcyb.2022.3182036",1,1,1
"10.1109/grc.2009.5255137",1,1,1
"10.32604/iasc.2022.019060",1,1,1
"10.18564/jasss.3648",1,1,1
"10.1098/rsbl.2016.0704",1,1,1
"10.3390/su132212500",1,1,1
"10.1016/s0933-3657(03)00006-x",1,1,1
"10.1016/j.amc.2023.128085",1,1,1
"10.1177/0037549712462621",1,1,1
"10.1504/ijtm.2014.064591",1,1,1
"10.2478/fcds-2014-0004",1,1,1
"10.12759/hsr.43.2018.1.234-258",1,1,1
"10.1016/j.simpat.2010.04.003",1,1,1
"10.3389/fmicb.2015.00534",1,1,1
"10.1136/bmjopen-2014-004787",1,1,1
"10.3390/a14030098",1,1,1
"10.1109/tsmc.2023.3276364",2,0,0
"10.1016/j.tust.2022.104749",1,1,1
"10.1186/s12889-023-15994-0",1,1,1
"10.1007/978-3-030-97457-2_14",1,1,1
"10.3389/fphys.2021.718276",1,1,1
"10.1109/access.2019.2930640",1,1,1
"10.1080/00051144.2020.1734716",1,1,1
"10.1631/fitee.2000615",1,1,1
"10.1111/ssqu.12033",1,1,1
"10.1109/tcyb.2017.2691714",1,1,1
"10.1177/0272989x17706081",1,1,1
"10.1016/j.resconrec.2021.105400",1,1,1
"10.1370/afm.2015",1,1,1
"10.3934/nhm.2020029",1,1,1
"10.1371/journal.pone.0182490",1,1,1
"10.1016/j.vhri.2019.03.006",1,1,1
"10.3390/math10020236",1,1,1
"10.1016/j.compind.2014.05.002",1,1,1
"10.1109/tnse.2022.3140592",1,1,1
"10.1111/j.1469-185x.2012.00236.x",1,1,1
"10.1177/0037549708097146",1,1,1
"10.1109/tnnls.2022.3203011",1,1,1
"10.1016/j.physa.2009.11.031",1,1,1
"10.1007/s11111-016-0254-y",1,1,1
"10.1016/j.automatica.2013.03.015",1,1,1
"10.1016/j.ins.2022.10.080",1,1,1
"10.1007/s40258-023-00813-9",1,1,1
"10.1007/s00779-018-1181-y",1,1,1
"10.1111/jbi.12665",1,1,1
"10.1016/j.ecolmodel.2007.06.004",1,1,1
"10.1142/s0218202510004647",1,1,1
"10.1109/access.2019.2956880",1,1,1
"10.1109/access.2023.3244138",1,1,1
"10.1287/trsc.2021.1067",1,1,1
"10.1080/00207543.2023.2233641",1,1,1
"10.1155/2021/8871288",1,1,1
"10.3390/machines5020012",1,1,1
"10.1016/j.aei.2005.05.010",1,1,1
"10.1587/transinf.2016agp0003",1,1,1
"10.3141/2389-01",1,1,1
"10.3389/fmars.2022.863244",1,1,1
"10.1098/rsbl.2021.0440",1,1,1
"10.1007/s10640-022-00685-y",1,1,1
"10.1080/00045608.2012.685047",1,1,1
"10.1016/j.eswa.2016.03.016",1,1,1
"10.1007/s10489-007-0050-6",1,1,1
"10.5751/es-05578-190107",1,1,1
"10.1007/978-3-030-00533-7_35",1,1,1
"10.1016/j.compenvurbsys.2017.03.008",1,1,1
"10.1109/smc42975.2020.9283166",1,1,1
"10.1023/a:1012411712038",1,1,1
"10.1007/s10846-006-9047-3",1,1,1
"10.3141/2239-04",1,1,1
"10.1007/s10846-012-9783-5",1,1,1
"10.1016/j.anbehav.2011.09.017",1,1,1
"10.1109/tac.2014.2335971",1,1,1
"10.1093/cesifo/ifs004",1,1,1
"10.1370/afm.2247",1,1,1
"10.18564/jasss.4934",1,1,1
"10.1038/s41598-021-88498-9",1,1,1
"10.1016/j.mbs.2017.10.010",1,1,1
"10.1371/journal.pone.0101636",1,1,1
"10.1098/rsif.2020.0655",1,1,1
"10.1186/s12916-021-01965-y",1,1,1
"10.1016/j.ecolmodel.2020.109008",1,1,1
"10.1002/1438-390x.12136",1,1,1
"10.2514/1.46304",1,1,1
"10.1167/13.10.10",1,1,1
"10.1016/j.infsof.2011.12.002",1,1,1
"10.1016/j.enconman.2020.113192",1,1,1
"10.1007/s10916-015-0373-5",1,1,1
"10.1109/access.2019.2909637",1,1,1
"10.1111/jvec.12161",1,1,1
"10.1016/j.envsoft.2011.12.002",1,1,1
"10.1007/s10144-010-0212-y",1,1,1
"10.1111/j.1475-5890.2015.12058",1,1,1
"10.3328/tl.2012.04.03.129-141",1,1,1
"10.1007/bf03037253",1,1,1
"10.1002/sres.2802",1,1,1
"10.1007/s11294-006-9005-7",1,1,1
"10.1177/03611981211068460",1,1,1
"10.1109/fskd.2007.519",1,1,1
"10.1016/j.jbiomech.2005.08.023",1,1,1
"10.1016/j.simpat.2015.05.005",1,1,1
"10.1080/00207179.2014.992963",1,1,1
"10.1007/s11071-017-3526-x",1,1,1
"10.3390/math10081338",1,1,1
"10.1080/13658816.2011.556121",1,1,1
"10.1007/s11071-019-04826-9",1,1,1
"10.1016/j.ijmecsci.2022.107236",1,1,1
"10.1016/j.procs.2015.07.386",1,1,1
"10.1016/j.trb.2013.09.012",1,1,1
"10.1109/lcn.2009.5355209",1,1,1
"10.3390/nu11020400",1,1,1
"10.1177/0272989x13487947",1,1,1
"10.1007/s12038-012-9231-5",1,1,1
"10.1016/j.jfranklin.2015.02.011",1,1,1
"10.1016/j.automatica.2017.08.010",1,1,1
"10.1109/lra.2022.3216234",1,1,1
"10.1016/s0165-1889(00)00028-2",1,1,1
"10.1109/tcns.2020.2972595",1,1,1
"10.1080/00207540600621094",1,1,1
"10.1016/j.mechrescom.2018.08.002",1,1,1
"10.1016/j.ecolmodel.2004.12.001",1,1,1
"10.1142/s0219525912500877",1,1,1
"10.1128/jvi.01146-20",1,1,1
"10.5547/01956574.41.3.tdou",1,1,1
"10.1109/icmtma.2009.559",1,1,1
"10.1016/j.jtbi.2009.09.002",1,1,1
"10.1007/s11403-013-0115-z",1,1,1
"10.1111/oik.06789",1,1,1
"10.1016/j.energy.2019.04.180",1,1,1
"10.1080/00207721.2021.1995527",1,1,1
"10.1007/s40866-015-0002-x",1,1,1
"10.1016/j.ecolmodel.2005.02.014",1,1,1
"10.1016/j.ecocom.2020.100876",1,1,1
"10.4028/www.scientific.net/kem.467-469.1231",1,1,1
"10.1002/etc.3720",1,1,1
"10.1016/j.procs.2014.05.484",1,1,1
"10.1007/s00500-023-08602-1",2,0,0
"10.1186/s12936-017-2075-6",1,1,1
"10.1002/sdr.1508",1,1,1
"10.3934/mbe.2011.8.463",1,1,1
"10.1080/00207543.2019.1629673",1,1,1
"10.1177/0894439313511943",1,1,1
"10.14429/dsj.62.964",1,1,1
"10.1007/s40815-023-01512-2",2,0,0
"10.1016/j.eneco.2016.10.021",1,1,1
"10.1016/j.chemosphere.2022.135372",1,1,1
"10.1002/eej.23037",1,1,1
"10.3141/2610-09",1,1,1
"10.3390/e24050580",1,1,1
"10.3389/frobt.2022.791921",1,1,1
"10.1093/aje/kwy289",1,1,1
"10.1016/j.pmcj.2009.06.003",1,1,1
"10.1155/2014/581323",1,1,1
"10.1109/tpwrs.2006.889140",1,1,1
"10.1080/00207721.2020.1799257",1,1,1
"10.1177/0361198120925077",1,1,1
"10.18564/jasss.1750",1,1,1
"10.1007/s00170-020-06190-0",1,1,1
"10.1287/trsc.2013.0504",1,1,1
"10.1177/1729881420916960",1,1,1
"10.1007/s10462-011-9244-8",1,1,1
"10.1177/1059712316664120",1,1,1
"10.1016/j.ifacol.2022.09.174",1,1,1
"10.1016/j.ifacol.2017.08.1196",1,1,1
"10.1016/j.jtbi.2018.06.008",1,1,1
"10.18564/jasss.4637",1,1,1
"10.1016/s0096-3003(03)00544-7",1,1,1
"10.1016/j.scs.2018.05.018",1,1,1
"10.1016/s0304-3800(00)00298-2",1,1,1
"10.1007/s10620-015-3796-4",1,1,1
"10.1016/j.aei.2022.101531",1,1,1
"10.1080/00140139.2013.788216",1,1,1
"10.3141/2316-12",1,1,1
"10.1086/671185",1,1,1
"10.1371/journal.pone.0008479",1,1,1
"10.1371/journal.pone.0111310",1,1,1
"10.1007/978-3-030-01057-7_85",1,1,1
"10.1007/s11538-016-0156-2",1,1,1
"10.1109/tsmca.2007.906574",1,1,1
"10.18564/jasss.1573",1,1,1
"10.3233/jifs-182926",1,1,1
"10.1016/j.lungcan.2021.04.005",1,1,1
"10.18564/jasss.2360",1,1,1
"10.1016/j.ifacol.2022.09.405",1,1,1
"10.1016/j.jclepro.2020.122620",1,1,1
"10.1142/s0218213012020022",1,1,1
"10.1007/s11235-010-9411-2",1,1,1
"10.1016/j.physbeh.2018.03.030",1,1,1
"10.1039/c4fo00483c",1,1,1
"10.1142/s1793962312400028",1,1,1
"10.1111/ddi.13409",1,1,1
"10.1109/25.892539",1,1,1
"10.1109/access.2019.2927992",1,1,1
"10.1186/1752-0509-4-24",1,1,1
"10.3390/su151310146",1,1,1
"10.1016/j.procs.2014.05.485",1,1,1
"10.1007/978-3-319-59060-8_24",1,1,1
"10.1016/j.agsy.2012.09.004",1,1,1
"10.1080/00036846.2018.1529404",1,1,1
"10.1016/j.ic.2022.104909",1,1,1
"10.1111/risa.12939",1,1,1
"10.3934/cam.2023001",1,1,1
"10.1049/iet-cta.2016.0955",1,1,1
"10.3390/app13063499",1,1,1
"10.1109/iros.2006.281752",1,1,1
"10.1109/smc.2013.759",1,1,1
"10.1007/s42001-020-00072-x",1,1,1
"10.1093/jxb/ery323",1,1,1
"10.1007/s11424-015-3061-0",1,1,1
"10.1016/j.envsoft.2018.03.022",1,1,1
"10.1049/cje.2016.10.015",1,1,1
"10.1016/j.procir.2019.03.030",1,1,1
"10.1016/j.eswa.2012.10.045",1,1,1
"10.1109/tsg.2014.2327478",1,1,1
"10.1016/j.compenvurbsys.2016.06.005",1,1,1
"10.1177/0037549705053171",1,1,1
"10.1162/evco.2007.15.3.345",1,1,1
"10.1016/j.automatica.2023.110915",1,1,1
"10.1007/s11403-016-0178-8",1,1,1
"10.1007/s10816-021-09510-0",1,1,1
"10.1177/0037549720975128",1,1,1
"10.1371/journal.pcbi.1000294",1,1,1
"10.1007/s41060-023-00435-3",1,1,1
"10.1109/tpwrs.2005.857262",1,1,1
"10.1016/j.ecolmodel.2015.10.005",1,1,1
"10.1109/tcyb.2019.2963172",1,1,1
"10.1371/journal.pone.0284611",1,1,1
"10.1109/tetci.2016.2635130",1,1,1
"10.1061/(asce)te.1943-5436.0000176",1,1,1
"10.1111/jfr3.12804",1,1,1
"10.1109/titb.2010.2053849",1,1,1
"10.1016/j.jom.2018.05.003",1,1,1
"10.1002/cav.1902",1,1,1
"10.1371/journal.pmed.1001827",1,1,1
"10.1007/s10961-018-9697-x",1,1,1
"10.1109/socpar.2009.106",1,1,1
"10.1186/s13071-019-3443-6",1,1,1
"10.1007/3-540-32370-8_7",1,1,1
"10.1016/j.procs.2014.05.495",1,1,1
"10.1086/659623",1,1,1
"10.1109/access.2016.2592381",1,1,1
"10.1016/j.envsoft.2018.05.003",1,1,1
"10.1016/j.eist.2020.05.001",1,1,1
"10.1016/j.healthpol.2022.03.013",1,1,1
"10.1061/(asce)up.1943-5444.0000139",1,1,1
"10.1142/s0218339019500219",1,1,1
"10.1007/3-540-44561-7",18,0,0
"10.1017/epi.2013.37",1,1,1
"10.3934/nhm.2019004",1,1,1
"10.1016/j.ijcard.2016.05.035",1,1,1
"10.1007/s10764-011-9497-8",1,1,1
"10.1016/j.vaccine.2018.09.040",1,1,1
"10.1142/s1363919619500683",1,1,1
"10.1016/j.envsoft.2015.03.019",1,1,1
"10.1080/00207179.2021.1987525",1,1,1
"10.1109/synasc.2007.40",1,1,1
"10.1145/3290420.3290430",1,1,1
"10.1007/978-3-319-70169-1_30",1,1,1
"10.1016/j.simpat.2018.01.001",1,1,1
"10.18564/jasss.2098",1,1,1
"10.1016/j.ins.2022.03.090",1,1,1
"10.1016/j.erss.2020.101782",1,1,1
"10.1016/j.socnet.2017.09.004",1,1,1
"10.1007/s41745-021-00252-2",1,1,1
"10.7494/csci.2021.22.3.4259",1,1,1
"10.1109/jsyst.2021.3065839",1,1,1
"10.1007/s10586-018-2291-z",1,1,1
"10.1007/978-3-319-19033-4_13",1,1,1
"10.1109/tpwrs.2016.2635683",1,1,1
"10.1109/ojcoms.2022.3213213",1,1,1
"10.1002/jid.3416",1,1,1
"10.1080/00207179.2019.1623421",1,1,1
"10.1109/tac.2016.2627179",1,1,1
"10.1016/j.simpat.2019.03.002",1,1,1
"10.1007/978-3-319-64798-2_4",1,1,1
"10.1016/j.eswa.2008.12.057",1,1,1
"10.1016/j.eswa.2004.12.029",1,1,1
"10.1109/tnnls.2014.2386858",1,1,1
"10.1109/lra.2021.3062347",1,1,1
"10.1016/j.socnet.2012.05.003",1,1,1
"10.1002/atr.1315",1,1,1
"10.3390/app12199544",1,1,1
"10.1139/cjfas-2014-0568",1,1,1
"10.1109/melcon.2010.5475940",1,1,1
"10.1016/j.esr.2019.100404",1,1,1
"10.1080/02755947.2013.765527",1,1,1
"10.1177/0894439310370113",1,1,1
"10.1109/access.2017.2723462",1,1,1
"10.1109/tsmc.2013.2265083",1,1,1
"10.1007/s10994-005-0461-8",1,1,1
"10.1155/2013/762861",1,1,1
"10.1016/j.ecolmodel.2023.110422",1,1,1
"10.1016/j.ecolmodel.2009.04.021",1,1,1
"10.3141/2568-14",1,1,1
"10.2478/ttj-2014-0024",1,1,1
"10.1115/1.4026659",1,1,1
"10.3390/drones6100300",1,1,1
"10.3141/2613-07",1,1,1
"10.1016/j.jtbi.2009.09.007",1,1,1
"10.1016/j.jtbi.2018.03.026",1,1,1
"10.1111/j.1523-1739.2005.00227.x",1,1,1
"10.1098/rsif.2018.0733",1,1,1
"10.1016/j.neucom.2013.03.066",1,1,1
"10.3390/w13202904",1,1,1
"10.1287/inte.28.3.84",1,1,1
"10.1007/s10846-019-01123-w",1,1,1
"10.18564/jasss.4037",1,1,1
"10.1007/s13278-013-0115-y",1,1,1
"10.1016/j.simpat.2019.101983",1,1,1
"10.5694/mja2.51997",1,1,1
"10.1109/access.2019.2944394",1,1,1
"10.2105/ajph.2017.304243",1,1,1
"10.1108/jaar-10-2020-0221",1,1,1
"10.1016/j.jenvp.2016.06.002",1,1,1
"10.1002/acs.3587",1,1,1
"10.1016/j.simpat.2019.03.008",1,1,1
"10.1111/roiw.12423",1,1,1
"10.1177/1077546320937222",1,1,1
"10.4018/jitwe.2007100103",1,1,1
"10.1007/s10640-016-0052-0",1,1,1
"10.1016/j.jclepro.2023.136753",1,1,1
"10.1038/ismej.2015.212",1,1,1
"10.3808/jei.201600354",1,1,1
"10.3390/su13052483",1,1,1
"10.3141/2083-12",1,1,1
"10.1016/j.ecolmodel.2006.12.006",1,1,1
"10.1016/j.procs.2016.09.085",1,1,1
"10.1080/19463138.2022.2157005",1,1,1
"10.1115/1.4039494",2,0,0
"10.1007/s11136-018-1800-0",1,1,1
"10.1142/s0219525917500035",1,1,1
"10.1139/cjce-2011-0344",1,1,1
"10.1016/j.fishres.2020.105713",1,1,1
"10.1093/icesjms/fsv046",1,1,1
"10.1002/hec.3978",1,1,1
"10.1371/journal.pmed.1002981",1,1,1
"10.1007/s10745-017-9927-0",1,1,1
"10.1111/1365-2656.13353",1,1,1
"10.1109/tim.2020.3031126",1,1,1
"10.1038/srep11838",1,1,1
"10.20965/jaciii.2018.p0640",1,1,1
"10.1006/cbmr.1998.1498",1,1,1
"10.1109/tits.2014.2374167",1,1,1
"10.1016/j.ecocom.2022.101025",1,1,1
"10.1016/j.cpc.2018.03.015",1,1,1
"10.1145/3502199",1,1,1
"10.1016/j.jocs.2023.102040",1,1,1
"10.1109/tsmc.2017.2734799",1,1,1
"10.3390/s21237896",1,1,1
"10.1109/tvt.2021.3103674",1,1,1
"10.1007/s10588-013-9157-y",1,1,1
"10.1016/j.jval.2020.03.006",1,1,1
"10.1161/circulationaha.121.056502",1,1,1
"10.1016/j.ecolecon.2014.09.021",1,1,1
"10.17269/s41997-018-0050-9",1,1,1
"10.1177/00375497211022820",1,1,1
"10.1007/s11023-020-09537-4",1,1,1
"10.1109/ssrr.2008.4745886",1,1,1
"10.3390/en13164077",1,1,1
"10.1139/f10-148",1,1,1
"10.1115/1.4056481",1,1,1
"10.1016/j.tpb.2021.09.001",1,1,1
"10.1109/cig.2008.5035650",1,1,1
"10.1109/jsen.2011.2142303",1,1,1
"10.1016/j.trc.2018.03.002",1,1,1
"10.1155/2021/6677010",1,1,1
"10.1371/journal.pone.0118359",1,1,1
"10.1371/journal.pone.0218793",1,1,1
"10.1134/s1054661819030143",1,1,1
"10.1108/k-12-2021-1367",1,1,1
"10.1371/journal.pone.0284891",1,1,1
"10.1177/09691413231153568",1,1,1
"10.3389/fpubh.2022.955120",1,1,1
"10.1016/j.eswa.2013.06.012",1,1,1
"10.1016/j.jfranklin.2019.05.014",1,1,1
"10.3390/computers4010002",1,1,1
"10.1016/j.ecoinf.2007.09.001",1,1,1
"10.2307/2055368",0,2,0
"10.1126/science.1163952",1,1,1
"10.1016/j.envsoft.2011.10.014",1,1,1
"10.1057/jos.2015.12",1,1,1
"10.18564/jasss.2356",1,1,1
"10.1007/s10846-008-9247-0",1,1,1
"10.1016/j.ecosys.2012.12.003",1,1,1
"10.1007/s11518-016-5303-7",1,1,1
"10.1017/s071498081400004x",1,1,1
"10.1111/rsp3.12009",1,1,1
"10.1108/idd-12-2020-0154",1,1,1
"10.1016/j.ast.2021.107072",1,1,1
"10.1016/j.ress.2011.07.005",1,1,1
"10.1016/j.ijpe.2018.12.023",1,1,1
"10.1177/15485129221116897",1,1,1
"10.1109/access.2019.2907012",1,1,1
"10.1016/j.jedc.2014.08.011",1,1,1
"10.1007/s11787-022-00319-3",1,1,1
"10.1097/fpc.0000000000000410",1,1,1
"10.5198/jtlu.2021.1863",1,1,1
"10.3390/app9194131",1,1,1
"10.3389/ffgc.2022.753100",1,1,1
"10.3390/en13205437",1,1,1
"10.1109/iri.2017.34",1,1,1
"10.1016/j.infsof.2005.03.004",1,1,1
"10.1016/j.eswa.2010.12.152",1,1,1
"10.1080/00207179.2014.889856",1,1,1
"10.1371/journal.pone.0157796",1,1,1
"10.3390/w13202863",1,1,1
"10.1504/ijmic.2008.018182",1,1,1
"10.1017/s0269888912000021",1,1,1
"10.1080/00207543.2010.518996",1,1,1
"10.1007/s12080-020-00467-6",1,1,1
"10.4054/demres.2019.41.12",1,1,1
"10.1177/0361198119844743",1,1,1
"10.1371/journal.pone.0245652",1,1,1
"10.1080/00207540512331311868",1,1,1
"10.1111/1477-9552.12543",1,1,1
"10.1086/670008",1,1,1
"10.1007/s11098-023-01985-9",1,1,1
"10.1007/s40565-014-0047-1",1,1,1
"10.1016/j.aei.2006.01.006",1,1,1
"10.3390/e24121719",1,1,1
"10.1016/j.artint.2022.103727",1,1,1
"10.1049/iet-rpg.2019.0664",1,1,1
"10.1016/j.compbiomed.2005.04.010",1,1,1
"10.1016/j.ifacol.2021.11.090",1,1,1
"10.3141/2047-10",1,1,1
"10.1371/journal.pone.0206166",1,1,1
"10.1016/j.compeleceng.2022.108195",1,1,1
"10.1007/s42081-022-00163-1",1,1,1
"10.1109/mits.2023.3265596",1,1,1
"10.1007/s00265-009-0771-0",1,1,1
"10.1073/pnas.192174199",1,1,1
"10.1016/j.jocs.2019.06.009",1,1,1
"10.1080/1747423x.2015.1030463",1,1,1
"10.1049/iet-cta.2014.0469",1,1,1
"10.1007/s10115-017-1087-4",1,1,1
"10.1109/tcyb.2022.3141734",1,1,1
"10.1177/03611981231179471",1,1,1
"10.1007/s00146-013-0527-2",1,1,1
"10.1016/j.tranpol.2022.01.001",1,1,1
"10.1007/s11538-019-00597-x",1,1,1
"10.18564/jasss.4861",1,1,1
"10.2105/ajph.2019.305364",1,1,1
"10.1186/1472-6947-13-12",1,1,1
"10.1080/14693062.2022.2104793",1,1,1
"10.5004/dwt.2021.26872",1,1,1
"10.1080/00128775.2023.2221231",1,1,1
"10.11646/zootaxa.4729.1.8",1,1,1
"10.17310/ntj.2019.4.03",1,1,1
"10.1016/j.ijpe.2013.06.012",1,1,1
"10.1429/26966",1,1,1
"10.1017/s1474747212000091",1,1,1
"10.1007/s00191-019-00611-4",1,1,1
"10.1016/j.trf.2020.09.017",1,1,1
"10.3390/app9081702",1,1,1
"10.1057/s41270-022-00170-x",1,1,1
"10.2217/fon-2021-0739",1,1,1
"10.1080/14697688.2016.1183812",1,1,1
"10.1007/s11403-013-0110-4",1,1,1
"10.4018/ijaeis.2016100104",1,1,1
"10.1109/tfuzz.2021.3089740",1,1,1
"10.1007/978-1-4614-4945-4_16",2,0,0
"10.1186/s12859-019-3181-y",1,1,1
"10.1049/iet-cta.2020.0353",1,1,1
"10.1109/tcns.2017.2653418",1,1,1
"10.1016/j.isatra.2023.02.006",1,1,1
"10.1371/journal.pntd.0007557",1,1,1
"10.1007/s10144-005-0246-8",1,1,1
"10.3934/naco.2017022",1,1,1
"10.1002/ecj.11808",1,1,1
"10.3390/su12030925",1,1,1
"10.1007/s10845-015-1171-0",1,1,1
"10.1016/j.progress.2015.04.001",1,1,1
"10.1016/j.jtbi.2019.05.002",1,1,1
"10.1007/978-981-16-6932-3_3",1,1,1
"10.1016/j.eswa.2008.07.036",1,1,1
"10.3310/hta13suppl2/04",1,1,1
"10.1371/journal.pone.0002763",1,1,1
"10.1007/s00198-012-1936-7",1,1,1
"10.1142/s1793962318500356",1,1,1
"10.3390/en14164781",1,1,1
"10.1016/j.csbj.2021.07.005",1,1,1
"10.1002/sres.2321",1,1,1
"10.1093/geront/gnx077",1,1,1
"10.1016/j.ejcon.2023.100803",1,1,1
"10.1007/978-3-319-19033-4_10",1,1,1
"10.3390/math9020190",1,1,1
"10.1007/s00191-022-00775-6",1,1,1
"10.1016/j.neucom.2022.10.032",1,1,1
"10.1007/s11042-018-7141-8",1,1,1
"10.1016/j.eneco.2017.12.032",1,1,1
"10.1016/j.infsof.2011.12.004",1,1,1
"10.1016/j.jedc.2020.103937",1,1,1
"10.3390/su15129345",1,1,1
"10.1109/irce.2019.00022",1,1,1
"10.2307/3546752",1,1,1
"10.1007/978-0-8176-4558-8_14",1,1,1
"10.1016/j.aap.2018.12.019",1,1,1
"10.1007/s11390-009-9267-7",1,1,1
"10.3390/su15043412",1,1,1
"10.3390/en16155607",1,1,1
"10.1080/00207543.2016.1151567",1,1,1
"10.1016/j.trc.2016.08.003",1,1,1
"10.1016/j.jclepro.2020.123150",1,1,1
"10.17533/udea.redin.n81a03",1,1,1
"10.1002/sres.2238",1,1,1
"10.1016/j.foar.2015.12.002",1,1,1
"10.1016/j.jedc.2017.02.004",1,1,1
"10.1016/s0378-4754(97)00048-7",1,1,1
"10.1016/j.eswa.2007.09.025",1,1,1
"10.1016/s0303-2647(01)00110-1",1,1,1
"10.1002/rnc.4954",1,1,1
"10.1016/j.autcon.2021.103919",1,1,1
"10.3141/2021-02",1,1,1
"10.1016/j.ergon.2009.04.002",1,1,1
"10.1177/03611981221095520",1,1,1
"10.1109/tie.2020.2996158",1,1,1
"10.1109/taai.2013.77",1,1,1
"10.1016/j.physa.2013.06.011",1,1,1
"10.1002/ecj.11422",1,1,1
"10.1016/j.biosystems.2004.05.025",1,1,1
"10.1007/s10588-017-9244-6",1,1,1
"10.1016/j.est.2020.101673",1,1,1
"10.1111/ecog.04444",1,1,1
"10.1016/j.future.2008.01.004",1,1,1
"10.1016/j.idm.2018.02.001",1,1,1
"10.3389/fdgth.2023.1174845",1,1,1
"10.3233/idt-130166",1,1,1
"10.1155/2020/1845090",1,1,1
"10.1109/iv.2014.59",1,1,1
"10.1016/j.rineng.2023.101151",1,1,1
"10.1109/wi-iatw.2006.43",1,1,1
"10.1016/j.eswa.2015.07.070",1,1,1
"10.1109/lcsys.2021.3070850",1,1,1
"10.1007/s10878-013-9677-x",1,1,1
"10.3390/su15054407",1,1,1
"10.1016/j.epsr.2009.10.028",1,1,1
"10.1002/rnc.6752",1,1,1
"10.1186/1476-072x-13-45",1,1,1
"10.1016/j.ejor.2016.03.030",1,1,1
"10.1002/rnc.4525",1,1,1
"10.7148/2013-0068",1,1,1
"10.1016/j.cie.2008.09.039",1,1,1
"10.3390/su13042283",1,1,1
"10.1109/tnsm.2021.3059752",1,1,1
"10.1016/j.simpat.2016.07.001",1,1,1
"10.1109/aero47225.2020.9172459",1,1,1
"10.1098/rsif.2016.0830",1,1,1
"10.2214/ajr.16.16642",1,1,1
"10.1063/1.5141755",1,1,1
"10.1016/j.jtbi.2014.02.035",1,1,1
"10.1016/j.ecolmodel.2017.04.007",1,1,1
"10.1093/aob/mcx154",1,1,1
"10.3390/en12081521",1,1,1
"10.1109/tits.2021.3109142",1,1,1
"10.1371/journal.pcbi.1002791",1,1,1
"10.1371/journal.pone.0265253",1,1,1
"10.1080/08927014.2018.1440392",1,1,1
"10.1016/j.ifacol.2022.11.345",1,1,1
"10.1109/robot.2010.5509490",1,1,1
"10.1061/(asce)ey.1943-7897.0000519",1,1,1
"10.1186/1475-2875-13-424",1,1,1
"10.1109/tnn.2006.875990",1,1,1
"10.1177/0037549716656060",1,1,1
"10.1016/j.engappai.2023.106358",1,1,1
"10.3390/sym9100239",1,1,1
"10.5829/ije.2019.32.05b.06",1,1,1
"10.1002/rnc.5618",1,1,1
"10.1002/cplx.21481",1,1,1
"10.1016/j.egyr.2022.11.117",1,1,1
"10.1016/j.jtbi.2004.11.035",1,1,1
"10.1016/j.scitotenv.2019.134105",1,1,1
"10.3991/ijoe.v13i06.7184",1,1,1
"10.3390/en12234576",1,1,1
"10.1016/j.simpat.2011.12.011",1,1,1
"10.1126/science.aat1953",1,1,1
"10.1016/j.agwat.2021.107088",1,1,1
"10.1109/oajpe.2023.3258254",1,1,1
"10.1109/jiot.2019.2950048",1,1,1
"10.1577/1548-8659(1993)122<0927:mgasia>2.3.co;2",1,1,1
"10.1109/tii.2015.2470528",1,1,1
"10.1016/j.ijpe.2004.05.015",1,1,1
"10.1111/j.1467-8500.2007.00554.x",1,1,1
"10.1038/bjc.2011.300",1,1,1
"10.1177/1091142106293443",1,1,1
"10.1016/j.simpat.2008.07.004",1,1,1
"10.54694/dem.0287",1,1,1
"10.3354/meps178039",1,1,1
"10.31217/p.37.1.9",1,1,1
"10.1061/(asce)wr.1943-5452.0001015",1,1,1
"10.7225/toms.v08.n01.002",1,1,1
"10.1155/2023/6684252",1,1,1
"10.1061/(asce)wr.1943-5452.0001074",1,1,1
"10.1007/978-3-030-11051-2_72",1,1,1
"10.1007/s11721-022-00215-y",1,1,1
"10.1016/j.rtbm.2022.100875",1,1,1
"10.1016/j.compbiomed.2019.02.020",1,1,1
"10.1111/jeb.12912",1,1,1
"10.1016/j.pocean.2009.07.044",1,1,1
"10.1007/s10588-016-9226-0",1,1,1
"10.1177/03611981221089316",1,1,1
"10.1016/j.dss.2019.113227",1,1,1
"10.1002/rnc.6230",1,1,1
"10.1016/j.jfranklin.2022.06.040",1,1,1
"10.3390/app11156864",1,1,1
"10.2316/journal.203.2018.1.203-0021",1,1,1
"10.1016/j.jnca.2004.10.004",1,1,1
"10.1016/s0252-9602(15)30055-2",1,1,1
"10.3390/app13042169",1,1,1
"10.1016/j.jtbi.2014.07.016",1,1,1
"10.1016/j.asoc.2005.02.003",1,1,1
"10.1016/j.apenergy.2016.08.189",1,1,1
"10.1016/j.techfore.2009.11.009",1,1,1
"10.1016/j.ecolmodel.2007.01.026",1,1,1
"10.1016/j.simpat.2017.11.002",1,1,1
"10.1139/f02-149",1,1,1
"10.1109/uksim.2013.97",1,1,1
"10.1093/ije/dyy260",1,1,1
"10.1016/j.semarthrit.2020.02.004",1,1,1
"10.1109/tsg.2016.2646779",1,1,1
"10.1007/s10980-021-01324-5",1,1,1
"10.4018/ijhisi.289462",1,1,1
"10.1086/657992",1,1,1
"10.1155/2013/283196",1,1,1
"10.1016/j.ijpe.2009.06.034",1,1,1
"10.3934/naco.2018029",1,1,1
"10.1109/tpwrs.2015.2507199",1,1,1
"10.3390/su12052056",1,1,1
"10.1109/coginf.2007.4341905",1,1,1
"10.1002/rnc.6591",1,1,1
"10.1177/14780771221082257",1,1,1
"10.18564/jasss.1771",1,1,1
"10.3233/jad-215368",1,1,1
"10.1001/jamaoncol.2015.3336",1,1,1
"10.1109/mfi52462.2021.9591163",1,1,1
"10.2514/1.i010961",0,2,0
"10.1109/icsmc.2009.5346294",1,1,1
"10.1109/ieem.2017.8290111",2,0,0
"10.1371/journal.pone.0166103",1,1,1
"10.1002/mma.7806",1,1,1
"10.1038/s41598-022-06771-x",1,1,1
"10.3390/app7070713",1,1,1
"10.1016/j.autcon.2018.10.015",1,1,1
"10.1890/13-0147.1",1,1,1
"10.1080/17477778.2018.1442155",1,1,1
"10.21314/jois.2021.012",1,1,1
"10.1016/j.isatra.2022.09.023",1,1,1
"10.1109/tvt.2022.3211733",1,1,1
"10.1007/s11116-015-9616-z",1,1,1
"10.1016/j.rser.2012.12.048",1,1,1
"10.1109/uksim.2014.44",1,1,1
"10.1016/s0304-3800(02)00348-4",1,1,1
"10.1016/j.ins.2019.01.057",1,1,1
"10.1002/rnc.3670",1,1,1
"10.3390/en8010031",1,1,1
"10.1080/18756891.2016.1256571",1,1,1
"10.1080/00207721.2011.555012",1,1,1
"10.1007/s11403-022-00355-8",2,0,0
"10.1109/tsp.2013.2295055",1,1,1
"10.3141/2076-04",1,1,1
"10.1080/00324728.2017.1371477",1,1,1
"10.1371/journal.pone.0210041",1,1,1
"10.1016/j.ijepes.2021.107415",1,1,1
"10.1016/j.infsof.2007.07.005",1,1,1
"10.1016/j.neucom.2017.03.086",1,1,1
"10.1016/j.ins.2022.11.090",1,1,1
"10.3390/ijerph18105078",1,1,1
"10.1002/etc.5155",1,1,1
"10.1016/j.envsoft.2015.07.016",1,1,1
"10.1111/j.1559-3584.2004.tb00304.x",1,1,1
"10.5370/jeet.2011.6.2.284",1,1,1
"10.1063/1.4829631",1,1,1
"10.1007/s10846-010-9537-1",1,1,1
"10.1016/j.jde.2017.02.036",1,1,1
"10.1155/2016/3891595",1,1,1
"10.3390/electronics11223679",1,1,1
"10.1016/j.technovation.2008.09.002",1,1,1
"10.5547/2160-5890.7.2.mwel",1,1,1
"10.1016/j.automatica.2021.109895",1,1,1
"10.1049/iet-cta.2015.0616",1,1,1
"10.3390/en16124704",1,1,1
"10.1177/08862605211050108",1,1,1
"10.1038/s41598-023-31892-2",1,1,1
"10.3390/computers7020024",1,1,1
"10.1016/j.resuscitation.2007.05.014",1,1,1
"10.18564/jasss.3585",1,1,1
"10.1016/s0378-4371(00)00458-1",1,1,1
"10.1016/j.envsoft.2016.04.011",1,1,1
"10.1016/j.eswa.2013.09.029",1,1,1
"10.1111/j.1365-2419.2007.00427.x",1,1,1
"10.1016/j.tube.2022.102300",1,1,1
"10.1080/00038628.2019.1640107",1,1,1
"10.1017/s0007123407000154",1,1,1
"10.1177/1091142108327356",1,1,1
"10.15439/2015f300",1,1,1
"10.1016/j.epsr.2022.108302",1,1,1
"10.1007/s11067-005-2627-0",1,1,1
"10.3390/electronics10161975",1,1,1
"10.3141/1644-04",1,1,1
"10.1016/j.jobe.2020.101604",1,1,1
"10.3233/faia200074",1,1,1
"10.1016/j.ecolmodel.2006.07.017",1,1,1
"10.1016/j.jebo.2017.04.016",1,1,1
"10.1016/j.compbiomed.2022.105753",1,1,1
"10.3390/s17122729",1,1,1
"10.1016/j.apenergy.2019.114402",1,1,1
"10.1016/j.automatica.2023.111087",1,1,1
"10.1109/tciaig.2013.2287297",1,1,1
"10.1016/j.jtbi.2017.02.028",1,1,1
"10.1109/mits.2017.2743207",1,1,1
"10.1142/s0129183114500065",1,1,1
"10.1016/j.ecolmodel.2016.08.012",1,1,1
"10.1007/s11284-013-1077-2",1,1,1
"10.5194/bg-11-1261-2014",1,1,1
"10.1109/access.2021.3069275",1,1,1
"10.1016/j.heliyon.2023.e16790",1,1,1
"10.2514/1.g000621",1,1,1
"10.3141/2173-08",1,1,1
"10.1007/978-3-030-41418-4_9",1,1,1
"10.1097/xcs.0000000000000025",1,1,1
"10.1016/j.ecosys.2019.100701",1,1,1
"10.1016/j.trb.2012.01.001",1,1,1
"10.1049/ecej:19970304",1,1,1
"10.1016/j.egypro.2012.01.004",1,1,1
"10.1007/978-3-030-40690-5_39",1,1,1
"10.1177/0361198119839340",1,1,1
"10.1109/ro-man46459.2019.8956415",1,1,1
"10.1098/rsos.210506",1,1,1
"10.1177/0361198119839989",1,1,1
"10.1016/j.segan.2019.100203",1,1,1
"10.1016/j.compenvurbsys.2014.06.006",1,1,1
"10.1186/1471-2334-10-236",1,1,1
"10.1109/dexa.2013.48",1,1,1
"10.1016/j.wasman.2021.03.056",1,1,1
"10.1109/tcst.2015.2388732",1,1,1
"10.1111/1365-2664.14304",1,1,1
"10.1016/j.autcon.2022.104133",1,1,1
"10.1016/s0168-1699(99)00071-x",1,1,1
"10.1016/j.jclepro.2021.130038",1,1,1
"10.1016/j.autcon.2019.102927",1,1,1
"10.1109/access.2022.3202208",1,1,1
"10.1007/s00248-009-9510-3",1,1,1
"10.1080/095281398146789",1,1,1
"10.1061/(asce)me.1943-5479.0000868",1,1,1
"10.1016/j.ins.2003.03.025",1,1,1
"10.1016/j.compchemeng.2007.07.012",1,1,1
"10.1177/0037549716683028",1,1,1
"10.1007/s10489-017-0935-y",1,1,1
"10.1016/s2589-7500(22)00042-5",1,1,1
"10.3233/mgs-200334",1,1,1
"10.1007/s00285-015-0895-y",1,1,1
"10.1016/j.ijepes.2008.10.004",1,1,1
"10.1177/0049124118769100",1,1,1
"10.5751/es-11842-250403",1,1,1
"10.1002/ecs2.3550",1,1,1
"10.1016/j.simpat.2010.06.022",1,1,1
"10.1111/rec.13487",1,1,1
"10.1016/j.neucom.2022.07.052",1,1,1
"10.1007/s12061-010-9049-1",1,1,1
"10.1177/0278364919839137",1,1,1
"10.1016/j.ecolmodel.2003.08.022",1,1,1
"10.1108/aa-03-2019-0056",1,1,1
"10.1016/j.automatica.2011.08.045",1,1,1
"10.3390/s21113820",1,1,1
"10.1109/tac.2012.2186094",1,1,1
"10.1890/11-0192.1",1,1,1
"10.1371/journal.pone.0279845",1,1,1
"10.1016/j.jenvman.2017.07.018",1,1,1
"10.1080/10400419.2021.2005309",1,1,1
"10.1371/journal.pone.0261514",1,1,1
"10.1007/978-3-319-64798-2_7",1,1,1
"10.1007/s10015-020-00646-y",1,1,1
"10.1109/tste.2021.3091976",1,1,1
"10.1016/j.techfore.2020.120199",1,1,1
"10.1016/j.agsy.2019.102718",1,1,1
"10.1177/1090198119876242",1,1,1
"10.1111/oik.08278",1,1,1
"10.1080/00207179.2021.1974095",1,1,1
"10.1016/j.scitotenv.2016.05.051",1,1,1
"10.1136/bmjresp-2021-000881",1,1,1
"10.3233/978-1-61499-105-2-406",1,1,1
"10.18564/jasss.2015",1,1,1
"10.1007/s41980-020-00417-2",1,1,1
"10.1016/j.ecolmodel.2015.06.039",1,1,1
"10.1007/s10592-023-01548-9",1,1,1
"10.1007/978-3-030-19424-6_26",1,1,1
"10.1109/tcsii.2015.2433399",1,1,1
"10.3991/ijoe.v11i9.5071",1,1,1
"10.1109/wi-iat.2013.112",1,1,1
"10.5220/0007399907150723",1,1,1
"10.4018/jiit.2008010102",1,1,1
"10.1016/j.autcon.2016.11.002",1,1,1
"10.1155/2013/825307",1,1,1
"10.1016/j.seares.2015.11.010",1,1,1
"10.3390/math10244667",1,1,1
"10.1080/00207721.2013.795632",1,1,1
"10.17310/ntj.2015.1.09",1,1,1
"10.1016/j.engappai.2009.01.014",1,1,1
"10.3390/su11205866",1,1,1
"10.1088/1757-899x/240/1/012065",1,1,1
"10.1007/s10980-022-01575-w",1,1,1
"10.1061/(asce)co.1943-7862.0000918",1,1,1
"10.1097/01.jaa.0000840508.75042.ce",1,1,1
"10.1186/s12942-018-0128-x",1,1,1
"10.1117/12.712600",1,1,1
"10.1038/srep33322",1,1,1
"10.1017/s1365100509080262",1,1,1
"10.1038/s41598-019-51565-3",1,1,1
"10.1007/978-1-4614-6134-0",8,0,0
"10.1177/1059712309342488",1,1,1
"10.1007/978-4-431-55879-8_21",1,1,1
"10.1093/cid/ciac814",1,1,1
"10.18564/jasss.1538",1,1,1
"10.1007/s00227-016-2847-5",1,1,1
"10.1016/j.physa.2020.125257",1,1,1
"10.1088/1742-5468/2005/07/p07008",1,1,1
"10.1016/j.cor.2006.10.014",1,1,1
"10.1155/2012/481923",1,1,1
"10.1109/icdmw.2012.34",1,1,1
"10.1161/hypertensionaha.119.14533",1,1,1
"10.1016/j.ecolmodel.2013.02.026",1,1,1
"10.1007/s40797-019-00118-8",1,1,1
"10.3233/faia200369",1,1,1
"10.1016/j.joca.2014.07.010",1,1,1
"10.3390/su142316183",1,1,1
"10.1109/tac.2013.2263653",1,1,1
"10.1177/1063293x9600400103",1,1,1
"10.1186/1472-6947-12-35",1,1,1
"10.3390/e23050521",1,1,1
"10.1016/j.energy.2016.09.096",1,1,1
"10.3390/en7010385",1,1,1
"10.1080/08839510500191828",1,1,1
"10.1631/fitee.2100597",1,1,1
"10.1142/s0218213006003065",1,1,1
"10.1016/j.neucom.2015.05.060",1,1,1
"10.1109/tac.2017.2712758",1,1,1
"10.1007/s10113-018-1424-5",1,1,1
"10.1109/tcyb.2014.2345791",1,1,1
"10.1080/01605682.2020.1790306",1,1,1
"10.1134/s0005117914030114",1,1,1
"10.1002/asjc.1848",1,1,1
"10.1134/s1064226917120087",1,1,1
"10.1109/tnnls.2021.3071109",1,1,1
"10.18564/jasss.3207",1,1,1
"10.18564/jasss.2448",1,1,1
"10.5750/ijme.v163ia2.754",1,1,1
"10.14201/adcaij2019814954",1,1,1
"10.1016/j.trc.2015.10.010",1,1,1
"10.3390/biology10101019",1,1,1
"10.1016/j.enpol.2016.05.039",1,1,1
"10.1002/ajpa.22495",1,1,1
"10.9781/ijimai.2021.03.001",1,1,1
"10.1016/j.tele.2017.12.013",1,1,1
"10.1016/j.jenvman.2020.110905",1,1,1
"10.1016/j.drugpo.2018.02.008",1,1,1
"10.1016/j.enpol.2013.11.004",1,1,1
"10.1007/s11071-018-4604-4",1,1,1
"10.1016/j.compeleceng.2021.107211",1,1,1
"10.3390/s22218159",1,1,1
"10.1111/j.1365-2486.2012.02677.x",1,1,1
"10.1016/j.trpro.2017.05.226",1,1,1
"10.3390/en3121972",1,1,1
"10.1016/j.automatica.2021.110077",1,1,1
"10.1001/jama.278.6.514",1,1,1
"10.3389/fams.2022.886082",1,1,1
"10.1057/jos.2015.19",1,1,1
"10.1016/j.automatica.2020.108952",1,1,1
"10.1111/1753-6405.13221",1,1,1
"10.1109/tvt.2017.2788441",1,1,1
"10.21314/jem.2018.173",1,1,1
"10.7326/m16-2891",1,1,1
"10.1016/j.jedc.2006.08.002",1,1,1
"10.1007/978-3-319-07593-8_18",1,1,1
"10.1016/j.foreco.2020.118019",1,1,1
"10.1002/asjc.3092",1,1,1
"10.1142/s0218194003001184",1,1,1
"10.1109/clade.2004.1309099",1,1,1
"10.1108/k-02-2015-0053",1,1,1
"10.1109/access.2019.2938548",1,1,1
"10.1007/978-1-4419-0492-8_1",1,1,1
"10.1049/iet-ifs.2010.0001",1,1,1
"10.1111/ele.13192",1,1,1
"10.5614/itbj.ict.res.appl.2016.10.3.6",1,1,1
"10.1002/nem.1969",1,1,1
"10.1109/acc.2008.4586897",1,1,1
"10.1109/jsee.2012.00017",1,1,1
"10.1016/j.enpol.2014.04.004",1,1,1
"10.1109/itng.2008.57",1,1,1
"10.1111/j.1523-1739.2005.00321.x",1,1,1
"10.24507/ijicic.18.03.837",1,1,1
"10.1016/j.simpat.2022.102687",1,1,1
"10.1086/520121",1,1,1
"10.1016/j.envsoft.2018.05.017",1,1,1
"10.1007/s11356-021-17112-2",1,1,1
"10.1007/s10696-014-9201-3",1,1,1
"10.3354/meps07039",1,1,1
"10.1093/geronb/53b.4.s177",1,1,1
"10.3103/s0147688210050072",1,1,1
"10.1016/j.ecolmodel.2019.04.014",1,1,1
"10.1016/j.chb.2010.03.036",1,1,1
"10.1016/j.enconman.2018.08.046",1,1,1
"10.3390/app10010274",1,1,1
"10.1016/j.envsoft.2008.06.011",1,1,1
"10.2337/dc09-1232",1,1,1
"10.1007/s11403-015-0164-6",1,1,1
"10.1073/pnas.1900959116",1,1,1
"10.1007/s11097-012-9254-2",1,1,1
"10.1098/rsif.2007.1061",1,1,1
"10.1109/4235.956711",1,1,1
"10.1016/j.ijpe.2023.108774",1,1,1
"10.1093/cid/ciac725",1,1,1
"10.1186/1476-072x-8-50",1,1,1
"10.1016/j.jtbi.2019.02.024",1,1,1
"10.1109/access.2022.3163393",1,1,1
"10.4018/jitr.2013040101",1,1,1
"10.1007/s00248-017-0963-5",1,1,1
"10.1109/tac.2019.2908258",1,1,1
"10.3389/frobt.2018.00047",1,1,1
"10.1109/iccar52225.2021.9463439",1,1,1
"10.1515/ijb-2022-0112",1,1,1
"10.1007/s11432-015-5442-3",1,1,1
"10.1371/journal.pone.0205259",1,1,1
"10.1002/sres.2567",1,1,1
"10.18564/jasss.2620",1,1,1
"10.3354/meps13942",1,1,1
"10.1016/j.ecolmodel.2020.109379",1,1,1
"10.1109/tcns.2018.2838519",1,1,1
"10.1016/j.amc.2008.05.116",1,1,1
"10.1007/s00592-021-01672-3",1,1,1
"10.3233/mgs-2011-0176",1,1,1
"10.1371/journal.pone.0186309",1,1,1
"10.1093/ee/21.5.1086",1,1,1
"10.1371/journal.pcbi.1010755",1,1,1
"10.1109/itsc.2015.196",1,1,1
"10.1109/lcsys.2023.3289060",1,1,1
"10.1186/s12976-019-0105-5",1,1,1
"10.3390/en15197264",1,1,1
"10.3141/2563-08",1,1,1
"10.1016/j.chaos.2023.113117",1,1,1
"10.1007/s11047-017-9627-0",1,1,1
"10.1016/j.ifacol.2017.08.407",1,1,1
"10.1016/j.ypmed.2016.03.015",1,1,1
"10.1007/s00521-022-07210-8",1,1,1
"10.3390/urbansci3020041",1,1,1
"10.1016/s0304-3800(96)00015-4",1,1,1
"10.1109/tcyb.2021.3095959",1,1,1
"10.1111/j.1475-4991.2012.00515.x",1,1,1
"10.1080/01425692.2022.2154640",1,1,1
"10.1016/j.ecolmodel.2022.110232",1,1,1
"10.1179/1749631414y.0000000041",1,1,1
"10.1007/s11284-008-0576-z",1,1,1
"10.1080/1540496x.2016.1152794",1,1,1
"10.1007/978-3-319-44427-7_3",1,1,1
"10.3390/s21030927",1,1,1
"10.5018/economics-ejournal.ja.2018-62",1,1,1
"10.1097/qai.0000000000000426",1,1,1
"10.1093/cjres/rsm007",1,1,1
"10.1007/s10109-016-0243-9",1,1,1
"10.3390/e21111105",1,1,1
"10.1088/1748-9326/aa75d9",1,1,1
"10.1016/j.inffus.2019.09.006",1,1,1
"10.3390/en10081164",1,1,1
"10.1038/s41562-020-0885-y",1,1,1
"10.1016/s0921-8890(01)00114-2",1,1,1
"10.1137/15m1020356",1,1,1
"10.3390/v15020528",1,1,1
"10.1080/14942119.2021.1850074",1,1,1
"10.1080/00949655.2017.1369540",1,1,1
"10.1155/2014/304537",1,1,1
"10.1287/orsc.1080.0409",1,1,1
"10.1093/icesjms/fsz160",1,1,1
"10.1109/tac.2018.2867257",1,1,1
"10.1007/s10614-016-9607-y",1,1,1
"10.1080/13547860.2016.1153221",1,1,1
"10.1111/j.1467-6486.2012.01062.x",1,1,1
"10.3390/s22197243",1,1,1
"10.1016/j.entcs.2018.03.039",1,1,1
"10.1080/0951192x.2019.1699257",1,1,1
"10.1007/b99040",9,0,0
"10.18564/jasss.2332",1,1,1
"10.3390/app12126024",1,1,1
"10.1016/j.eswa.2005.11.030",1,1,1
"10.1109/ichms49158.2020.9209433",1,1,1
"10.1111/risa.13278",1,1,1
"10.1098/rstb.2022.0066",1,1,1
"10.1016/s0304-4076(02)00160-4",1,1,1
"10.1109/tcyb.2021.3119330",1,1,1
"10.1016/j.automatica.2013.02.044",1,1,1
"10.1016/s0378-1127(98)00456-3",1,1,1
"10.1016/j.eswa.2022.117702",1,1,1
"10.1177/1687814018756103",1,1,1
"10.1016/j.ins.2018.04.010",1,1,1
"10.3141/2103-10",1,1,1
"10.1371/journal.pone.0255031",1,1,1
"10.1287/orsc.12.3.274.10106",1,1,1
"10.1142/s0218843014500051",1,1,1
"10.1016/j.neucom.2020.06.106",1,1,1
"10.1145/3433180",1,1,1
"10.3141/2086-14",1,1,1
"10.1007/s004220050426",1,1,1
"10.1007/s12061-012-9075-2",1,1,1
"10.1016/j.autcon.2004.12.002",1,1,1
"10.14246/irspsd.6.1_63",1,1,1
"10.1007/s11769-013-0636-3",1,1,1
"10.23919/springsim.2019.8732848",2,0,0
"10.1057/ap.2012.21",1,1,1
"10.1088/1757-899x/145/5/052012",1,1,1
"10.1007/s10021-022-00778-1",1,1,1
"10.1109/tac.2022.3217914",2,0,0
"10.1371/journal.pmed.1001451",1,1,1
"10.1002/ece3.7205",1,1,1
"10.1016/j.healthplace.2014.02.010",1,1,1
"10.1007/978-3-319-40397-7_6",1,1,1
"10.1080/13696998.2018.1496922",1,1,1
"10.1016/j.jenvman.2007.04.013",1,1,1
"10.3934/jimo.2015.11.199",1,1,1
"10.1007/s13253-021-00456-0",1,1,1
"10.1016/j.est.2018.03.003",1,1,1
"10.1162/artl_a_00365",1,1,1
"10.1016/s0035-9203(03)90018-6",1,1,1
"10.1007/s10729-014-9310-2",1,1,1
"10.1016/j.eswa.2014.05.005",1,1,1
"10.1007/s11538-017-0292-3",1,1,1
"10.1155/2021/6598782",1,1,1
"10.1016/j.rtbm.2018.06.002",1,1,1
"10.1007/s11116-014-9512-y",1,1,1
"10.1097/qad.0000000000000190",1,1,1
"10.1142/s1469026811003185",1,1,1
"10.1007/bf00044649",1,1,1
"10.1080/0952813x.2014.993503",1,1,1
"10.1016/j.epsr.2015.03.021",1,1,1
"10.1016/j.cie.2012.09.004",1,1,1
"10.1007/978-3-319-50983-9_9",1,1,1
"10.1002/ijc.33884",1,1,1
"10.1109/tac.2017.2720703",1,1,1
"10.1109/tsg.2012.2234487",1,1,1
"10.1016/j.conengprac.2013.03.010",1,1,1
"10.1016/j.ecolmodel.2018.03.010",1,1,1
"10.1080/00207721.2013.858795",1,1,1
"10.1016/j.eswa.2005.09.073",1,1,1
"10.1080/00207179.2011.652181",1,1,1
"10.1109/ical.2008.4636585",1,1,1
"10.1002/rnc.1836",1,1,1
"10.1080/21680566.2021.2023691",1,1,1
"10.3390/e22060635",1,1,1
"10.3233/978-1-61499-440-4-162",2,0,0
"10.1016/j.proeng.2015.01.519",2,0,0
"10.1016/j.pocean.2016.10.008",1,1,1
"10.1016/j.cmpb.2022.107029",1,1,1
"10.1177/0956797615605798",1,1,1
"10.1509/jmr.14.0097",1,1,1
"10.1038/s41598-018-24555-0",1,1,1
"10.1007/s10489-020-02034-2",1,1,1
"10.1109/tnnls.2019.2900592",1,1,1
"10.1109/ojies.2022.3146302",1,1,1
"10.1109/tcst.2014.2300198",1,1,1
"10.1023/a:1012009429991",1,1,1
"10.1016/0168-8510(96)00843-3",1,1,1
"10.1109/tits.2015.2471812",1,1,1
"10.18564/jasss.2421",1,1,1
"10.1007/s10614-008-9161-3",1,1,1
"10.1038/25499",1,1,1
"10.1007/978-3-319-59394-4_15",1,1,1
"10.1002/acs.3563",1,1,1
"10.1016/j.procs.2014.05.494",1,1,1
"10.3389/fpubh.2022.966756",1,1,1
"10.1016/j.sysconle.2017.02.002",1,1,1
"10.1016/j.asoc.2012.02.009",1,1,1
"10.18564/jasss.3429",1,1,1
"10.3233/aic-130573",1,1,1
"10.1103/physreve.85.016102",1,1,1
"10.1002/dac.5095",1,1,1
"10.3390/en12224314",1,1,1
"10.1142/s0218843009002014",1,1,1
"10.1093/icesjms/fss003",1,1,1
"10.18564/jasss.1756",1,1,1
"10.1080/00207540310001628911",1,1,1
"10.1016/j.biosystems.2010.11.009",1,1,1
"10.1109/jsyst.2013.2284959",1,1,1
"10.1007/s00779-004-0334-3",1,1,1
"10.1016/j.ecocom.2018.08.006",1,1,1
"10.1007/s11403-022-00357-6",1,1,1
"10.1134/s1064230714040030",1,1,1
"10.1080/01969720701534125",1,1,1
"10.1109/tits.2019.2957718",1,1,1
"10.1061/(asce)te.1943-5436.0000242",1,1,1
"10.1109/cdc.2008.4739016",1,1,1
"10.3390/e24121768",1,1,1
"10.1016/j.ifacol.2016.07.818",1,1,1
"10.1007/978-3-319-15021-5_8",2,0,0
"10.1243/09544100jaero864",1,1,1
"10.1002/2050-7038.12596",1,1,1
"10.1158/1055-9965.epi-18-0128",1,1,1
"10.7551/978-0-262-33027-5-ch011",1,1,1
"10.1371/journal.pone.0044774",1,1,1
"10.1515/mper-2016-0003",1,1,1
"10.1016/j.ins.2022.12.021",1,1,1
"10.3389/fevo.2015.00030",1,1,1
"10.1109/tac.2013.2261711",1,1,1
"10.1109/cadsm.2003.1255155",1,1,1
"10.1016/j.enpol.2012.09.048",1,1,1
"10.1061/(asce)0733-947x(2008)134:6(262)",1,1,1
"10.1016/j.jocs.2016.10.010",1,1,1
"10.1109/3pgcic.2013.165",1,1,1
"10.1186/s41938-021-00380-y",1,1,1
"10.1111/j.1939-7445.2008.00002.x",1,1,1
"10.1002/int.22744",1,1,1
"10.1002/rnc.3353",1,1,1
"10.1080/02755947.2011.646451",1,1,1
"10.1098/rsif.2016.0543",1,1,1
"10.3390/economies6040063",1,1,1
"10.1016/j.jtcvs.2018.10.040",1,1,1
"10.3390/electronics11020184",1,1,1
"10.23919/springsim.2019.8732882",2,0,0
"10.1080/00207543.2020.1851422",1,1,1
"10.1007/978-3-031-21753-1_14",1,1,1
"10.1016/j.compenvurbsys.2020.101462",1,1,1
"10.1109/lsens.2021.3136655",1,1,1
"10.1002/ecs2.2074",1,1,1
"10.1086/709463",1,1,1
"10.1001/jamacardio.2019.2851",1,1,1
"10.1109/taes.2014.130690",1,1,1
"10.1109/access.2022.3201845",1,1,1
"10.1109/clei.2018.00037",1,1,1
"10.5937/fmet1904699a",1,1,1
"10.1080/00324728.2021.1933149",1,1,1
"10.1371/journal.pone.0244935",1,1,1
"10.18564/jasss.2687",1,1,1
"10.1109/tbme.2020.3044508",1,1,1
"10.1109/access.2020.3047916",2,0,0
"10.1007/s11067-022-09573-w",1,1,1
"10.1016/0165-1765(93)90170-h",1,1,1
"10.1007/s11721-009-0035-7",1,1,1
"10.1016/j.neucom.2018.12.001",1,1,1
"10.1097/qad.0000000000003128",1,1,1
"10.1007/s10980-015-0158-8",1,1,1
"10.1016/j.ifacol.2017.08.2547",1,1,1
"10.1016/s0169-023x(97)00025-6",1,1,1
"10.1061/(asce)0733-947x(2007)133:2(96)",1,1,1
"10.1016/j.apenergy.2021.117959",1,1,1
"10.1111/1467-8462.12511",1,1,1
"10.1007/s10588-010-9067-1",1,1,1
"10.1016/j.futures.2023.103141",1,1,1
"10.1007/s10614-016-9614-z",1,1,1
"10.1016/j.jfranklin.2021.05.024",1,1,1
"10.1016/j.ecolecon.2012.07.007",1,1,1
"10.1109/itsc48978.2021.9564851",1,1,1
"10.5751/es-08677-210321",1,1,1
"10.1016/j.foreco.2004.02.022",1,1,1
"10.1016/j.frl.2022.102846",1,1,1
"10.1007/978-3-030-19756-8_41",1,1,1
"10.1051/matecconf/201710105011",1,1,1
"10.1186/1478-4491-10-1",1,1,1
"10.1109/tsipn.2022.3233155",1,1,1
"10.3141/2079-11",1,1,1
"10.1109/tac.2010.2042764",1,1,1
"10.1080/00028487.2015.1007162",1,1,1
"10.1007/s10816-014-9230-y",1,1,1
"10.1186/s12913-023-09058-7",1,1,1
"10.1080/10919392.2014.866503",1,1,1
"10.3233/jifs-169447",1,1,1
"10.1016/j.eng.2020.05.006",1,1,1
"10.1057/jos.2016.10",1,1,1
"10.1109/tcyb.2018.2856089",1,1,1
"10.1002/2016wr020287",1,1,1
"10.1002/ece3.1532",1,1,1
"10.1016/j.biocon.2012.06.021",1,1,1
"10.1177/0037549702078005552",1,1,1
"10.1088/0964-1726/15/1/029",1,1,1
"10.1109/cimsa.2007.4362536",1,1,1
"10.1371/journal.pone.0224571",1,1,1
"10.1109/isgteurope52324.2021.9639953",1,1,1
"10.1016/j.enpol.2021.112265",1,1,1
"10.1016/j.ecolmodel.2019.108879",1,1,1
"10.1007/s00198-016-3502-1",1,1,1
"10.3328/tl.2009.01.04.309-322",1,1,1
"10.1007/s13524-012-0122-z",1,1,1
"10.1007/978-3-540-88351-7_31",1,1,1
"10.3141/2133-02",1,1,1
"10.1007/978-3-319-39384-1_40",1,1,1
"10.1007/978-3-319-25210-0_6",1,1,1
"10.1007/s12293-020-00307-4",1,1,1
"10.1155/2014/980623",1,1,1
"10.1155/2017/3901813",1,1,1
"10.3390/en14175316",1,1,1
"10.1016/j.scico.2020.102533",1,1,1
"10.1109/tac.2016.2541301",1,1,1
"10.1109/tro.2017.2705044",1,1,1
"10.1080/09669582.2021.2024552",1,1,1
"10.1016/j.jup.2020.101114",1,1,1
"10.1016/j.ecolmodel.2015.02.009",1,1,1
"10.1016/j.eist.2012.01.003",1,1,1
"10.1061/(asce)te.1943-5436.0000897",1,1,1
"10.3390/drones6100271",1,1,1
"10.1162/artl_a_00403",1,1,1
"10.18564/jasss.1482",1,1,1
"10.1016/j.healthpol.2021.09.004",1,1,1
"10.1007/978-3-642-19789-5_15",1,1,1
"10.1371/journal.pone.0088312",1,1,1
"10.1007/s00181-014-0880-0",1,1,1
"10.1016/j.onehlt.2023.100598",1,1,1
"10.1371/journal.pcbi.1009811",1,1,1
"10.1007/s00170-008-1844-3",1,1,1
"10.1016/j.jse.2013.11.006",1,1,1
"10.1162/artl_a_00126",1,1,1
"10.1016/j.epsr.2016.03.021",1,1,1
"10.1016/j.ecolmodel.2011.08.007",1,1,1
"10.1016/j.conengprac.2022.105150",1,1,1
"10.1111/jeb.13989",1,1,1
"10.1016/j.energy.2021.121076",1,1,1
"10.1016/j.automatica.2018.01.003",1,1,1
"10.1080/00207179.2019.1598577",1,1,1
"10.3897/jucs.69750",1,1,1
"10.1038/s41562-020-01038-9",1,1,1
"10.1007/978-3-319-49655-9_29",1,1,1
"10.1016/s1364-8152(03)00006-9",1,1,1
"10.1007/s10926-022-10035-w",1,1,1
"10.3390/en15124207",1,1,1
"10.3233/mgs-170277",1,1,1
"10.1007/s10614-022-10250-w",1,1,1
"10.1016/s0140-3664(02)00252-9",1,1,1
"10.1111/1365-2745.12527",1,1,1
"10.1007/s13132-023-01297-7",1,1,1
"10.1017/s1751731116001531",1,1,1
"10.1098/rsif.2014.0640",1,1,1
"10.3390/land12071409",1,1,1
"10.1007/978-3-030-27535-8_48",1,1,1
"10.1016/j.simpat.2019.101935",1,1,1
"10.1016/j.ifacol.2020.12.1724",1,1,1
"10.1007/s00170-013-5597-2",1,1,1
"10.1080/00207721.2020.1797225",1,1,1
"10.1109/icsmc.2006.384774",1,1,1
"10.1016/j.biocon.2009.07.007",1,1,1
"10.1142/s0218001401001015",1,1,1
"10.1016/j.trc.2015.06.010",1,1,1
"10.1007/s10499-019-00366-6",1,1,1
"10.2112/si103-148.1",1,1,1
"10.1007/s11276-012-0437-0",1,1,1
"10.1200/cci.20.00124",1,1,1
"10.1016/j.jclepro.2017.03.193",1,1,1
"10.1145/3208903.3208907",1,1,1
"10.1371/journal.pone.0107742",1,1,1
"10.3390/math11020303",1,1,1
"10.1097/md.0000000000015841",1,1,1
"10.1080/00222500500544151",1,1,1
"10.1016/j.asej.2021.04.010",1,1,1
"10.1016/j.neucom.2015.08.085",1,1,1
"10.1145/3209281.3209289",1,1,1
"10.1109/tits.2009.2034383",1,1,1
"10.1016/j.compenvurbsys.2010.04.005",1,1,1
"10.1007/978-3-319-27343-3_7",1,1,1
"10.1177/0037549705053173",1,1,1
"10.3390/w13081024",1,1,1
"10.1016/j.actatropica.2019.01.022",1,1,1
"10.1016/j.ijfoodmicro.2023.110321",1,1,1
"10.1002/ijc.29572",1,1,1
"10.1007/s10015-021-00726-7",1,1,1
"10.3390/app12073439",1,1,1
"10.1016/j.jcf.2020.07.017",1,1,1
"10.1007/s10552-023-01692-0",1,1,1
"10.1006/tpbi.2000.1491",1,1,1
"10.1073/pnas.2011916118",1,1,1
"10.1016/j.ancene.2022.100337",1,1,1
"10.3130/jaabe.10.305",1,1,1
"10.1007/s10100-020-00716-3",1,1,1
"10.1016/j.jenvman.2014.12.001",1,1,1
"10.3390/electronics10222762",1,1,1
"10.4028/www.scientific.net/amr.187.39",1,1,1
"10.1109/tac.2022.3142133",1,1,1
"10.1034/j.1600-0706.2000.890306.x",1,1,1
"10.1016/j.epsr.2018.02.015",1,1,1
"10.3390/info14060348",1,1,1
"10.2495/esus170041",1,1,1
"10.3390/app122312181",1,1,1
"10.1080/15472450.2018.1501273",1,1,1
"10.1115/1.2718567",1,1,1
"10.1177/105971239600500102",1,1,1
"10.3141/2128-12",1,1,1
"10.1016/j.actaastro.2009.09.017",1,1,1
"10.1145/2708463.2709043",1,1,1
"10.18564/jasss.2605",1,1,1
"10.1016/j.procs.2016.07.460",1,1,1
"10.1214/21-sts822",1,1,1
"10.1002/oby.23105",1,1,1
"10.1109/tcyb.2020.3032217",1,1,1
"10.3390/ijms221910898",1,1,1
"10.1109/tac.2021.3059677",1,1,1
"10.1103/physreve.82.056112",1,1,1
"10.1016/j.procs.2021.04.176",1,1,1
"10.1016/j.jmbbm.2021.104915",1,1,1
"10.3390/app9142918",1,1,1
"10.1061/(asce)cp.1943-5487.0000482",1,1,1
"10.1016/j.rser.2022.112745",1,1,1
"10.1016/j.envsoft.2010.01.011",1,1,1
"10.1109/access.2019.2963039",1,1,1
"10.1186/1471-2458-14-456",1,1,1
"10.1016/0025-5564(78)90009-3",1,1,1
"10.1007/s00170-022-10553-0",1,1,1
"10.1109/tac.2017.2691306",1,1,1
"10.1177/0894439304273270",1,1,1
"10.1016/j.resconrec.2015.08.003",1,1,1
"10.1016/j.eneco.2021.105538",1,1,1
"10.1016/j.jfranklin.2021.11.023",1,1,1
"10.1136/bmjgh-2021-007136",1,1,1
"10.3103/s0146411616080241",1,1,1
"10.1371/journal.pcbi.1008121",1,1,1
"10.1016/j.retrec.2018.11.009",1,1,1
"10.1007/s10834-012-9349-5",1,1,1
"10.1007/978-3-030-92843-8_25",1,1,1
"10.1016/j.jspr.2012.06.003",1,1,1
"10.1207/s15327744joce1004_05",1,1,1
"10.4436/jass.96008",1,1,1
"10.1109/ds-rt.2009.11",1,1,1
"10.1111/2041-210x.12929",1,1,1
"10.1016/j.cie.2021.107475",1,1,1
"10.1049/rpg2.12193",1,1,1
"10.1111/j.1524-4733.2010.00698.x",1,1,1
"10.1016/j.physa.2013.05.051",1,1,1
"10.1007/s10588-010-9070-6",1,1,1
"10.2989/18142321003714518",1,1,1
"10.1080/15472450.2018.1438274",1,1,1
"10.1093/icesjms/fsu078",1,1,1
"10.1016/j.ifacol.2015.06.170",1,1,1
"10.1080/00207721.2020.1716105",1,1,1
"10.1186/s12891-022-05747-2",1,1,1
"10.1098/rsbl.2019.0556",1,1,1
"10.1007/s10458-009-9107-8",1,1,1
"10.1007/s11042-022-13758-3",1,1,1
"10.1007/s10980-023-01599-w",1,1,1
"10.1016/j.cie.2022.108042",1,1,1
"10.1016/j.agsy.2020.102899",1,1,1
"10.3233/978-1-60750-643-0-131",1,1,1
"10.1093/czoolo/58.2.307",1,1,1
"10.1061/jcemd4.coeng-12396",1,1,1
"10.1186/s41256-019-0099-x",1,1,1
"10.1007/978-3-319-53354-4_2",1,1,1
"10.1016/j.yofte.2021.102458",1,1,1
"10.1109/tcsii.2022.3208205",1,1,1
"10.1086/427320",1,1,1
"10.1201/b12319",2,0,0
"10.1007/s11113-019-09537-y",1,1,1
"10.1007/978-3-319-18615-3_28",1,1,1
"10.1080/17477778.2021.1997342",1,1,1
"10.1650/condor-17-223.1",1,1,1
"10.1007/s10514-015-9470-z",1,1,1
"10.1680/ensu.12.00030",1,1,1
"10.1016/j.automatica.2023.111059",1,1,1
"10.1016/j.jtbi.2003.12.005",1,1,1
"10.1016/j.ppees.2011.11.003",1,1,1
"10.1016/0167-2681(90)90038-f",1,1,1
"10.1016/j.csbj.2023.05.020",1,1,1
"10.3390/electronics11182921",1,1,1
"10.31449/inf.v43i2.1888",1,1,1
"10.2147/ceor.s36019",1,1,1
"10.18564/jasss.1855",1,1,1
"10.1016/j.ejcon.2022.100671",1,1,1
"10.1016/j.egypro.2018.09.222",1,1,1
"10.1016/j.biosystems.2012.06.002",1,1,1
"10.1007/s10100-011-0230-7",1,1,1
"10.18421/tem112-39",1,1,1
"10.1080/19376812.2016.1189836",1,1,1
"10.3141/2557-05",1,1,1
"10.1016/j.eswa.2019.03.013",1,1,1
"10.1177/09691413221118194",1,1,1
"10.1109/tr.2022.3158279",1,1,1
"10.1016/j.envsoft.2013.03.017",1,1,1
"10.1007/s10614-017-9655-y",1,1,1
"10.3390/su9112022",1,1,1
"10.1111/j.1468-0297.2007.02083.x",1,1,1
"10.3103/s0147688218060060",1,1,1
"10.1007/s10270-009-0135-2",1,1,1
"10.1134/s0361768815030044",1,1,1
"10.1016/j.egypro.2014.11.1007",1,1,1
"10.1016/j.eswa.2007.07.024",1,1,1
"10.1016/j.engappai.2013.01.007",1,1,1
"10.1001/jamanetworkopen.2022.7705",1,1,1
"10.1142/9789812704313_0017",1,1,1
"10.1002/ecy.3676",1,1,1
"10.1155/2020/3497689",1,1,1
"10.1016/j.cnsns.2019.104884",1,1,1
"10.1142/s0129183102003000",1,1,1
"10.1007/s13524-019-00823-0",1,1,1
"10.1016/j.jii.2019.100124",1,1,1
"10.1089/dia.2018.0393",1,1,1
"10.1109/ssci.2015.159",1,1,1
"10.5772/56189",1,1,1
"10.1504/ijaacs.2021.117805",1,1,1
"10.1109/siitme50350.2020.9292169",1,1,1
"10.23919/iccas47443.2019.8971674",1,1,1
"10.1016/j.resourpol.2023.103513",1,1,1
"10.1631/fitee.1900094",1,1,1
"10.1108/03684920110363860",1,1,1
"10.1186/s12936-015-0555-0",1,1,1
"10.1007/bf02087113",1,1,1
"10.3389/fphy.2017.00065",1,1,1
"10.1109/ipdpsw.2015.139",1,1,1
"10.1016/j.healthplace.2018.08.022",1,1,1
"10.1016/j.worlddev.2017.05.015",1,1,1
"10.1016/j.baae.2007.01.007",1,1,1
"10.1370/afm.2587",1,1,1
"10.1007/s10237-017-0989-0",1,1,1
"10.3390/su15118527",1,1,1
"10.18564/jasss.2570",1,1,1
"10.1016/s0968-090x(02)00026-8",1,1,1
"10.1093/ee/27.2.288",1,1,1
"10.1002/ijfe.1839",1,1,1
"10.1007/s11432-019-2825-y",1,1,1
"10.1145/3371382.3378308",1,1,1
"10.1016/j.biosystems.2018.01.005",1,1,1
"10.1016/j.cmpb.2016.08.011",1,1,1
"10.1001/jamainternmed.2023.1964",1,1,1
"10.18564/jasss.2219",1,1,1
"10.1111/nrm.12153",1,1,1
"10.1016/j.pocean.2019.102121",1,1,1
"10.1016/j.jtbi.2018.12.025",1,1,1
"10.1016/j.simpat.2020.102237",1,1,1
"10.1007/978-3-319-16595-0_2",1,1,1
"10.1007/s41109-022-00447-1",1,1,1
"10.1109/tsg.2020.3006883",1,1,1
"10.1253/circj.cj-13-0937",1,1,1
"10.1587/transinf.2019kbp0008",1,1,1
"10.23919/springsim.2019.8732890",2,0,0
"10.3233/ais-210312",1,1,1
"10.1115/imece2002-32468",2,0,0
"10.1109/tsg.2012.2236894",1,1,1
"10.1016/j.ifacol.2018.11.770",1,1,1
"10.1371/journal.pone.0252938",1,1,1
"10.1093/brain/awab440",1,1,1
"10.1108/bfj-05-2015-0175",1,1,1
"10.1080/0952813x.2010.506283",1,1,1
"10.1016/j.ecolmodel.2018.04.004",1,1,1
"10.1109/tac.2022.3197670",1,1,1
"10.1006/jvci.1996.0007",1,1,1
"10.1080/13658810903569572",1,1,1
"10.1093/forsci/fxz018",1,1,1
"10.1142/s0219877013400208",1,1,1
"10.1016/j.cnsns.2022.106967",1,1,1
"10.1007/s40808-021-01135-2",1,1,1
"10.1155/2018/8496235",1,1,1
"10.1109/tsmc.2015.2455956",1,1,1
"10.2166/hydro.2020.031",1,1,1
"10.1016/j.jocm.2016.04.001",1,1,1
"10.3354/meps295057",1,1,1
"10.1016/j.jas.2011.02.023",1,1,1
"10.1016/j.ecocom.2004.08.003",1,1,1
"10.1016/j.cie.2019.106058",1,1,1
"10.1109/itc-cscc55581.2022.9895004",1,1,1
"10.1631/fitee.2000207",1,1,1
"10.1016/j.eswa.2017.04.034",1,1,1
"10.1176/appi.ps.201500485",1,1,1
"10.1177/0002716207305471",1,1,1
"10.1007/s11227-014-1206-x",1,1,1
"10.1111/fog.12016",1,1,1
"10.1109/mci.2010.938363",1,1,1
"10.1016/j.ins.2021.07.022",1,1,1
"10.1016/j.compenvurbsys.2023.101949",1,1,1
"10.31449/inf.v43i3.2944",1,1,1
"10.1109/tac.2018.2796502",1,1,1
"10.1016/j.enbuild.2015.10.051",1,1,1
"10.3311/ppci.7406",1,1,1
"10.1016/j.ecolmodel.2017.06.014",1,1,1
"10.1109/ivworkshops54471.2021.9669238",1,1,1
"10.1016/j.leaqua.2005.10.007",1,1,1
"10.1016/j.entcs.2018.03.040",1,1,1
"10.1016/j.robot.2022.104335",1,1,1
"10.1016/j.ecolmodel.2016.07.012",1,1,1
"10.1177/1729881419891311",1,1,1
"10.1093/bioinformatics/btn306",1,1,1
"10.1016/j.ifacol.2023.01.075",1,1,1
"10.1002/asjc.927",1,1,1
"10.1123/jpah.2021-0413",1,1,1
"10.1016/j.comcom.2012.07.019",1,1,1
"10.3354/meps13862",1,1,1
"10.1109/access.2018.2872731",1,1,1
"10.1002/ecj.12031",1,1,1
"10.1002/asjc.1388",1,1,1
"10.1016/j.cgh.2022.01.054",1,1,1
"10.1016/j.jrurstud.2013.02.002",1,1,1
"10.1016/j.ifacol.2015.05.015",1,1,1
"10.1016/j.ins.2012.02.036",1,1,1
"10.1063/1.5037201",1,1,1
"10.1016/j.neucom.2021.02.040",1,1,1
"10.1007/s10816-013-9194-3",1,1,1
"10.1109/access.2020.2991154",1,1,1
"10.1109/tsc.2022.3174698",1,1,1
"10.1007/978-3-662-46318-5_24",1,1,1
"10.1016/j.eneco.2020.105078",1,1,1
"10.1016/j.envsoft.2012.09.001",1,1,1
"10.1007/978-3-319-16610-0_6",1,1,1
"10.1016/j.artint.2020.103371",1,1,1
"10.1016/j.foodcont.2012.05.020",1,1,1
"10.3390/ijgi9040203",1,1,1
"10.1080/14697688.2016.1156146",1,1,1
"10.1177/15501329221080666",1,1,1
"10.1109/jrfid.2020.3005351",1,1,1
"10.1016/j.cnsns.2017.05.028",1,1,1
"10.1016/j.trpro.2016.06.007",1,1,1
"10.1007/978-3-319-61118-1_9",1,1,1
"10.1016/j.procs.2020.03.169",1,1,1
"10.1006/jhec.1997.0218",1,1,1
"10.1016/j.automatica.2010.05.020",1,1,1
"10.2991/jrnal.k.200528.002",1,1,1
"10.1007/s10641-019-00891-6",1,1,1
"10.1016/j.sysconle.2023.105510",1,1,1
"10.1016/j.worlddev.2018.08.023",1,1,1
"10.1109/tits.2022.3202225",2,0,0
"10.1016/j.ifacol.2019.12.132",1,1,1
"10.5220/0006312805120519",1,1,1
"10.1016/j.envsoft.2015.04.011",1,1,1
"10.1016/j.scico.2017.05.006",1,1,1
"10.1109/tetc.2015.2439633",1,1,1
"10.1109/dasc/picom/datacom/cyberscitec.2018.00053",1,1,1
"10.1117/12.2021199",1,1,1
"10.1016/j.ecolmodel.2015.09.003",1,1,1
"10.1007/s00191-011-0219-3",1,1,1
"10.1016/j.nucengdes.2011.08.019",1,1,1
"10.3934/agrfood.2018.4.535",1,1,1
"10.1080/10494820.2018.1500378",1,1,1
"10.1007/978-3-662-55665-8_27",1,1,1
"10.1115/1.4027931",1,1,1
"10.1016/s0957-4174(98)00078-5",1,1,1
"10.1109/access.2019.2943193",1,1,1
"10.1007/s10846-018-0893-6",1,1,1
"10.1016/j.aap.2020.105714",1,1,1
"10.1109/mits.2015.2506761",1,1,1
"10.1016/j.ecolmodel.2019.108798",1,1,1
"10.1007/s12555-016-0723-1",1,1,1
"10.3390/su13147756",1,1,1
"10.1007/s00200-005-0173-0",1,1,1
"10.3390/su12187481",1,1,1
"10.1007/s00254-008-1628-y",1,1,1
"10.1007/s11657-021-00952-3",1,1,1
"10.1155/2013/248194",1,1,1
"10.1111/2041-210x.12392",1,1,1
"10.3390/en13205522",1,1,1
"10.1002/atr.110",1,1,1
"10.1016/j.trd.2021.102946",1,1,1
"10.3390/healthcare9060625",1,1,1
"10.2989/1814232x.2014.883326",1,1,1
"10.1109/picict.2013.26",1,1,1
"10.1109/tcyb.2016.2629268",1,1,1
"10.3390/f9010021",1,1,1
"10.1007/978-3-319-70019-9_20",1,1,1
"10.1155/2018/4012740",1,1,1
"10.1109/tpwrs.2017.2702179",1,1,1
"10.1371/journal.pone.0193909",1,1,1
"10.1016/j.ces.2005.06.034",1,1,1
"10.1016/j.ijrobp.2019.06.014",1,1,1
"10.1016/j.procs.2014.09.016",1,1,1
"10.1007/978-3-319-97304-3_79",1,1,1
"10.1109/cdc45484.2021.9683509",1,1,1
"10.1016/j.enpol.2007.02.032",1,1,1
"10.1371/journal.pone.0237638",1,1,1
"10.3390/make1020035",1,1,1
"10.1016/j.procs.2014.05.397",1,1,1
"10.1016/j.automatica.2012.09.025",1,1,1
"10.1016/j.ifacol.2020.12.1499",1,1,1
"10.1016/j.automatica.2021.110113",1,1,1
"10.1016/j.physa.2020.125309",1,1,1
"10.31577/cai_2022_1_376",1,1,1
"10.1109/tpwrs.2017.2773623",1,1,1
"10.1007/s10614-014-9439-6",1,1,1
"10.18564/jasss.4150",1,1,1
"10.1002/ece3.9030",1,1,1
"10.1109/cec55065.2022.9870381",1,1,1
"10.1371/journal.pone.0132505",1,1,1
"10.1016/j.tranpol.2017.09.009",1,1,1
"10.5153/sro.3315",1,1,1
"10.1111/ecin.13084",1,1,1
"10.1177/0042098010377366",1,1,1
"10.1109/access.2022.3179414",1,1,1
"10.1007/s00199-005-0617-6",1,1,1
"10.1016/j.jval.2017.05.014",1,1,1
"10.1016/j.ijdrr.2023.103841",1,1,1
"10.1007/s00038-015-0676-9",1,1,1
"10.1016/j.engappai.2013.04.010",1,1,1
"10.3390/land12040735",1,1,1
"10.3390/app8030432",1,1,1
"10.1016/j.tpb.2019.04.006",1,1,1
"10.18564/jasss.3639",1,1,1
"10.1145/3205455.3205546",1,1,1
"10.1016/j.jedc.2010.10.002",1,1,1
"10.1016/j.iot.2020.100356",1,1,1
"10.1007/978-3-030-33749-0_33",1,1,1
"10.1016/j.apenergy.2012.10.065",1,1,1
"10.1109/compsac.2015.97",1,1,1
"10.1007/978-3-319-26485-1_23",1,1,1
"10.1109/tsg.2015.2423683",1,1,1
"10.1016/j.asej.2022.101897",1,1,1
"10.1080/01691864.2019.1691941",1,1,1
"10.1111/jeb.14202",1,1,1
"10.1002/ecs2.2014",1,1,1
"10.1111/jvs.12357",1,1,1
"10.1111/mcn.12661",1,1,1
"10.1186/1475-2875-3-29",1,1,1
"10.1016/j.aquatox.2020.105483",1,1,1
"10.1016/j.enpol.2015.06.044",1,1,1
"10.18564/jasss.2381",1,1,1
"10.1007/s11768-020-00019-7",1,1,1
"10.1016/j.sysconle.2016.05.017",1,1,1
"10.1016/s0007-8506(07)60138-3",1,1,1
"10.1080/00221341.2012.740066",1,1,1
"10.1109/tits.2013.2255286",1,1,1
"10.7866/hpe-rpe.18.1.4",2,0,0
"10.1108/17440081211241950",1,1,1
"10.1016/j.neucom.2014.04.056",1,1,1
"10.1371/journal.pone.0226552",1,1,1
"10.1016/j.ecss.2016.11.024",1,1,1
"10.1016/j.trpro.2014.09.096",1,1,1
"10.1016/j.neucom.2017.08.012",1,1,1
"10.1109/tcyb.2016.2634027",1,1,1
"10.1080/17477778.2019.1680261",1,1,1
"10.1371/journal.pone.0045872",1,1,1
"10.1007/s10115-012-0524-7",1,1,1
"10.1108/bpmj-09-2014-0081",1,1,1
"10.1016/j.jval.2019.03.008",1,1,1
"10.1109/access.2021.3077910",1,1,1
"10.1016/j.ijcip.2018.12.002",1,1,1
"10.1016/j.chaos.2023.113319",1,1,1
"10.1109/tcns.2016.2545521",1,1,1
"10.1111/2041-210x.14014",1,1,1
"10.1016/j.jcorpfin.2023.102387",1,1,1
"10.1016/j.ifacsc.2023.100217",1,1,1
"10.1016/j.ypmed.2022.107131",1,1,1
"10.1371/journal.pone.0238821",1,1,1
"10.1057/s41287-021-00451-8",1,1,1
"10.1088/2057-1976/ab9ab2",1,1,1
"10.18564/jasss.2719",1,1,1
"10.1371/journal.pcbi.1011309",1,1,1
"10.1177/0020294020905075",1,1,1
"10.1016/j.procs.2014.05.493",1,1,1
"10.1080/12265934.2014.920696",1,1,1
"10.1007/s13132-021-00770-5",1,1,1
"10.1016/j.automatica.2016.03.023",1,1,1
"10.18564/jasss.2862",1,1,1
"10.1016/j.scs.2021.103248",1,1,1
"10.1097/tp.0000000000001400",1,1,1
"10.21307/ijssis-2017-925",1,1,1
"10.3390/app10113754",1,1,1
"10.1139/cjfas-2019-0025",1,1,1
"10.1109/wsc48552.2020.9384091",1,1,1
"10.1016/j.mex.2020.101145",1,1,1
"10.1177/1059712318798601",1,1,1
"10.1007/978-981-13-2622-6_47",1,1,1
"10.1609/aimag.v31i2.2261",1,1,1
"10.1177/0272989x20978167",1,1,1
"10.1080/17477778.2023.2179948",1,1,1
"10.1016/j.epidem.2010.05.003",1,1,1
"10.1007/s11538-022-01102-7",1,1,1
"10.5220/0008019201550162",1,1,1
"10.1111/jiec.13041",1,1,1
"10.1002/rnc.6871",1,1,1
"10.1016/j.simpat.2013.06.003",1,1,1
"10.18564/jasss.3039",1,1,1
"10.3233/aic-2010-0477",1,1,1
"10.2105/ajph.2013.301674",1,1,1
"10.1177/10597123030112003",1,1,1
"10.1017/s0266462312000542",1,1,1
"10.1007/s11802-013-1901-x",1,1,1
"10.1016/s0304-3800(02)00278-8",1,1,1
"10.1108/aa-12-2015-117",1,1,1
"10.3141/2620-02",1,1,1
"10.3390/su13137460",1,1,1
"10.1038/s41598-022-23630-x",1,1,1
"10.1109/jbhi.2015.2471804",1,1,1
"10.1016/j.ecolecon.2018.12.025",1,1,1
"10.3390/w14071088",1,1,1
"10.3233/jifs-169776",1,1,1
"10.1177/09544054221080031",1,1,1
"10.3233/mgs-2009-0121",1,1,1
"10.1007/s10980-013-9874-0",1,1,1
"10.1002/cav.1639",1,1,1
"10.1007/s10588-010-9081-3",1,1,1
"10.3389/fpubh.2023.1099116",1,1,1
"10.1109/tac.2022.3151567",1,1,1
"10.1109/tiv.2022.3172342",1,1,1
"10.1007/s11069-019-03677-2",1,1,1
"10.1016/j.neucom.2022.11.051",1,1,1
"10.1007/978-3-030-37218-7_6",1,1,1
"10.1016/j.conengprac.2016.01.009",1,1,1
"10.1002/oca.2643",1,1,1
"10.1016/j.procs.2015.05.488",1,1,1
"10.1080/00207543.2016.1243268",1,1,1
"10.1186/1742-4682-11-17",1,1,1
"10.1057/eej.2016.6",1,1,1
"10.1007/s10614-013-9413-8",1,1,1
"10.1016/j.epsr.2017.02.031",1,1,1
"10.1016/j.landusepol.2008.10.010",1,1,1
"10.1007/s10645-013-9212-6",1,1,1
"10.1016/j.jtbi.2007.11.001",1,1,1
"10.1007/s40747-022-00770-1",1,1,1
"10.1016/j.ifacol.2017.08.1066",1,1,1
"10.1371/journal.pone.0096614",1,1,1
"10.1007/s10100-020-00686-6",1,1,1
"10.1109/lcsys.2022.3179334",1,1,1
"10.1108/17563780911005854",1,1,1
"10.1016/j.spa.2008.12.001",1,1,1
"10.1109/tii.2022.3173053",1,1,1
"10.1080/0305215x.2015.1107434",1,1,1
"10.1631/fitee.2200001",1,1,1
"10.1038/s41598-019-39773-3",1,1,1
"10.3389/fimmu.2013.00300",1,1,1
"10.2307/1243776",1,1,1
"10.2478/jeb-2023-0011",1,1,1
"10.1097/qad.0b013e32833af85d",1,1,1
"10.1161/circulationaha.106.664979",1,1,1
"10.3390/ijerph19074208",1,1,1
"10.1023/a:1016045200996",1,1,1
"10.1162/ajhe_a_00084",1,1,1
"10.1371/journal.pone.0249677",1,1,1
"10.1109/tpwrs.2022.3159825",1,1,1
"10.1016/j.joep.2006.08.001",1,1,1
"10.1002/rnc.3694",1,1,1
"10.1016/j.techfore.2018.12.013",1,1,1
"10.1155/2014/951367",1,1,1
"10.3390/su9112084",1,1,1
"10.1097/00007435-200011000-00008",1,1,1
"10.1016/j.net.2020.08.012",1,1,1
"10.1007/s11633-009-0308-z",1,1,1
"10.1073/pnas.1006874107",1,1,1
"10.1016/j.fishres.2014.07.008",1,1,1
"10.1109/tsg.2011.2167525",1,1,1
"10.1007/s11192-017-2375-1",1,1,1
"10.1061/(asce)up.1943-5444.0000156",1,1,1
"10.1016/j.neucom.2020.12.056",1,1,1
"10.1145/3359997.3365732",1,1,1
"10.1080/088395199117487",1,1,1
"10.1109/tac.2011.2158172",1,1,1
"10.1038/s41598-022-09502-4",1,1,1
"10.3390/su14010474",1,1,1
"10.1016/j.procs.2014.05.437",1,1,1
"10.1109/tsg.2011.2162083",1,1,1
"10.1080/17477778.2019.1675481",1,1,1
"10.3390/su14042083",1,1,1
"10.1007/s40996-021-00612-z",1,1,1
"10.1016/j.jss.2012.12.009",1,1,1
"10.1016/j.jtbi.2004.09.017",1,1,1
"10.1109/bwss.2012.16",1,1,1
"10.2308/accr-51111",1,1,1
"10.1007/s12652-017-0510-8",1,1,1
"10.1016/j.fss.2018.10.007",1,1,1
"10.1142/s230138502450002x",1,1,1
"10.1007/s00500-017-2839-5",1,1,1
"10.1093/jamia/ocy108",1,1,1
"10.1007/s10586-017-1225-5",1,1,1
"10.5220/0006203800880095",1,1,1
"10.1007/978-3-319-23036-8_47",1,1,1
"10.1002/rnc.3210",1,1,1
"10.1007/s13300-020-00968-x",1,1,1
"10.1371/journal.pntd.0009603",1,1,1
"10.1016/j.esr.2021.100789",1,1,1
"10.1016/j.procs.2014.03.092",1,1,1
"10.1631/fitee.2100593",1,1,1
"10.1109/tpwrs.2017.2741672",1,1,1
"10.1155/2022/1005979",1,1,1
"10.3233/978-1-61499-906-5-353",1,1,1
"10.1109/ictai.2012.159",1,1,1
"10.1007/978-3-642-01991-3_3",2,0,0
"10.1007/s11804-010-1017-2",1,1,1
"10.1007/s10980-013-9932-7",1,1,1
"10.1016/j.jnca.2012.11.004",1,1,1
"10.1016/j.eist.2016.06.001",1,1,1
"10.3390/su141912946",1,1,1
"10.1111/j.1365-2419.2004.00305.x",1,1,1
"10.1016/j.simpat.2023.102811",1,1,1
"10.1016/j.ejcon.2019.10.008",1,1,1
"10.1377/hlthaff.2017.0228",1,1,1
"10.1186/s12916-020-01705-8",1,1,1
"10.1002/rnc.4457",1,1,1
"10.1007/s10270-023-01082-9",1,1,1
"10.1016/j.jtbi.2019.06.019",1,1,1
"10.1016/j.gie.2021.02.013",1,1,1
"10.1007/s12063-021-00192-1",1,1,1
"10.3390/su9030431",1,1,1
"10.1109/access.2020.3040985",1,1,1
"10.1177/1548512917704525",1,1,1
"10.3390/s20123597",1,1,1
"10.1016/j.tpb.2008.04.002",1,1,1
"10.1007/s10115-018-1258-y",1,1,1
"10.3390/s23136073",1,1,1
"10.1016/j.apenergy.2017.07.015",1,1,1
"10.1016/j.jtbi.2004.11.028",1,1,1
"10.3389/fmicb.2015.01477",1,1,1
"10.1109/tits.2014.2311162",1,1,1
"10.1016/j.jval.2020.09.021",1,1,1
"10.1023/a:1018971832353",1,1,1
"10.1111/j.1468-0394.2011.00600.x",1,1,1
"10.1016/j.proeng.2014.04.079",1,1,1
"10.1007/s10588-021-09348-7",1,1,1
"10.1186/s12859-020-03872-0",1,1,1
"10.1080/12265934.2017.1336469",1,1,1
"10.1109/tac.2006.884948",1,1,1
"10.1016/j.compbiomed.2013.09.007",1,1,1
"10.1109/access.2019.2942642",1,1,1
"10.1016/j.landusepol.2012.10.015",1,1,1
"10.1007/s11276-023-03470-x",1,1,1
"10.1109/tac.2018.2872534",1,1,1
"10.1061/(asce)co.1943-7862.0000144",1,1,1
"10.1080/15472450.2017.1300887",1,1,1
"10.1109/tcns.2022.3203932",1,1,1
"10.1016/j.diabres.2014.10.008",1,1,1
"10.1007/s10619-006-7001-9",1,1,1
"10.1186/s12936-022-04242-2",1,1,1
"10.1016/j.future.2020.10.014",1,1,1
"10.1016/j.eist.2013.10.001",1,1,1
"10.1109/tnnls.2021.3105800",1,1,1
"10.1016/j.jbusvent.2017.11.005",1,1,1
"10.1016/j.future.2019.05.062",1,1,1
"10.1098/rsif.2022.0876",1,1,1
"10.3141/2160-15",1,1,1
"10.1016/j.physa.2016.04.003",1,1,1
"10.1007/s11518-007-5055-5",1,1,1
"10.1016/j.iref.2014.07.002",1,1,1
"10.1080/10864415.2002.11044246",1,1,1
"10.1109/isie45552.2021.9576178",1,1,1
"10.1093/eurheartj/ehx199",1,1,1
"10.1007/978-3-030-37218-7_39",1,1,1
"10.3389/fpsyt.2023.1127852",1,1,1
"10.1103/physreve.102.062141",1,1,1
"10.1371/journal.pone.0238678",1,1,1
"10.1136/bmjopen-2014-006560",1,1,1
"10.1016/j.epidem.2021.100474",1,1,1
"10.3141/2553-09",1,1,1
"10.1109/icsmc.2006.384742",1,1,1
"10.1016/j.enpol.2016.09.063",1,1,1
"10.1007/s10666-012-9343-1",1,1,1
"10.1007/s11269-022-03359-y",1,1,1
"10.1002/atr.131",1,1,1
"10.1177/09691413211045103",1,1,1
"10.1016/j.aei.2012.10.002",1,1,1
"10.1016/j.jocs.2017.09.016",1,1,1
"10.1111/1755-0998.13120",1,1,1
"10.1111/1754-9485.12467",1,1,1
"10.1142/s0219525911003256",1,1,1
"10.1111/gcb.16890",1,1,1
"10.1371/journal.pone.0244185",1,1,1
"10.1007/978-3-319-28014-1_13",1,1,1
"10.1016/j.scitotenv.2018.03.058",1,1,1
"10.1007/s00033-016-0690-7",1,1,1
"10.1073/pnas.2013342118",1,1,1
"10.1016/j.automatica.2013.09.002",1,1,1
"10.2478/acsc-2014-0021",1,1,1
"10.1016/j.cie.2022.108163",1,1,1
"10.1109/tcds.2020.2970487",1,1,1
"10.4161/viru.1.4.12196",1,1,1
"10.1016/j.dss.2018.10.015",1,1,1
"10.1109/access.2017.2782257",1,1,1
"10.1016/j.envsoft.2014.11.022",1,1,1
"10.1016/j.agsy.2005.06.002",1,1,1
"10.1109/tcst.2017.2699165",1,1,1
"10.1109/cec.2008.4631282",1,1,1
"10.1037/rev0000342",1,1,1
"10.1016/j.jbusres.2020.06.051",1,1,1
"10.1007/s13369-021-06163-9",1,1,1
"10.3328/tl.2011.03.04.279-292",1,1,1
"10.1007/3-540-34824-7_11",1,1,1
"10.7148/2013-0061",1,1,1
"10.1016/j.soilbio.2008.07.032",1,1,1
"10.1109/tpwrs.2005.852060",1,1,1
"10.1186/s13326-017-0142-0",1,1,1
"10.3141/2540-03",1,1,1
"10.1080/17474230802048151",1,1,1
"10.1155/2016/9754514",1,1,1
"10.4028/www.scientific.net/amr.282-283.470",1,1,1
"10.1109/taes.2021.3082711",1,1,1
"10.1016/j.sbspro.2011.04.516",1,1,1
"10.1007/s10614-017-9706-4",1,1,1
"10.1007/s00191-011-0225-5",1,1,1
"10.1007/s40747-022-00877-5",1,1,1
"10.1017/s0954394513000069",1,1,1
"10.1017/ice.2021.36",1,1,1
"10.1016/j.robot.2007.11.003",1,1,1
"10.3390/app13074527",1,1,1
"10.1007/s10816-020-09464-9",1,1,1
"10.1093/plankt/fbab041",1,1,1
"10.1002/tafs.10015",1,1,1
"10.1016/j.enconman.2017.02.021",1,1,1
"10.1186/1471-2458-13-188",1,1,1
"10.1016/j.ins.2019.05.060",1,1,1
"10.1016/j.ecolmodel.2021.109450",1,1,1
"10.1007/978-3-319-16528-8_9",1,1,1
"10.18564/jasss.2964",1,1,1
"10.3233/978-1-58603-904-2-182",1,1,1
"10.1142/s2301385024500213",1,1,1
"10.1007/978-3-319-64798-2_16",1,1,1
"10.1016/j.energy.2019.02.145",1,1,1
"10.1007/s12555-014-0349-0",1,1,1
"10.1016/j.jhazmat.2018.12.018",1,1,1
"10.1109/tcyb.2017.2714688",1,1,1
"10.1007/s13679-015-0147-x",1,1,1
"10.1007/978-3-319-46909-6_24",1,1,1
"10.1016/j.physa.2005.02.061",1,1,1
"10.1109/tii.2015.2475703",1,1,1
"10.1006/ijhc.1997.0160",1,1,1
"10.18564/jasss.2127",1,1,1
"10.1016/j.dib.2021.107022",1,1,1
"10.1016/j.automatica.2021.109563",1,1,1
"10.1109/icws.2017.89",1,1,1
"10.1163/156855304322753317",1,1,1
"10.1109/jstsp.2013.2246512",1,1,1
"10.1007/978-3-030-80126-7_78",2,0,0
"10.1111/evo.14582",1,1,1
"10.1111/j.1540-5885.2011.00789.x",1,1,1
"10.1177/1059712310384282",1,1,1
"10.14201/adcaij2019843340",1,1,1
"10.1093/icesjms/fsz239",1,1,1
"10.1007/s00191-020-00665-9",1,1,1
"10.1016/j.procs.2014.05.146",1,1,1
"10.1080/21681376.2019.1687011",1,1,1
"10.1002/rnc.6266",1,1,1
"10.1080/19452829.2020.1850659",1,1,1
"10.1111/oik.02593",1,1,1
"10.1093/geront/gnab150",1,1,1
"10.1016/j.apenergy.2020.115598",1,1,1
"10.1098/rsos.160926",1,1,1
"10.1016/j.dss.2012.05.060",1,1,1
"10.1049/iet-cta.2018.5305",1,1,1
"10.1016/j.amar.2019.02.001",1,1,1
"10.1016/j.resconrec.2021.105952",1,1,1
"10.1109/tia.2016.2645888",1,1,1
"10.1016/j.patrec.2020.09.004",1,1,1
"10.3390/electronics9071120",1,1,1
"10.3390/bdcc4020005",1,1,1
"10.1109/access.2020.2992515",1,1,1
"10.1016/j.automatica.2021.109989",1,1,1
"10.1016/j.ijedudev.2011.09.006",1,1,1
"10.1179/1752270612y.0000000001",1,1,1
"10.1155/2013/576290",1,1,1
"10.1145/3013529",1,1,1
"10.1002/asjc.3008",1,1,1
"10.1109/tetci.2021.3082204",1,1,1
"10.1007/978-3-031-25549-6_7",1,1,1
"10.3390/math11081824",1,1,1
"10.3390/su13148076",1,1,1
"10.1007/s10682-012-9602-2",1,1,1
"10.1080/09537280601114045",1,1,1
"10.1111/os.12540",1,1,1
"10.1007/s00442-006-0591-0",1,1,1
"10.1080/10508406.2014.976647",1,1,1
"10.1057/s41273-017-0063-z",1,1,1
"10.3390/computation4040039",1,1,1
"10.1007/s00607-016-0492-y",1,1,1
"10.1145/1216895.1216896",1,1,1
"10.1038/s41540-023-00272-x",1,1,1
"10.1016/j.jocs.2020.101244",1,1,1
"10.7232/iems.2022.21.2.206",1,1,1
"10.1142/s0218213022400206",1,1,1
"10.1080/00207543.2019.1660825",1,1,1
"10.1016/j.simpat.2007.11.010",1,1,1
"10.1109/tnb.2004.833701",1,1,1
"10.3390/en14227569",1,1,1
"10.1080/13645579.2022.2137925",1,1,1
"10.1504/ijcnds.2008.021075",1,1,1
"10.1002/sys.21701",1,1,1
"10.3390/su13147881",1,1,1
"10.1103/physreve.100.012609",1,1,1
"10.1109/jstsp.2013.2247023",1,1,1
"10.1109/tac.2021.3059791",1,1,1
"10.1016/j.simpat.2016.02.002",1,1,1
"10.1007/s00521-016-2773-y",1,1,1
"10.1287/mnsc.2015.2364",1,1,1
"10.1109/cac51589.2020.9327435",1,1,1
"10.1016/j.mbs.2008.06.003",1,1,1
"10.18564/jasss.4946",1,1,1
"10.3390/su14052665",1,1,1
"10.1109/tfuzz.2013.2260757",1,1,1
"10.1108/ejim-05-2015-0033",1,1,1
"10.1109/tits.2010.2050688",1,1,1
"10.7567/jjap.54.053001",1,1,1
"10.1142/s0219525913500306",1,1,1
"10.3390/s22207795",1,1,1
"10.1016/j.socnet.2010.04.001",1,1,1
"10.1109/tvt.2023.3262778",2,0,0
"10.23919/springsim.2019.8732884",2,0,0
"10.1162/artl_a_00178",1,1,1
"10.1016/j.cnsns.2020.105678",1,1,1
"10.1080/09535314.2022.2067029",1,1,1
"10.1109/jiot.2020.2973977",1,1,1
"10.1080/0951192x.2021.2004619",1,1,1
"10.1109/tits.2019.2957388",1,1,1
"10.1007/978-3-540-70812-4_14",1,1,1
"10.1109/systems.2010.5482455",1,1,1
"10.1017/s0031182003004025",1,1,1
"10.1017/s0950268822001650",1,1,1
"10.1038/s41598-021-92748-1",1,1,1
"10.1109/tro.2021.3108074",1,1,1
"10.1016/j.jedc.2012.03.012",1,1,1
"10.1007/s11633-020-1254-z",1,1,1
"10.1109/icphm51084.2021.9486628",1,1,1
"10.1088/1748-3190/ab49a4",1,1,1
"10.1016/j.eswa.2014.12.038",1,1,1
"10.4028/p-w76ja7",1,1,1
"10.1007/s00477-010-0411-2",1,1,1
"10.1016/j.pec.2015.01.005",1,1,1
"10.1016/j.resconrec.2023.106982",1,1,1
"10.1109/access.2019.2926451",1,1,1
"10.1073/pnas.0900974106",1,1,1
"10.1186/2193-1801-2-366",1,1,1
"10.1186/s12916-015-0498-x",1,1,1
"10.1177/0037549717743106",1,1,1
"10.3141/2276-02",1,1,1
"10.1002/ece3.5578",1,1,1
"10.1111/1467-6419.00158",1,1,1
"10.4028/www.scientific.net/amm.209-211.814",1,1,1
"10.3390/s20113094",1,1,1
"10.1016/j.jmsy.2018.04.002",1,1,1
"10.1109/tvt.2018.2879927",1,1,1
"10.1007/s10549-017-4394-2",1,1,1
"10.3390/s19030575",1,1,1
"10.1371/journal.pone.0206293",1,1,1
"10.1007/s11424-018-7299-1",1,1,1
"10.3233/mgs-2007-3109",1,1,1
"10.3141/2567-07",1,1,1
"10.1016/j.apenergy.2021.117605",1,1,1
"10.1007/s11277-015-3113-8",1,1,1
"10.18564/jasss.4714",1,1,1
"10.1057/jors.2009.170",1,1,1
"10.1016/j.scico.2018.11.008",1,1,1
"10.1109/tvt.2021.3128038",1,1,1
"10.1007/s00191-010-0207-z",1,1,1
"10.1016/j.ifacol.2021.08.075",1,1,1
"10.1016/j.habitatint.2021.102343",1,1,1
"10.1109/access.2019.2958258",1,1,1
"10.1109/tac.2021.3056363",1,1,1
"10.1109/cac51589.2020.9327095",1,1,1
"10.1139/f08-066",1,1,1
"10.1002/ecm.1223",1,1,1
"10.1134/s0005117917010076",1,1,1
"10.1007/bf03037649",1,1,1
"10.1016/j.ocecoaman.2014.08.001",1,1,1
"10.7326/m20-2912",1,1,1
"10.1108/imds-10-2016-0459",1,1,1
"10.1016/j.compeleceng.2015.12.007",1,1,1
"10.1090/proc/15295",1,1,1
"10.1007/s40888-019-00160-w",1,1,1
"10.1007/978-3-319-50901-3_29",1,1,1
"10.1097/sih.0000000000000572",1,1,1
"10.1631/jzus.a1001030",1,1,1
"10.1109/tcss.2022.3185371",1,1,1
"10.1016/j.energy.2016.09.084",1,1,1
"10.1007/s40313-022-00920-3",1,1,1
"10.7717/peerj.5038",1,1,1
"10.1111/exsy.13115",1,1,1
"10.1063/1.4934668",1,1,1
"10.1111/1365-2664.13805",1,1,1
"10.1007/s10113-018-1327-5",1,1,1
"10.1007/s13762-017-1351-x",1,1,1
"10.3389/fpubh.2020.563247",1,1,1
"10.1007/s11227-018-2249-1",1,1,1
"10.1145/2818567.2818687",1,1,1
"10.1111/fog.12381",1,1,1
"10.1177/1063293x17708820",1,1,1
"10.1109/jiot.2020.2973927",1,1,1
"10.1186/s13662-022-03739-z",1,1,1
"10.1109/lcsys.2023.3267123",1,1,1
"10.1109/tcns.2021.3094785",1,1,1
"10.1016/j.apenergy.2019.113516",1,1,1
"10.1186/s13071-015-1151-4",1,1,1
"10.1016/j.automatica.2011.02.051",1,1,1
"10.1080/0951192x.2011.596223",1,1,1
"10.1080/15534510.2017.1415961",1,1,1
"10.3233/web-170366",1,1,1
"10.1002/cplx.21521",1,1,1
"10.1145/3503510",1,1,1
"10.1016/j.ijepes.2022.108716",1,1,1
"10.1016/j.artint.2012.07.002",1,1,1
"10.1002/sys.21678",1,1,1
"10.1109/access.2020.3045760",1,1,1
"10.1371/journal.pone.0239251",1,1,1
"10.1177/0361198120911047",1,1,1
"10.2307/3284711",1,1,1
"10.1016/j.resconrec.2022.106792",1,1,1
"10.1111/1365-2656.13011",1,1,1
"10.1142/s0218348x12500168",1,1,1
"10.1038/s41893-019-0351-x",1,1,1
"10.1002/ijfe.2426",1,1,1
"10.3389/fevo.2022.845435",1,1,1
"10.1016/j.pocean.2014.04.008",1,1,1
"10.1016/j.funeco.2020.100963",1,1,1
"10.18564/jasss.3399",1,1,1
"10.1111/oik.02673",1,1,1
"10.1007/s11071-017-4045-5",1,1,1
"10.1111/1467-8268.12526",1,1,1
"10.1109/tcyb.2022.3223894",2,0,0
"10.1109/cloudnet.2016.22",1,1,1
"10.18267/j.polek.1337",1,1,1
"10.1016/j.pocean.2011.07.001",1,1,1
"10.3390/su12062370",1,1,1
"10.1155/2018/3927108",1,1,1
"10.1080/21645515.2021.1968738",1,1,1
"10.1007/978-3-642-12384-9_32",1,1,1
"10.1162/comj_a_00438",1,1,1
"10.1016/j.apenergy.2011.11.022",1,1,1
"10.1063/5.0007523",1,1,1
"10.1177/00202940211029337",1,1,1
"10.1016/j.cja.2018.12.005",1,1,1
"10.1109/access.2019.2917320",1,1,1
"10.1016/j.jtbi.2018.01.011",1,1,1
"10.1111/1467-8640.t01-1-00208",1,1,1
"10.31577/cai_2022_1_135",1,1,1
"10.3390/robotics8020025",1,1,1
"10.1002/sys.21216",1,1,1
"10.1109/drcn57075.2023.10108266",1,1,1
"10.1145/3011077.3011120",1,1,1
"10.1128/iai.64.8.3244-3251.1996",1,1,1
"10.1016/j.jpolmod.2022.09.002",1,1,1
"10.1016/j.bios.2016.02.037",1,1,1
"10.3141/2198-17",1,1,1
"10.1007/978-3-319-47253-9_19",1,1,1
"10.1109/tcyb.2018.2825638",1,1,1
"10.1097/qad.0000000000002234",1,1,1
"10.1098/rsif.2014.1184",1,1,1
"10.1177/0272989x18806497",1,1,1
"10.1371/journal.pone.0282906",1,1,1
"10.1109/wiiat50758.2020.00136",1,1,1
"10.4018/ijcwt.305861",1,1,1
"10.1016/j.compedu.2006.01.012",1,1,1
"10.1016/j.cie.2014.11.010",1,1,1
"10.1186/1471-2458-14-923",1,1,1
"10.1109/icacc.2010.5486778",1,1,1
"10.3846/transport.2019.11725",1,1,1
"10.1016/j.engappai.2014.01.001",1,1,1
"10.1016/j.engappai.2023.106280",1,1,1
"10.1109/icmlc.2008.4620564",1,1,1
"10.1002/pop4.107",1,1,1
"10.1080/09511920500399540",1,1,1
"10.1016/j.amepre.2016.12.013",1,1,1
"10.1371/journal.pcbi.1009660",1,1,1
"10.1287/inte.1120.0652",1,1,1
"10.1002/eap.1873",1,1,1
"10.1002/psp.2647",1,1,1
"10.20965/jaciii.2011.p0166",1,1,1
"10.1139/cjce-2011-0555",1,1,1
"10.1016/j.neucom.2021.04.100",1,1,1
"10.1007/s00500-014-1525-0",1,1,1
"10.1007/s11424-017-6241-2",1,1,1
"10.2478/cee-2021-0033",1,1,1
"10.1016/j.cels.2021.05.007",1,1,1
"10.1016/j.ecolecon.2009.04.001",1,1,1
"10.1093/logcom/exr027",1,1,1
"10.1001/jamanetworkopen.2020.19861",1,1,1
"10.1080/00207179.2016.1214880",1,1,1
"10.1016/j.scitotenv.2018.07.060",1,1,1
"10.1109/osmses54027.2022.9769124",1,1,1
"10.30773/pi.2020.0051",1,1,1
"10.1007/s00181-012-0613-1",1,1,1
"10.3390/su10061845",1,1,1
"10.1007/s10489-014-0640-z",1,1,1
"10.1111/2041-210x.13286",1,1,1
"10.1016/j.jth.2023.101628",1,1,1
"10.1016/j.envsoft.2015.08.018",1,1,1
"10.1016/j.ijpara.2006.09.013",1,1,1
"10.3390/su12052070",1,1,1
"10.1371/journal.pone.0086179",1,1,1
"10.1080/00207179.2016.1177776",1,1,1
"10.4028/www.scientific.net/kem.558.268",1,1,1
"10.22364/bjmc.2019.7.4.03",1,1,1
"10.1007/s11160-009-9103-8",1,1,1
"10.1080/21681015.2020.1741038",1,1,1
"10.1016/j.ejmp.2021.07.016",1,1,1
"10.1002/rnc.2968",1,1,1
"10.1177/0046958021990516",1,1,1
"10.1145/3167020.3167037",1,1,1
"10.1007/978-3-319-50115-4_35",1,1,1
"10.1111/j.1365-2648.2010.05545.x",1,1,1
"10.1007/s10287-022-00430-2",1,1,1
"10.1080/15325000801911385",1,1,1
"10.1108/17563780910959884",1,1,1
"10.1177/0037549716678477",1,1,1
"10.18267/j.polek.620",1,1,1
"10.1109/jsyst.2020.3037341",1,1,1
"10.1016/j.promfg.2017.07.263",1,1,1
"10.1007/s10846-017-0497-6",1,1,1
"10.1142/s0219622012500216",1,1,1
"10.1109/jsyst.2013.2281694",1,1,1
"10.1186/s40249-018-0423-6",1,1,1
"10.1016/j.tourman.2019.05.013",1,1,1
"10.1016/j.epidem.2023.100696",1,1,1
"10.1086/680008",1,1,1
"10.1177/1043463107085437",1,1,1
"10.4028/www.scientific.net/amm.423-426.182",1,1,1
"10.1016/j.neucom.2021.05.046",1,1,1
"10.1016/j.enconman.2021.113892",1,1,1
"10.1023/a:1020236119243",1,1,1
"10.1002/crq.21269",1,1,1
"10.3390/app11093785",1,1,1
"10.1016/j.simpat.2011.08.008",1,1,1
"10.1109/tpwrd.2006.877085",1,1,1
"10.1016/j.jtbi.2016.01.038",1,1,1
"10.3390/fractalfract7050409",1,1,1
"10.1016/j.envsoft.2012.08.006",1,1,1
"10.1111/j.1365-2729.2011.00457.x",1,1,1
"10.1016/s2352-3018(18)30097-3",1,1,1
"10.1016/j.trc.2017.10.024",1,1,1
"10.1016/j.scitotenv.2019.133648",1,1,1
"10.1016/j.epsr.2023.109324",1,1,1
"10.1007/s13177-019-00197-y",1,1,1
"10.2298/fil1615101l",1,1,1
"10.1642/0004-8038(2007)124[1186:wlcdbp]2.0.co;2",1,1,1
"10.23919/jsee.2020.000001",1,1,1
"10.1093/jnci/dju366",1,1,1
"10.1016/j.ejor.2018.10.025",1,1,1
"10.1007/s10846-005-2965-7",1,1,1
"10.1016/j.ijhydene.2019.06.128",1,1,1
"10.1016/j.eij.2019.11.005",1,1,1
"10.1136/bmjopen-2016-013791",1,1,1
"10.1080/24725854.2023.2172631",1,1,1
"10.1016/0047-2727(94)01485-7",1,1,1
"10.1093/bioinformatics/bty107",1,1,1
"10.1093/ije/dyab241",1,1,1
"10.4018/978-1-5225-1877-8.ch004",1,1,1
"10.1177/0037549712472939",1,1,1
"10.1016/j.socnet.2009.02.004",1,1,1
"10.1080/0144929x.2022.2048890",1,1,1
"10.1016/j.automatica.2016.08.007",1,1,1
"10.1007/978-3-031-05359-7_21",1,1,1
"10.1016/j.ecolmodel.2006.11.008",1,1,1
"10.1049/iet-cta.2017.0205",1,1,1
"10.1016/j.energy.2018.02.024",1,1,1
"10.1109/access.2022.3224728",1,1,1
"10.1061/(asce)0733-947x(2005)131:7(535)",1,1,1
"10.1016/j.retrec.2019.100797",1,1,1
"10.1890/0012-9615(2006)076[0415:htpapd]2.0.co;2",1,1,1
"10.4254/wjh.v10.i11.837",1,1,1
"10.1016/j.engappai.2018.03.008",1,1,1
"10.1080/00207721003658202",1,1,1
"10.1016/j.resconrec.2019.05.033",1,1,1
"10.1016/j.engappai.2020.103503",1,1,1
"10.1504/ijmic.2008.018191",1,1,1
"10.1016/j.ypmed.2017.10.014",1,1,1
"10.1109/jsyst.2022.3227051",1,1,1
"10.1371/journal.pcbi.1004111",1,1,1
"10.1016/j.jhe.2005.06.001",1,1,1
"10.1186/s40462-019-0171-7",1,1,1
"10.1016/j.scitotenv.2017.03.242",1,1,1
"10.1007/s11192-018-2826-3",1,1,1
"10.1371/journal.pone.0146760",1,1,1
"10.1097/sla.0000000000003074",1,1,1
"10.3390/vaccines9050434",1,1,1
"10.1371/journal.pcbi.1004848",1,1,1
"10.1177/02685809231168135",1,1,1
"10.18564/jasss.1875",1,1,1
"10.1016/j.eswa.2022.116739",1,1,1
"10.1111/1467-9787.00139",1,1,1
"10.1016/s0168-1699(02)00139-4",1,1,1
"10.3389/fphys.2015.00398",1,1,1
"10.1111/deci.12293",1,1,1
"10.1057/s41599-021-00830-w",1,1,1
"10.1016/j.sysconle.2021.104872",1,1,1
"10.1007/s11704-010-0119-y",1,1,1
"10.1093/forestry/cpz016",1,1,1
"10.1186/1475-2875-11-20",1,1,1
"10.1016/j.ins.2013.05.006",1,1,1
"10.1371/journal.pone.0225281",1,1,1
"10.1080/00207179.2016.1210823",1,1,1
"10.1007/978-3-030-31993-9_13",1,1,1
"10.1016/j.econmod.2013.01.031",1,1,1
"10.1016/j.automatica.2022.110390",1,1,1
"10.1177/0272989x15622642",1,1,1
"10.1002/ijc.31094",1,1,1
"10.1016/j.jtbi.2016.11.017",1,1,1
"10.1186/s12859-015-0720-z",1,1,1
"10.1016/j.cie.2022.108180",1,1,1
"10.1016/j.ecolecon.2010.12.009",1,1,1
"10.1049/iet-sen.2008.0025",1,1,1
"10.1007/s11771-016-3231-9",1,1,1
"10.1016/j.jss.2010.09.005",1,1,1
"10.18564/jasss.3111",1,1,1
"10.1080/09511920802537987",1,1,1
"10.1080/14693062.2017.1410090",1,1,1
"10.1098/rsif.2020.0396",1,1,1
"10.3233/jifs-189570",1,1,1
"10.3934/mbe.2019152",1,1,1
"10.1177/0894439312440234",1,1,1
"10.1109/tpami.2023.3262592",2,0,0
"10.1007/s11069-020-03903-2",1,1,1
"10.5829/ije.2020.33.05b.11",1,1,1
"10.1016/s0020-0255(97)10055-x",1,1,1
"10.1007/s11047-014-9428-7",1,1,1
"10.1016/j.rser.2015.12.135",1,1,1
"10.1109/tpwrs.2006.881156",1,1,1
"10.1177/2150131914536400",1,1,1
"10.1016/j.ecoinf.2018.02.003",1,1,1
"10.4054/demres.2020.43.1",1,1,1
"10.1016/j.compedu.2012.10.029",1,1,1
"10.4028/www.scientific.net/amm.361-363.1919",1,1,1
"10.1016/j.spc.2022.01.014",1,1,1
"10.1016/s0304-3800(01)00274-5",1,1,1
"10.1109/tac.2016.2593899",1,1,1
"10.1016/j.physa.2004.05.022",1,1,1
"10.1137/040603127",1,1,1
"10.1016/j.trd.2018.06.023",1,1,1
"10.1093/jnci/djaa001",1,1,1
"10.18564/jasss.3929",1,1,1
"10.18564/jasss.2232",1,1,1
"10.1016/j.jtbi.2016.10.003",1,1,1
"10.1109/tpwrd.2013.2260566",1,1,1
"10.1016/j.rama.2019.08.016",1,1,1
"10.1111/nph.13734",1,1,1
"10.1007/978-3-319-61572-1_14",1,1,1
"10.1111/1365-2664.13762",1,1,1
"10.1016/j.autcon.2010.10.007",1,1,1
"10.1007/s10614-019-09962-3",1,1,1
"10.1111/2041-210x.12526",1,1,1
"10.3389/fenvs.2015.00066",1,1,1
"10.3233/mgs-2005-1307",1,1,1
"10.3233/faia200036",1,1,1
"10.1007/978-3-319-67074-4_6",1,1,1
"10.1117/12.712606",1,1,1
"10.1093/beheco/ary193",1,1,1
"10.1177/0272989x11408915",1,1,1
"10.3141/1923-17",1,1,1
"10.3389/fpls.2016.00111",1,1,1
"10.1111/sjos.12504",1,1,1
"10.1093/jnci/djq242",1,1,1
"10.17310/ntj.2000.4.06",1,1,1
"10.1007/s00191-014-0374-4",1,1,1
"10.1016/j.trpro.2016.06.049",1,1,1
"10.1016/j.isatra.2020.10.030",1,1,1
"10.1007/s12205-011-1037-8",1,1,1
"10.1007/978-3-030-04191-5_33",1,1,1
"10.1016/j.procs.2016.08.245",1,1,1
"10.3389/fnbot.2020.00037",1,1,1
"10.3390/e24020185",1,1,1
"10.1016/0304-3800(91)90058-9",1,1,1
"10.1109/itsc.2015.54",1,1,1
"10.1136/bmjopen-2016-013653",1,1,1
"10.3141/1999-22",1,1,1
"10.1016/j.ejca.2008.09.015",1,1,1
"10.1016/j.eswa.2012.09.020",1,1,1
"10.1109/lcsys.2022.3175665",1,1,1
"10.1142/s0219525917500059",1,1,1
"10.1371/journal.pone.0034040",1,1,1
"10.1016/j.anbehav.2022.07.011",1,1,1
"10.1109/wi-iat.2012.201",1,1,1
"10.1016/s0968-090x(02)00027-x",1,1,1
"10.1613/jair.318",1,1,1
"10.1097/bcr.0b013e318198e764",1,1,1
"10.1049/iet-cta.2017.0356",1,1,1
"10.1016/j.asieco.2017.06.004",1,1,1
"10.1109/tem.2021.3076350",1,1,1
"10.20965/jaciii.2012.p0139",1,1,1
"10.3390/electronics12112524",1,1,1
"10.1371/journal.pone.0217778",1,1,1
"10.3390/f11121338",1,1,1
"10.1049/cth2.12114",1,1,1
"10.1061/(asce)wr.1943-5452.0000835",1,1,1
"10.12913/22998624/111476",1,1,1
"10.1115/detc2009-86957",2,0,0
"10.1007/s13177-017-0142-6",1,1,1
"10.1049/iet-its.2014.0285",1,1,1
"10.1108/sasbe-07-2019-0087",1,1,1
"10.1093/icesjms/fsad105",1,1,1
"10.1142/s0219525910002815",1,1,1
"10.1016/j.regsciurbeco.2011.08.012",1,1,1
"10.1177/20552076231178418",1,1,1
"10.3390/su141912773",1,1,1
"10.1080/00207179.2015.1039595",1,1,1
"10.1080/13658816.2019.1622015",1,1,1
"10.1007/s11071-012-0478-z",1,1,1
"10.1016/j.amc.2019.124800",1,1,1
"10.1016/j.eswa.2019.01.049",1,1,1
"10.3390/info11110516",1,1,1
"10.1016/j.tpb.2006.08.003",1,1,1
"10.3354/meps07601",1,1,1
"10.1177/138826271601800102",1,1,1
"10.3926/jiem.1024",1,1,1
"10.1080/10919392.2020.1838847",1,1,1
"10.1016/j.neucom.2019.10.001",1,1,1
"10.4000/oeconomia.8386",1,1,1
"10.3390/en14030656",1,1,1
"10.1108/jes-03-2013-0039",1,1,1
"10.1007/s40815-020-01035-0",1,1,1
"10.3390/atmos10060293",1,1,1
"10.24425/aee.2020.131756",1,1,1
"10.1007/s10620-014-3186-3",1,1,1
"10.1016/s0965-9978(03)00038-3",1,1,1
"10.1016/j.coisb.2021.100385",1,1,1
"10.1016/j.mcm.2012.09.009",1,1,1
"10.1016/j.ins.2021.10.003",1,1,1
"10.1097/qai.0000000000003093",1,1,1
"10.1016/j.ifacol.2016.07.825",1,1,1
"10.1109/cans.2008.10",1,1,1
"10.3390/en14175307",1,1,1
"10.1016/j.trc.2017.02.011",1,1,1
"10.1016/j.techfore.2020.120145",1,1,1
"10.1016/j.tranpol.2020.01.005",1,1,1
"10.1109/jproc.2006.876969",1,1,1
"10.1016/j.agsy.2023.103615",1,1,1
"10.3390/su12072824",1,1,1
"10.1109/icmeae51770.2020.00019",1,1,1
"10.1109/mits.2020.2990189",1,1,1
"10.1109/isads.2001.917430",1,1,1
"10.1016/j.aap.2019.06.015",1,1,1
"10.1109/ehb52898.2021.9657590",1,1,1
"10.3390/jcm11092401",1,1,1
"10.1016/j.ecocom.2021.100910",1,1,1
"10.1016/j.ecolmodel.2020.109352",1,1,1
"10.1063/5.0124274",1,1,1
"10.1057/s41302-019-00151-6",1,1,1
"10.1002/2050-7038.13039",1,1,1
"10.1007/s00224-023-10117-z",2,0,0
"10.1002/rnc.5153",1,1,1
"10.7326/m15-0617",1,1,1
"10.1007/s12080-014-0219-7",1,1,1
"10.1007/978-3-319-93701-4_68",1,1,1
"10.3389/fphy.2017.00059",1,1,1
"10.1016/j.advengsoft.2020.102956",1,1,1
"10.1109/access.2021.3053402",2,0,0
"10.1016/j.gim.2023.100797",1,1,1
"10.1177/1077546309360047",1,1,1
"10.1162/artl.2006.12.4.617",1,1,1
"10.1371/journal.pone.0168710",1,1,1
"10.1098/rsif.2019.0853",1,1,1
"10.1371/journal.pone.0112612",1,1,1
"10.1006/jtbi.2001.2324",1,1,1
"10.1007/s11771-012-1177-0",1,1,1
"10.1016/j.enpol.2019.05.002",1,1,1
"10.1109/tste.2013.2269319",1,1,1
"10.1002/fee.1203",1,1,1
"10.1016/j.enpol.2010.06.022",1,1,1
"10.1002/etep.390",1,1,1
"10.1109/tcst.2018.2790966",1,1,1
"10.1002/cplx.20134",1,1,1
"10.1016/j.compind.2011.10.005",1,1,1
"10.1016/j.scico.2016.04.008",1,1,1
"10.1504/ijdmb.2012.049293",1,1,1
"10.1016/j.physa.2021.126367",1,1,1
"10.1016/j.envsoft.2014.08.027",1,1,1
"10.1016/0191-2607(82)90069-3",1,1,1
"10.24867/ijiem-2022-4-318",1,1,1
"10.1016/j.tranpol.2021.01.002",1,1,1
"10.3934/dcdss.2019047",1,1,1
"10.1146/annurev-statistics-033121-110134",1,1,1
"10.1109/scc.2006.17",1,1,1
"10.1109/wsc57314.2022.10015513",1,1,1
"10.1007/s13300-023-01441-1",1,1,1
"10.1016/j.amc.2023.128133",1,1,1
"10.1051/radiopro/2020031",1,1,1
"10.1016/j.engappai.2011.06.006",1,1,1
"10.1007/s00181-011-0480-1",1,1,1
"10.1186/s12862-017-0912-4",1,1,1
"10.1007/978-3-319-61572-1_11",1,1,1
"10.1002/asjc.1781",1,1,1
"10.3390/healthcare8030324",1,1,1
"10.1109/tsg.2020.3037560",1,1,1
"10.3390/su13126923",1,1,1
"10.1016/j.ecolmodel.2015.06.008",1,1,1
"10.1016/j.eap.2022.05.002",1,1,1
"10.12694/scpe.v15i3.1017",1,1,1
"10.1136/bmjopen-2016-011151",1,1,1
"10.1061/(asce)te.1943-5436.0000642",1,1,1
"10.3141/2564-02",1,1,1
"10.1007/s10694-007-0015-7",1,1,1
"10.1057/s41274-016-0016-3",1,1,1
"10.1063/5.0080137",1,1,1
"10.1016/j.future.2018.07.021",1,1,1
"10.1186/s12889-023-15936-w",1,1,1
"10.1016/j.amc.2009.01.048",1,1,1
"10.1002/oca.2778",1,1,1
"10.3390/machines9050102",1,1,1
"10.1002/rnc.3552",1,1,1
"10.1093/bioinformatics/btn135",1,1,1
"10.5198/jtlu.2021.1791",1,1,1
"10.1016/j.automatica.2016.01.027",1,1,1
"10.1080/17451000.2011.642804",1,1,1
"10.1002/atr.1319",1,1,1
"10.1080/15568318.2017.1328545",1,1,1
"10.1371/journal.pcbi.1009772",1,1,1
"10.1007/s11606-015-3536-7",1,1,1
"10.1016/j.techfore.2015.06.006",1,1,1
"10.1016/j.ecolmodel.2019.02.015",1,1,1
"10.1061/(asce)wr.1943-5452.0000645",1,1,1
"10.1016/j.simpat.2007.11.017",1,1,1
"10.1016/s0020-0255(02)00374-2",1,1,1
"10.1109/access.2021.3067284",1,1,1
"10.1177/1360780417732954",1,1,1
"10.1080/00036846.2019.1638500",1,1,1
"10.3109/08916934.2011.523275",1,1,1
"10.1016/j.ecolmodel.2013.10.024",1,1,1
"10.1098/rsos.211985",1,1,1
"10.1109/ifita.2009.511",1,1,1
"10.1016/j.eist.2019.03.005",1,1,1
"10.18564/jasss.3395",1,1,1
"10.1017/s1751731112000870",1,1,1
"10.1098/rspb.2015.2404",1,1,1
"10.1017/s0266462311000195",1,1,1
"10.1136/ijgc-2018-000161",1,1,1
"10.1111/j.1939-7445.2010.00077.x",1,1,1
"10.1017/asb.2016.20",1,1,1
"10.1109/lcsys.2023.3283341",1,1,1
"10.1109/cec.2009.4983329",1,1,1
"10.1109/bracis.2018.00073",1,1,1
"10.1371/journal.pone.0255537",1,1,1
"10.1016/j.techfore.2012.05.011",1,1,1
"10.1007/s00426-006-0098-7",1,1,1
"10.1071/mf17082",1,1,1
"10.1007/s10940-020-09489-z",1,1,1
"10.1016/j.jclepro.2022.134625",1,1,1
"10.1109/access.2021.3049272",1,1,1
"10.1186/1742-4682-11-42",1,1,1
"10.3141/2088-04",1,1,1
"10.1080/00207721.2013.769647",1,1,1
"10.1016/j.engappai.2006.03.006",1,1,1
"10.1080/17477778.2021.1931500",1,1,1
"10.1006/anbe.1999.1114",1,1,1
"10.1016/j.technovation.2005.09.017",1,1,1
"10.1177/0193841x05279180",1,1,1
"10.1080/01441647.2023.2195687",1,1,1
"10.1109/tpwrs.2012.2199335",1,1,1
"10.1016/j.jebo.2018.01.010",1,1,1
"10.1016/j.ecolmodel.2017.06.010",1,1,1
"10.1242/bio.20149068",1,1,1
"10.1016/j.agsy.2017.10.015",1,1,1
"10.3390/w7073643",1,1,1
"10.1080/17513758.2015.1078503",1,1,1
"10.1016/j.aap.2014.05.014",1,1,1
"10.1080/00207179.2017.1411609",1,1,1
"10.3233/idt-190003",1,1,1
"10.3389/fphys.2019.01481",1,1,1
"10.1068/c0445",1,1,1
"10.1186/2192-1962-4-1",1,1,1
"10.1109/sieds.2005.193270",1,1,1
"10.1007/s10586-015-0449-5",1,1,1
"10.1111/wej.12864",1,1,1
"10.1186/s12879-018-3319-y",1,1,1
"10.1109/icraie51050.2020.9358276",1,1,1
"10.1016/j.retrec.2017.08.002",1,1,1
"10.1007/s40710-015-0082-6",1,1,1
"10.1016/j.trc.2023.104040",1,1,1
"10.1016/j.apgeog.2010.04.005",1,1,1
"10.3389/frobt.2022.745958",1,1,1
"10.1186/s12859-018-2510-x",1,1,1
"10.12989/smm.2018.5.3.363",1,1,1
"10.3233/jifs-223769",1,1,1
"10.1016/j.jhin.2013.03.011",1,1,1
"10.3141/2311-05",1,1,1
"10.1371/journal.pone.0057612",1,1,1
"10.3141/2484-15",1,1,1
"10.1029/2008wr007634",1,1,1
"10.1002/ecm.1271",1,1,1
"10.1007/s40593-021-00287-7",1,1,1
"10.1038/bjc.2011.67",1,1,1
"10.1109/tpwrs.2007.907533",1,1,1
"10.3390/a12030059",1,1,1
"10.1007/s11116-018-9911-6",1,1,1
"10.1371/journal.pcbi.1010489",1,1,1
"10.1115/1.4003213",1,1,1
"10.1007/978-3-319-39324-7_10",1,1,1
"10.1007/s11403-014-0132-6",1,1,1
"10.1016/j.firesaf.2015.08.009",1,1,1
"10.1007/978-1-4419-0522-2_15",1,1,1
"10.1002/atr.1409",1,1,1
"10.3390/axioms12010065",1,1,1
"10.3390/su10114217",1,1,1
"10.1016/j.ecolmodel.2009.08.022",1,1,1
"10.1142/s0219525913500148",1,1,1
"10.1109/access.2020.2980544",1,1,1
"10.1016/j.asej.2016.05.010",1,1,1
"10.1016/j.eswa.2010.07.047",1,1,1
"10.1016/j.automatica.2014.05.018",1,1,1
"10.1109/tcyb.2018.2794139",1,1,1
"10.1016/j.future.2016.03.023",1,1,1
"10.1109/tac.2016.2610945",1,1,1
"10.1371/journal.pbio.1001424",1,1,1
"10.1016/j.jtbi.2021.110815",1,1,1
"10.1016/j.ijepes.2020.106533",1,1,1
"10.1073/pnas.2000840117",1,1,1
"10.3390/sym10110581",1,1,1
"10.1186/s12966-022-01384-z",1,1,1
"10.1016/j.respol.2022.104565",1,1,1
"10.1016/j.procs.2015.09.206",1,1,1
"10.1080/00207721.2020.1860267",1,1,1
"10.1016/j.ecocom.2019.04.003",1,1,1
"10.1016/j.ecolmodel.2022.109884",1,1,1
"10.1139/f2012-071",1,1,1
"10.3390/en14144163",1,1,1
"10.1109/tcyb.2018.2836140",1,1,1
"10.18564/jasss.2018",1,1,1
"10.1007/978-3-319-92537-0_49",1,1,1
"10.1007/s11432-009-0151-4",1,1,1
"10.6036/9427",1,1,1
"10.1016/j.regsciurbeco.2009.02.003",1,1,1
"10.1086/692438",1,1,1
"10.1016/j.specom.2023.01.004",1,1,1
"10.1109/ems.2014.35",1,1,1
"10.1016/j.jnca.2004.02.002",1,1,1
"10.1371/journal.pcbi.1008845",1,1,1
"10.3390/su132112307",1,1,1
"10.1007/978-3-319-12307-3_22",1,1,1
"10.1371/journal.pone.0193169",1,1,1
"10.1111/exsy.13301",1,1,1
"10.1163/156855301750398329",1,1,1
"10.1007/s11721-021-00198-2",1,1,1
"10.1080/10255842.2012.716830",1,1,1
"10.1287/trsc.2023.1206",1,1,1
"10.1016/j.jtbi.2013.06.010",1,1,1
"10.1111/cwe.12392",1,1,1
"10.18564/jasss.2410",1,1,1
"10.1023/a:1008745617309",1,1,1
"10.3390/s150409112",1,1,1
"10.1080/00207721.2019.1598510",1,1,1
"10.1109/tac.2018.2804860",1,1,1
"10.1177/09691413211056777",1,1,1
"10.1016/j.amc.2023.128229",1,1,1
"10.3141/2063-11",1,1,1
"10.1890/0012-9615(1999)069[0127:ibmoyp]2.0.co;2",1,1,1
"10.1080/10798587.2000.10642854",1,1,1
"10.1109/tsmca.2009.2034862",1,1,1
"10.1038/s41598-017-17093-8",1,1,1
"10.1016/s0007-8506(07)60133-4",1,1,1
"10.1109/tcss.2022.3230201",1,1,1
"10.1680/jtran.14.00082",1,1,1
"10.1016/j.proeng.2016.10.012",1,1,1
"10.1109/jsyst.2012.2218511",1,1,1
"10.1080/14737167.2017.1359542",1,1,1
"10.1007/s10113-022-01999-9",1,1,1
"10.1371/journal.pcbi.1010424",1,1,1
"10.18564/jasss.2297",1,1,1
"10.1016/j.asoc.2006.04.004",1,1,1
"10.3390/app11052202",1,1,1
"10.1177/15485129221150939",1,1,1
"10.3390/en16134914",1,1,1
"10.17310/ntj.2014.4.03",1,1,1
"10.4269/ajtmh.18-0334",1,1,1
"10.1002/cplx.20299",1,1,1
"10.1007/s10796-005-1475-2",1,1,1
"10.1016/s0167-9236(02)00106-9",1,1,1
"10.1016/s0140-3664(96)01160-7",1,1,1
"10.1016/j.ejor.2016.08.042",1,1,1
"10.5489/cuaj.6234",1,1,1
"10.3390/aerospace8050125",1,1,1
"10.1016/j.jnca.2021.103019",1,1,1
"10.1016/j.agwat.2016.08.018",1,1,1
"10.1109/ds-rt.2013.11",1,1,1
"10.1109/wsc.2005.1574370",1,1,1
"10.1038/ismej.2010.90",1,1,1
"10.1155/2021/6634278",1,1,1
"10.1007/s40273-020-00922-6",1,1,1
"10.1242/jeb.039016",1,1,1
"10.1111/aec.12285",1,1,1
"10.1109/tsg.2015.2453884",1,1,1
"10.1097/sla.0000000000001810",1,1,1
"10.4028/www.scientific.net/amm.152-154.1453",1,1,1
"10.1007/s11657-023-01309-8",1,1,1
"10.1007/978-3-319-16610-0_8",1,1,1
"10.3390/s21020622",1,1,1
"10.1111/j.1365-2656.2012.02007.x",1,1,1
"10.1007/s12065-021-00675-x",1,1,1
"10.1111/eufm.12360",1,1,1
"10.1109/iccet.2009.158",1,1,1
"10.1109/iccit.2009.267",1,1,1
"10.4028/www.scientific.net/amm.409-410.1343",1,1,1
"10.1177/0037549717715107",1,1,1
"10.1093/aob/mcx187",1,1,1
"10.1016/j.ins.2020.05.086",1,1,1
"10.14736/kyb-2023-3-0461",1,1,1
"10.1016/j.jfranklin.2018.11.052",1,1,1
"10.1016/j.procs.2014.05.144",1,1,1
"10.1504/ijcat.2011.038558",1,1,1
"10.3390/jmse11071257",1,1,1
"10.1007/978-3-319-10891-9_6",1,1,1
"10.1016/s0166-4972(02)00074-3",1,1,1
"10.47176/jafm.14.06.32437",1,1,1
"10.1007/s10015-007-0483-3",1,1,1
"10.1016/j.jocs.2016.08.005",1,1,1
"10.1117/12.2589494",1,1,1
"10.1098/rspb.2009.1605",1,1,1
"10.1109/tsg.2016.2524688",1,1,1
"10.1007/s11227-018-2429-z",1,1,1
"10.18564/jasss.2725",1,1,1
"10.1016/j.sysconle.2012.06.003",1,1,1
"10.1109/dexa.2001.953129",1,1,1
"10.1103/physreve.70.025103",2,0,0
"10.1109/access.2019.2929267",1,1,1
"10.19272/201806701002",1,1,1
"10.1177/0272989x13493971",1,1,1
"10.1111/1365-2656.12601",1,1,1
"10.1145/3205455.3205639",1,1,1
"10.1016/j.cviu.2018.01.012",1,1,1
"10.1080/0960085x.2018.1560920",1,1,1
"10.1016/j.jcpo.2017.07.004",1,1,1
"10.1897/02-524a",1,1,1
"10.1109/toh.2016.2616311",1,1,1
"10.1017/s1474747218000409",1,1,1
"10.1109/tie.2014.2308134",1,1,1
"10.1016/j.ypmed.2021.106444",1,1,1
"10.1016/j.ijresmar.2007.02.003",1,1,1
"10.1016/j.techfore.2013.01.005",1,1,1
"10.3390/land11111986",1,1,1
"10.1142/s0129183115500485",1,1,1
"10.1371/journal.pcbi.1008600",1,1,1
"10.3390/en13153828",1,1,1
"10.1006/drev.2000.0520",1,1,1
"10.1016/j.tranpol.2015.01.004",1,1,1
"10.1016/j.physd.2004.09.016",1,1,1
"10.1177/03611981211017139",1,1,1
"10.1002/ecy.4041",1,1,1
"10.1016/j.rser.2021.111352",1,1,1
"10.1093/aob/mcaa143",1,1,1
"10.1142/s0219091517500138",1,1,1
"10.1371/journal.pone.0152248",1,1,1
"10.1111/j.1467-8640.2011.00378.x",1,1,1
"10.1080/1406099x.2022.2149976",1,1,1
"10.1002/asmb.2723",1,1,1
"10.1007/s10015-005-0354-8",1,1,1
"10.1016/s0045-7906(02)00057-5",1,1,1
"10.1177/15501477211070202",1,1,1
"10.1016/j.rcim.2016.12.007",1,1,1
"10.3390/ijerph192315578",1,1,1
"10.1016/j.jocs.2017.05.021",1,1,1
"10.1080/15732479.2017.1330893",1,1,1
"10.1075/is.16.1.06bis",1,1,1
"10.1001/jamaoncol.2022.5252",1,1,1
"10.1016/j.ecolmodel.2012.12.003",1,1,1
"10.1098/rspb.2010.1107",1,1,1
"10.1016/j.physa.2016.10.005",1,1,1
"10.1016/j.landusepol.2008.04.004",1,1,1
"10.7326/m18-2238",1,1,1
"10.1109/tcsii.2021.3099875",1,1,1
"10.3233/978-1-58603-900-4-173",1,1,1
"10.1016/j.ifacol.2018.11.031",1,1,1
"10.1109/tcyb.2018.2856508",1,1,1
"10.1016/j.physa.2009.04.044",1,1,1
"10.1016/j.ijmedinf.2010.01.003",1,1,1
"10.1007/978-3-319-04735-5_7",1,1,1
"10.1007/s10994-022-06286-6",1,1,1
"10.1016/j.ausmj.2013.12.004",1,1,1
"10.1109/cdc.2010.5717329",1,1,1
"10.1016/j.mex.2022.101801",1,1,1
"10.1136/sextrans-2021-055220",1,1,1
"10.1016/j.ijpe.2017.12.013",1,1,1
"10.4028/www.scientific.net/amm.263-266.3184",1,1,1
"10.1016/j.aej.2022.01.046",1,1,1
"10.1016/j.jtbi.2021.110912",1,1,1
"10.5018/economics-ejournal.ja.2018-13",1,1,1
"10.1016/s2352-4642(20)30250-9",1,1,1
"10.1016/j.rser.2015.05.081",1,1,1
"10.1016/j.ins.2018.11.050",1,1,1
"10.1177/1065912909338462",1,1,1
"10.1177/17562848211002359",1,1,1
"10.1115/1.4034585",1,1,1
"10.1016/j.frl.2017.09.024",1,1,1
"10.1136/amiajnl-2010-000075",1,1,1
"10.1016/j.jtbi.2004.10.019",1,1,1
"10.1016/j.jtbi.2022.111185",1,1,1
"10.1016/j.ypmed.2019.105836",1,1,1
"10.1016/j.automatica.2022.110290",1,1,1
"10.3354/meps07796",1,1,1
"10.1016/j.apenergy.2023.121180",1,1,1
"10.1117/12.2304533",1,1,1
"10.1088/1757-899x/95/1/012095",1,1,1
"10.1109/pdp2018.2018.00010",1,1,1
"10.1098/rsfs.2023.0010",1,1,1
"10.7326/m20-8076",1,1,1
"10.3390/heritage6070274",1,1,1
"10.1002/rnc.3085",1,1,1
"10.1108/k-12-2018-0675",1,1,1
"10.1016/s0990-7440(01)01106-8",1,1,1
"10.1177/0361198120963105",1,1,1
"10.1080/15472450.2019.1683450",1,1,1
"10.12759/hsr.43.2018.1.110-143",1,1,1
"10.1109/wism.2009.135",1,1,1
"10.1017/s1474747208003624",1,1,1
"10.1016/j.jhevol.2018.10.011",1,1,1
"10.1103/physreve.98.042314",1,1,1
"10.1109/tg.2021.3075065",1,1,1
"10.1177/1059712315607606",1,1,1
"10.20965/jaciii.2018.p0933",1,1,1
"10.1068/a38497",1,1,1
"10.1080/00207179.2014.930930",1,1,1
"10.1515/eng-2021-0081",1,1,1
"10.1007/s10588-018-9263-y",1,1,1
"10.1016/j.jmp.2017.09.004",1,1,1
"10.1016/j.jtbi.2007.10.039",1,1,1
"10.1016/j.neucom.2019.03.030",1,1,1
"10.1016/j.eswa.2014.02.039",1,1,1
"10.1016/j.ecolmodel.2019.01.012",1,1,1
"10.1007/s00779-010-0361-1",1,1,1
"10.1137/16m1080926",1,1,1
"10.1109/access.2018.2849731",1,1,1
"10.1142/s0129183100000754",1,1,1
"10.1177/1729881417710794",1,1,1
"10.1002/rnc.6242",1,1,1
"10.1177/1088868314530515",1,1,1
"10.3390/systems5040054",1,1,1
"10.20965/jaciii.2014.p0624",1,1,1
"10.1371/journal.pone.0237967",1,1,1
"10.3390/jmse10101477",1,1,1
"10.1016/s0014-2921(97)00006-8",1,1,1
"10.1007/978-3-319-53354-4_6",1,1,1
"10.18564/jasss.4396",1,1,1
"10.1016/j.physa.2018.11.046",1,1,1
"10.1016/j.trpro.2015.06.048",1,1,1
"10.3390/info14060313",1,1,1
"10.1006/jmsc.1996.0003",1,1,1
"10.1002/eap.1656",1,1,1
"10.1061/(asce)cp.1943-5487.0000090",1,1,1
"10.18564/jasss.2333",1,1,1
"10.1016/j.ecolmodel.2018.12.025",1,1,1
"10.1007/s12652-016-0414-z",1,1,1
"10.1093/infdis/jiz667",1,1,1
"10.1007/s10654-017-0235-1",1,1,1
"10.1109/access.2023.3299230",2,0,0
"10.1098/rsif.2014.1071",1,1,1
"10.1038/srep36068",1,1,1
"10.1007/978-3-319-46568-5_50",1,1,1
"10.18564/jasss.2305",1,1,1
"10.1016/j.enpol.2009.05.023",1,1,1
"10.1109/ical.2007.4339003",1,1,1
"10.1007/s13369-020-05322-8",1,1,1
"10.14311/ap.2015.55.0154",1,1,1
"10.1007/s40618-022-01910-7",1,1,1
"10.1016/j.simpat.2007.02.005",1,1,1
"10.1016/j.dhjo.2014.06.005",1,1,1
"10.1111/j.1365-2745.2006.01135.x",1,1,1
"10.1016/s1569-190x(02)00134-x",1,1,1
"10.1145/2740908.2741737",1,1,1
"10.3390/su132212648",1,1,1
"10.1016/j.ecolmodel.2012.12.002",1,1,1
"10.1111/j.0022-4146.2005.00368.x",1,1,1
"10.1371/journal.pone.0144451",1,1,1
"10.1159/000362408",1,1,1
"10.1142/s0129054112400266",1,1,1
"10.3390/app9132667",1,1,1
"10.1080/00207179.2017.1286040",1,1,1
"10.1142/s021800141659014x",1,1,1
"10.1109/jstsp.2011.2118740",1,1,1
"10.1371/journal.pone.0209406",1,1,1
"10.1016/j.jclepro.2021.127844",1,1,1
"10.1111/j.1530-9290.2012.00486.x",1,1,1
"10.1080/1331677x.2016.1193948",1,1,1
"10.4018/ijdst.2019010104",1,1,1
"10.1016/j.simpat.2017.03.012",1,1,1
"10.1080/0952813x.2015.1042923",1,1,1
"10.1061/(asce)nh.1527-6996.0000065",1,1,1
"10.4018/jdet.2013010101",1,1,1
"10.1371/journal.pone.0064091",1,1,1
"10.1016/j.gim.2023.100813",1,1,1
"10.1109/tcyb.2016.2582802",1,1,1
"10.1006/jmsc.2001.1104",1,1,1
"10.1109/tac.2015.2508883",1,1,1
"10.1162/artl_a_00390",1,1,1
"10.1177/0037549718776368",1,1,1
"10.1162/artl.2009.gras.012",1,1,1
"10.6036/10724",1,1,1
"10.1016/j.engappai.2014.10.017",1,1,1
"10.1016/j.ssci.2011.09.009",1,1,1
"10.1155/2020/6747985",1,1,1
"10.1016/j.ins.2014.07.045",1,1,1
"10.1145/3058592",1,1,1
"10.1142/s2301385019500055",1,1,1
"10.1016/j.sbspro.2011.04.449",1,1,1
"10.1080/00207721.2020.1737264",1,1,1
"10.1115/1.4050624",2,0,0
"10.1093/plankt/22.6.999",1,1,1
"10.46354/i3m.2022.hms.006",2,0,0
"10.1051/mmnp/2022013",1,1,1
"10.1371/journal.pntd.0006905",1,1,1
"10.1007/s10506-006-9005-1",1,1,1
"10.1111/apt.16317",1,1,1
"10.1007/978-3-319-40162-1_14",1,1,1
"10.1134/s1547477108030163",1,1,1
"10.1109/access.2020.3021027",1,1,1
"10.1016/j.solener.2019.08.040",1,1,1
"10.1186/s13012-018-0767-0",1,1,1
"10.1111/j.0022-0477.2004.00911.x",1,1,1
"10.1016/j.nancom.2015.04.005",1,1,1
"10.1016/j.ecolmodel.2018.04.015",1,1,1
"10.1016/j.envsoft.2008.06.016",1,1,1
"10.1007/978-3-319-40159-1_14",1,1,1
"10.1007/s10726-011-9247-5",1,1,1
"10.1016/j.jenvman.2021.113560",1,1,1
"10.2478/cait-2021-0042",1,1,1
"10.1007/s11116-019-10013-x",1,1,1
"10.1016/j.mbs.2019.108270",1,1,1
"10.3906/elk-0906-7",1,1,1
"10.1016/j.jhe.2009.07.006",1,1,1
"10.1002/ffj.3234",1,1,1
"10.1109/ictai.2014.66",1,1,1
"10.3390/g12040075",1,1,1
"10.1109/tnnls.2020.3025711",1,1,1
"10.1093/eurpub/cky209",1,1,1
"10.1016/j.compenvurbsys.2016.08.004",1,1,1
"10.4018/ijcini.20211001.oa27",1,1,1
"10.3141/2491-06",1,1,1
"10.1109/jiot.2023.3240671",1,1,1
"10.1021/acssynbio.6b00315",1,1,1
"10.1109/bibm.2009.63",1,1,1
"10.1080/09640568.2020.1823344",1,1,1
"10.1016/j.apenergy.2018.03.017",1,1,1
"10.1080/08839510500484249",1,1,1
"10.1515/jisys-2020-0042",1,1,1
"10.1109/scis-isis.2018.00059",1,1,1
"10.1002/ecs2.2039",1,1,1
"10.1017/s0031182006000503",1,1,1
"10.1016/j.evolhumbehav.2013.06.001",1,1,1
"10.1016/j.aquaculture.2021.736598",1,1,1
"10.1007/s10115-016-0964-6",1,1,1
"10.1111/j.1465-7287.1995.tb00007.x",1,1,1
"10.1080/02286203.2019.1675015",1,1,1
"10.1002/cnm.3323",1,1,1
"10.1016/j.ifacol.2018.11.364",1,1,1
