"Timestamp","Username","First author's surname","Year of publication","Which journal is the paper in?","Journal volume identifier","Issue number","Page range or article number","Is this paper about an agent-based model?","Is this paper about a model in the social sciences?","Does the model simulate an empirical, contemporary case study?","Does the paper provide any information about the spatial extent of the model?","What is the spatial extent simulated in the model?","What is the name given by the authors in the paper to the area simulated?","How is space represented in the model?","Does the paper say how many pixels, patches, cells and/or polygons?","Number of pixels, patches or cells","Number of polygons, lines, points or 'features'","How many time steps are in the model?","What sort of time scale do the time steps represent?","Which social entities are represented as agents in the model?","How many agents are simulated in the model?","Units of the number of agents","How many of the above 'units' are there in the real case study?","How many runs of the model do the authors report having done?","Do the authors provide any information about the computing equipment they used?","What computing equipment was used?","Does the paper discuss any practical limitations on their work that might be fixed by access to more computing power?","When describing or discussing the model, which of the following phrases (or similar) were used to suggest pragmatic constraints on the work?","When discussing the model's limitations or any future work, which of the following are mentioned in a way that suggests a superior study would have done them if feasible?","Interesting?"
"2024/08/13 10:45:24 am CET","Gary","Rosales","2019","Smart Innovation, Systems and Technologies","96","","275-283","I cannot be sure from reading the paper","Yes","Yes","Yes","","Tijuana, Mexico","Not a spatially explicit model","N/A","","","","","Humans;Organizations (businesses, NGOs, etc.)","1","Humans","","","No","","Maybe","","more complicated decision making algorithms",""
"2024/08/13 10:58:09 am CET","Gary","Alisoltani","2023","Smart Innovation, Systems and Technologies","354","","119-128","Yes","Yes","Yes","Yes","City","Lyon, France","Other","N/A","","","","","Humans;Human-Operated Machines;Organizations (businesses, NGOs, etc.)","1000","Human-Operated Machines","","","No","","No","","more scenarios",""
"2024/08/13 11:49:55 am CET","Richard","Khademi","2018","Smart Innovation, Systems and Technologies","93","","43-58","Yes","Yes","Yes","Yes","City","Los Angeles County","Paper does not say","No","","","","","Humans","10000","Humans","9818605","100","No","","Maybe","to save computing time;to save memory;due to limitations in both the implementation and the network generator","including other social processes;including new classes of agent",""
"2024/08/13 2:09:22 pm CET","Gary","Goudet","2017","Computational Economics","50","","21-68","Yes","Yes","Yes","Yes","Nation","France","Not a spatially explicit model","N/A","","","","","Humans;Organizations (businesses, NGOs, etc.)","8713","Humans","40790000","400","No","","Yes","to save computing power","including other social processes",""
"2024/08/13 2:25:43 pm CET","Gary","Berger","2006","Agricultural Systems","88","","28-43","Yes","Yes","Yes","Yes","Multiple Counties or Region","Iganga, Uganda and Melado River Catchment, Chile","Paper does not say","No","","","","","Households","","","","","No","","No","","",""
"2024/08/13 2:26:14 pm CET","Richard"," Rosales","2019","Smart Innovation, Systems and Technologies","","","275-283","Yes","Yes","Yes","Yes","County or Municipality","Tijuana Mexico","Not a spatially explicit model","N/A","","","","","Humans;Organizations (businesses, NGOs, etc.)","","","4700000","","No","","No","","more agents;more complicated decision making algorithms",""
"2024/08/13 2:45:12 pm CET","Gary","Zheng","2013","Agricultural Systems","122","","60-72","Yes","Yes","Yes","Yes","County or Municipality","Zhongjiang, Sichuan, China","Paper does not say","No","","","","","Households","20056","Households","140392","","No","","Yes","to save computing time;to save memory","including other social processes;changes in attributes of agents",""
"2024/08/13 3:10:22 pm CET","Richard","Alisoltani","2020","Smart Innovation, Systems and Technologies","186","","199-207","Yes","Yes","Yes","Yes","City","Lyon France 80KM^2","Vector (polygons, lines, points)","Yes","","27000","","","Human-Operated Machines","480000","Humans","480000","","No","","No","","",""
"2024/08/13 3:27:27 pm CET","Alison","Saqalli","2010","Journal of Artificial Societies and Social Simulation","13","2","n/a","Yes","Yes","Yes","Yes","County or Municipality","""canton"" of Dantiandou, Niger","Raster (cells, pixels, patches)","Yes","10000","","","","Humans;Households","50","Humans","50","120","No","","No","","including other social processes;More data",""
"2024/08/13 3:55:09 pm CET","Gary","Guillem","2015","Agricultural Systems","137","","12-23","Yes","Yes","Yes","Yes","Catchment of a River Basin","Lunan, Tayside, Scotland 132km^2","Vector (polygons, lines, points)","Yes","","1590","","","Organizations (businesses, NGOs, etc.)","","Organizations","115","40","No","","No","","larger spatial extent;more complicated decision making algorithms;more environmental dynamics;including other social processes",""
"2024/08/13 6:15:26 pm CET","Gary","Mejia","2018","Agricultural Systems","160","","132-142","Yes","Yes","Yes","Yes","Multiple Counties or Region","Cundinamarca, Colombia (30,000 Ha)","Other","N/A","","","","","Organizations (businesses, NGOs, etc.);Municipal/Local Governments","1377","Organizations","","4050","No","","No","","more complicated decision making algorithms;including other social processes",""
"2024/08/14 9:40:33 am CET","Doug","Mehdi Saqalli","2013","Agricultural Systems","104","4","354-364","Yes","Yes","Yes","Yes","Village","Zermou, Gabi, Fakara","Raster (cells, pixels, patches)","No","","","","","Humans","50","Humans","","","","","No","","",""
"2024/08/14 9:56:13 am CET","Gary","Schmidt","2021","Agricultural Systems","194","","103271","I cannot be sure from reading the paper","Yes","Yes","No","Nation","Switzerland","Paper does not say","N/A","","","","","Organizations (businesses, NGOs, etc.)","9","Organizations","3100","482000","No","","Yes","to save computing time","more environmental dynamics;including other social processes",""
"2024/08/14 10:25:47 am CET","Doug","Guillem","2015","Agricultural Systems","137","","12-23","Yes","Yes","Yes","Yes","Multiple Counties or Region","","","","","","","","Humans","","Humans","","","","","","","",""
"2024/08/14 10:59:18 am CET","Gary","Crooks","2013","Computers, Environment and Urban Systems","41","","100-111","Yes","Yes","Yes","Yes","County or Municipality","Port-au-Prince, Republic of Haiti (48km^2)","Mix of Raster and Vector","Yes","4800","","","","Humans;Organizations (businesses, NGOs, etc.)","1300000","Humans","","177","No","","","","more complicated decision making algorithms;more data",""
"2024/08/14 11:17:45 am CET","Gary","Orsi","2016","Computers, Environment and Urban Systems","60","","12-22","Yes","Yes","Yes","Yes","Multiple Counties or Region","Catinaccio-Rosengarten Italy (7000 Ha)","Vector (polygons, lines, points)","No","","","","","Humans;Human-Operated Machines","2000","Humans","2000","838","No","","","to save computing time;to save disk space","more runs of the model;more data",""
"2024/08/14 11:37:18 am CET","Gary","Pires","2017","Computers, Environment and Urban Systems","61","","66-80","Yes","Yes","Yes","Yes","City","Kibera, Kenya (5.85km^2)","Mix of Raster and Vector","Yes","37440","","","","Humans;Households;Organizations (businesses, NGOs, etc.)","235000","Humans","270000","","No","","No","lack of data","including other social processes",""
"2024/08/14 11:50:13 am CET","Gary","Ge","2017","Computers, Environment and Urban Systems","62","","182-198","Yes","Yes","No","N/A (This paper should be excluded)","City","","Raster (cells, pixels, patches)","Yes","25","","","","Humans;Organizations (businesses, NGOs, etc.)","","","","2640","No","","Yes","to save computing time","more fine-grained spatial representation;including other social processes",""
"2024/08/14 12:14:37 pm CET","Gary","Basak","2017","Computers, Environment and Urban Systems","64","","118-131","Yes","Yes","Yes","Yes","","Grand Road, Puri, Odisha, India (5973m^2)","Raster (cells, pixels, patches)","Yes","57600","","","","Humans","8592","Humans","","80","No","","Maybe","","more environmental dynamics;including other social processes",""
"2024/08/14 12:22:21 pm CET","Doug","Mejia","2018","Agricultural Systems","160","","132-142","Yes","Yes","Yes","No","County or Municipality","","","No","","","","","Organizations (businesses, NGOs, etc.)","1836","Organizations","","200","No","","No","","",""
"2024/08/14 12:23:28 pm CET","Richard","Alisoltani","2023","Smart Innovation, Systems and Technologies","354","","119-128","Yes","Yes","Yes","Yes","City","Lyon, France","Vector (polygons, lines, points)","","","205308","","","Human-Operated Machines","484690","Human-Operated Machines","484690","","No","","No","","",""
"2024/08/14 12:35:27 pm CET","Gary","Ardestani","2018","Computers, Environment and Urban Systems","69","","1-16","Yes","Yes","Yes","Yes","County or Municipality","Auckland, New Zealand","Vector (polygons, lines, points)","Yes","","316","","","Humans","","","847113","40","No","","Maybe","lack of data","more runs of the model;more complicated decision making algorithms;more data",""
"2024/08/14 12:52:59 pm CET","Gary","Yang","2019","Computers, Environment and Urban Systems","74","","13-22","Yes","Yes","Yes","Yes","County or Municipality","Florida Keys, USA","Mix of Raster and Vector","","","","","","Humans;Households","79547","Humans","79547","400","No","","","lack of data","more scenarios",""
"2024/08/14 12:57:01 pm CET","Richard","Goudet","2016","Computational Economics","50","","21-68","Yes","Yes","Yes","Yes","City","France 2011","Not a spatially explicit model","","","","","","Humans;Organizations (businesses, NGOs, etc.);National Governments","10000","Humans","47000000","200","No","","No","","more complicated decision making algorithms",""
"2024/08/14 1:46:33 pm CET","Doug","Kaye-Blake","2019","Agricultural Systems","173","","458-468","Yes","Yes","Yes","Yes","County or Municipality","Southland, New Zealand","Paper does not say","No","","","","","Humans","","Humans","","","No","","No","","",""
"2024/08/14 2:46:47 pm CET","Doug","Jordan","2014","Computers, Environment and Urban Systems","48","","49-63","Yes","Yes","Yes","Yes","Multiple Counties or Region","East and South East Leeds, UK","Paper does not say","No","","","","","Households","35729","Households","35729","","No","","No","","",""
"2024/08/15 8:52:01 am CET","Doug","Orsi","2016","Computers, Environment and Urban Systems","60","","12-22","Yes","No","Yes","Yes","County or Municipality","Province of Trento and Province of Bolzano","Paper does not say","No","","","","","Humans","2000","Humans","","818","No","","","","",""
"2024/08/15 9:11:45 am CET","Doug","Pires","2017","Computers, Environment and Urban Systems","61","A","66-80","Yes","Yes","Yes","Yes","Town","Kibera, Nairobi","Paper does not say","No","","","","","Humans;Households;Organizations (businesses, NGOs, etc.)","235000","Humans","235000","","No","","","","",""
"2024/08/15 9:29:41 am CET","Gary","Tomasiello","2020","Computers, Environment and Urban Systems","81","","101462","Yes","Yes","Yes","Yes","County or Municipality","Sao Paolo, Brazil","Raster (cells, pixels, patches)","No","","","","","Humans","15008","Humans","3001600","1344","No","","Yes","to save computing time","more fine-grained spatial representation;including other social processes;including new classes of agent",""
"2024/08/15 10:11:17 am CET","Doug","Ge","2016","Computers, Environment and Urban Systems","62","","182-198","Yes","Yes","No","N/A (This paper should be excluded)","Town","","Raster (cells, pixels, patches)","No","","25","","","Humans;Organizations (businesses, NGOs, etc.)","","","","20","No","","Yes","for the sake of simplicity;to save computing time","more agents;less aggregated agents (e.g. simulating people not households);larger spatial extent;more complicated decision making algorithms",""
"2024/08/15 10:22:41 am CET","Ric","Saqalli","2010","Journal of Artificial Societies and Social Simulation","13","(2)","na","Yes","Yes","Yes","Yes","County or Municipality","Dantiandou Niger","Raster (cells, pixels, patches)","Yes","10000","","","","Humans;Households","50","Humans","","125","No","","Yes","data","",""
"2024/08/15 10:25:08 am CET","Gary","Monteiro","2021","Computers, Environment and Urban Systems","87","","101623","I cannot be sure from reading the paper","Yes","Yes","Yes","City","Sao Paolo, Brazil","Vector (polygons, lines, points)","No","","","","","Humans;Human-Operated Machines;Organizations (businesses, NGOs, etc.)","500","Humans","","","Yes","Personal computer (desktop/laptop)","Maybe","to save computing time","including other social processes",""
"2024/08/15 10:53:31 am CET","Ric","Srbljinovic","2003","Journal of Artificial Societies and Social Simulation","6","1","","Yes","Yes","No","No","","","Not a spatially explicit model","","","","","","Humans","200","Humans","","1000","Yes","Personal computer (desktop/laptop)","No","","",""
"2024/08/15 10:55:48 am CET","Doug","Gurram","2019","Computers, Environment and Urban Systems","75","","22-34","Yes","Yes","Yes","Yes","County or Municipality","Hillsborough County Florida","","","","","","","","1200000","Humans","1200000","","No","","No","","more environmental dynamics",""
"2024/08/15 11:02:55 am CET","Gary","Shin","2023","Computers, Environment and Urban Systems","99","","101894","Yes","Yes","Yes","Yes","City","Seoul CBD, South Korea (16.7km^2)","Raster (cells, pixels, patches)","Yes","29760","","","","Humans;Human-Operated Machines","4432","Humans","","","Yes","Organization's computing cluster","Yes","to save computing time","larger spatial extent;more fine-grained spatial representation;more environmental dynamics;including other social processes",""
"2024/08/15 11:15:49 am CET","Gary","Moreno","2007","Environmental Modelling and Software","22","","664-673","Yes","Yes","Yes","Yes","","Caparo Forest Reserve, Venezuela (53358 Ha)","Raster (cells, pixels, patches)","Yes","13340","","","","Humans;Organizations (businesses, NGOs, etc.);Municipal/Local Governments","100","Humans","","3","No","","Yes","to save computing time","more complicated decision making algorithms;more environmental dynamics;including other social processes;including new classes of agent",""
"2024/08/15 11:16:37 am CET","Ric","Khademi,","2018","Smart Innovation, Systems and Technologies","93","1","43-58","Yes","Yes","Yes","Yes","County or Municipality","Los Angeles County","Not a spatially explicit model","","","","","","","10000","Humans","9818605","200","No","","Yes","for the sake of simplicity","larger social network",""
"2024/08/15 11:23:49 am CET","Ric","Ishino","2019","Smart Innovation, Systems and Technologies","96","","331–340","Yes","Yes","Yes","Yes","Nation","japa","Not a spatially explicit model","","","","","","Humans;Organizations (businesses, NGOs, etc.)","1000","Humans","","","No","","No","","more data",""
"2024/08/15 11:29:35 am CET","Gary","Zhang","2011","Environmental Modelling and Software","26","","482-491","Yes","Yes","Yes","No","Multiple Counties or Region","Jiangsu Province, China","Not a spatially explicit model","N/A","","","","","Organizations (businesses, NGOs, etc.)","45","Organizations","45","50","No","","No","","more complicated decision making algorithms;including other social processes",""
"2024/08/15 11:39:42 am CET","Ric","Ziervogel","2005","Agricultural Systems","83","","1-26","Yes","Yes","Yes","Yes","Nation","Lesothopop","Not a spatially explicit model","","","","","","Humans;Organizations (businesses, NGOs, etc.)","700","Humans","","1500","No","","No","","",""
"2024/08/15 11:45:19 am CET","Gary","Balbi","2013","Environmental Modelling and Software","45","","29-51","Yes","Yes","Yes","Yes","County or Municipality","Auronzo di Cadore, Italy","Raster (cells, pixels, patches)","Yes","375","","","","Humans","9500","Humans","","5600","No","","No","","including other social processes",""
"2024/08/15 12:03:40 pm CET","Gary","Gaube","2013","Environmental Modelling and Software","45","","92-103","Yes","Yes","Yes","Yes","City","Vienna, Austria","Mix of Raster and Vector","Yes","","59","","","Humans;Households","770000","Households","","4","No","","No","for the sake of simplicity;lack of data","including other social processes;more data",""
"2024/08/15 12:09:13 pm CET","Ric","Zagaria","2021","Agricultural Systems","188","","","Yes","Yes","Yes","Yes","County or Municipality","Romagna Italy","Raster (cells, pixels, patches)","No","","","","","Humans;Households;Organizations (businesses, NGOs, etc.)","8584","Humans","8584","35","No","","No","","",""
"2024/08/15 12:21:26 pm CET","Ric","Schmidt","2021","Agricultural Systems","","194","","Yes","Yes","Yes","Yes","Nation","Switzerland","Not a spatially explicit model","","","","","","Humans;Households;Organizations (businesses, NGOs, etc.)","3100","Organizations","","500","No","","No","","",""
"2024/08/15 12:53:40 pm CET","Gary","Koutiva","2016","Environmental Modelling and Software","79","","35-54","Yes","Yes","Yes","No","City","Athens, Greece","Not a spatially explicit model","N/A","","","","","Households","930","Households","930000","3140","No","","Maybe","for the sake of simplicity;to save computing time;lack of data","including other social processes",""
"2024/08/15 1:16:52 pm CET","Ric","Crooks","2013","Computers, Environment and Urban Systems","41","","100-111","Yes","Yes","Yes","Yes","Nation","Haiti part of 8 by 6 km","Raster (cells, pixels, patches)","Yes","4800","","","","Humans;Organizations (businesses, NGOs, etc.)","1300000","Humans","9719932","150","No","","No","","more data",""
"2024/08/15 1:31:53 pm CET","Ric","Birkin","2014","Computers, Environment and Urban Systems","48","","49-63","Yes","Yes","Yes","Yes","City","Gipton leeds","Paper does not say","","","","","","Households","35729","Households","35729","1000","No","","","","",""
"2024/08/15 1:59:48 pm CET","Doug","Bogado Tomasiello","2018","Computers, Environment and Urban Systems","81","101462","","Yes","Yes","Yes","Yes","County or Municipality","Sao Paolo","Paper does not say","No","","","","","Humans;Organizations (businesses, NGOs, etc.)","15008","Humans","3001600","5","No","","","","more environmental dynamics",""
"2024/08/15 2:09:42 pm CET","Ric","Marini","2019","Computers, Environment and Urban Systems","78","","","Yes","Yes","Yes","Yes","County or Municipality","Swiss agglomeration of Lausanne","Paper does not say","","","","","","Humans;Households;Organizations (businesses, NGOs, etc.)","100000","Humans","298000","15","Yes","Organization's computing cluster","Yes","to save computing time","more agents",""
"2024/08/15 2:19:03 pm CET","Ric","Zhu,","2021","Computers, Environment and Urban Systems","89","","101680","Yes","Yes","Yes","Yes","County or Municipality","Baton Rouge, Louisiana.","Mix of Raster and Vector","No","","","","","Humans","1000","Humans","","100","No","","No","","",""
"2024/08/15 2:22:57 pm CET","Doug","Zhu","2021","Computers, Environment and Urban Systems","89","","101680","Yes","Yes","Yes","Yes","City","East Baton Rouge Parish, Louisiana","Raster (cells, pixels, patches)","Yes","30463","","","","Humans","","Humans","","45","Yes","Personal computer (desktop/laptop)","Yes","to save computing time","",""
"2024/08/15 2:37:34 pm CET","Doug","Jubert","2022","Computers, Environment and Urban Systems","94","","101757","Yes","Yes","Yes","Yes","City","Cape Town, South Africa","","","","","","","Humans","16100","Humans","","","Yes","Organization's computing cluster","","","",""
"2024/08/16 9:01:28 am CET","Gary","Noel","2017","Environmental Modelling and Software","92","","1-16","Yes","Yes","Yes","Yes","Catchment of a River Basin","Upper Republican Natural Resources District, Nebraska, USA","Raster (cells, pixels, patches)","Yes","2500","","","","Organizations (businesses, NGOs, etc.)","1040","Organizations","","","No","","No","for the sake of simplicity;lack of data","more complicated decision making algorithms",""
"2024/08/16 9:12:47 am CET","Doug","Zhang","2022","Computers, Environment and Urban Systems","94"," June 2022","101798","Yes","Yes","Yes","Yes","County or Municipality","Region of Waterloo, Ontario, Canada","Paper does not say","No","","","","","Organizations (businesses, NGOs, etc.)","48","Organizations","","1000","No","","Yes","Computational limits of NetLogo","",""
"2024/08/16 9:47:57 am CET","Alison","Srblijnovic","2003","Journal of Artificial Societies and Social Simulation","6","1","","Yes","Yes","Yes","Yes","County or Municipality","Former Yugoslavia","Raster (cells, pixels, patches)","Yes","","","","","Humans","200","Humans","","","Yes","Personal computer (desktop/laptop)","","for the sake of simplicity","including other social processes;Lack of data:  The problem aggravating this issue is the lack of reliable data concerning the dynamics of mobilisation of ethnic groups",""
"2024/08/16 11:02:42 am CET","Gary","Wang","2022","Habitat International","128","","102647","Yes","Yes","Yes","Yes","Town","Shankou Town, Guangxi Zhuang, China (8000 hm^2_","Raster (cells, pixels, patches)","No","4000","","5","Years","Organizations (businesses, NGOs, etc.)","","","","","No","","","","including other social processes;more / other scenarios","No"
"2024/08/16 11:23:04 am CET","Gary","Palmer","2015","Technological Forecasting and Social Change","99","","106-131","Yes","Yes","Yes","No","Nation","Italy","Other","N/A","","","21","Years","Households","666666","Households","10000000","","No","","Yes","to save computing time;to save memory;lack of data","more data","Maybe"
"2024/08/16 11:39:39 am CET","Gary","Sun","2019","Technological Forecasting and Social Change","140","","281-295","Yes","Yes","Yes","No","Nation","United States","Not a spatially explicit model","N/A","","","40","Years","Humans;Organizations (businesses, NGOs, etc.)","10000000","Humans","10000000","300","No","","No","lack of data","","No"
"2024/08/16 11:53:25 am CET","Gary","Loibl","2003","Environmental Modelling and Software","18","","553-563","Yes","Yes","Yes","Yes","County or Municipality","Greater Vienna Region, Austria","Raster (cells, pixels, patches)","No","","","","","Households;Organizations (businesses, NGOs, etc.)","","","","","No","","No","","","No"
"2024/08/16 12:05:25 pm CET","Gary","Mintram","2022","PLoS ONE","17","8","e0272664","Yes","Yes","Yes","No","Nation","England","Not a spatially explicit model","N/A","","","29220","Days","Humans","1000","Humans","","100","No","","No","","more environmental dynamics;including other social processes","Maybe"
"2024/08/16 1:22:39 pm CET","Alison","Castella","2005","Agricultural Systems","86","","312-332","Yes","Yes","Yes","Yes","County or Municipality","Villages within the area of Bec Kan (Northern Vietnam)","Raster (cells, pixels, patches)","Yes","2500","","8","Years","Humans;Households","246","Humans","","","No","","","for the sake of simplicity","",""
"2024/08/16 1:35:15 pm CET","Alison","Saqalli","2011","Agricultural Systems","104","4","354-364","Yes","Yes","Yes","Yes","Village","Three areas: Zero, Gabi and Fakara (Niger)","Raster (cells, pixels, patches)","No","","","3120 ","Weeks","Humans","50","Humans","","30","No","","Yes","","including other social processes","No"
"2024/08/16 1:53:16 pm CET","Ric","Le","2012","Environmental Modelling and Software","27-28","","83-96","Yes","Yes","Yes","Yes","Catchment of a River Basin","Hong Ha watershed (Vietnam).","Paper does not say","","","","","Years","Organizations (businesses, NGOs, etc.)","","","","","No","","No","","","No"
"2024/08/16 1:57:08 pm CET","Ric","Gorecki,","2023","Smart Innovation, Systems and Technologies","345","","87-98","Yes","Yes","No","N/A (This paper should be excluded)","","","","","","","","","","","","","","","","","","",""
"2024/08/16 2:02:31 pm CET","Alison","Feitosa","2011","Computers, Environment and Urban Systems","35","2","104-115","Yes","Yes","Yes","Yes","City","São José dos Campos (Brazil)","","","","","9","Years","Humans;Households","106591","Humans","609229","5","No","","","","including new classes of agent;more data","No"
"2024/08/16 2:04:48 pm CET","Ric","Gaube","2013","Environmental Modelling and Software","45","","92-103","Yes","Yes","Yes","Yes","City","Vienna","Raster (cells, pixels, patches)","No","","","50","Years","Households","770000","Households","1700000","","No","","No","","","No"
"2024/08/16 2:13:44 pm CET","Ric","Abreu","2018","Environmental Modelling and Software","","18","","Yes","Yes","Yes","Yes","County or Municipality","Cerrado Federal District of Brazil","Raster (cells, pixels, patches)","No","","","","Years","Organizations (businesses, NGOs, etc.)","","","","138800","No","","No","","","No"
"2024/08/16 2:17:33 pm CET","Alison","Basak","2017","Computers, Environment and Urban Systems","64","","118-131","Yes","Yes","Yes","Yes","Housing Estate","Area around a temple -Grand Road (Puri, India)","Vector (polygons, lines, points)","","5973","","","Seconds","Humans","8592","Humans","","80","No","","No","lack of data","","Maybe"
"2024/08/16 2:24:50 pm CET","Ric","Dai","2020","Environmental Modelling and Software","127","","","Yes","Yes","Yes","Yes","City","Lishui, China","Raster (cells, pixels, patches)","No","293","","36","Minutes","Humans","71673","Humans","","24","No","","No","","","No"
"2024/08/16 2:26:59 pm CET","Alison","Ardestani","2018","Computers, Environment and Urban Systems","69","","1 - 16","Yes","Yes","Yes","Yes","City","Auckland","","","","","30","Years","Humans","847113","Humans","847113","","","","","lack of data","more data","Yes"
"2024/08/16 2:47:35 pm CET","Alison","Gorecki","2023","Smart Innovation, Systems and Technologies","354","","","Yes","Yes","Yes","Yes","City","Bordeaux Urban Area","Paper does not say","","","","","","Humans","","Humans","1000000","","","","No","","","No"
"2024/08/16 3:01:18 pm CET","Alison","Ishino","2019","Smart Innovation, Systems and Technologies","","","331 - 340","Yes","Yes","Yes","Yes","Nation","Japan","Not a spatially explicit model","","","","","","Humans","1050","Humans","","","","","No","for the sake of simplicity","","No"
"2024/08/16 4:55:37 pm CET","Alison","Alisoltani","2010","Smart Innovation, Systems and Technologies","186","","","Yes","Yes","Yes","Yes","City","Lyon (France)","Vector (polygons, lines, points)","Yes","6400","","14400","Seconds","Humans","","Humans","","","No","","No","","","Maybe"
"2024/08/18 10:13:24 am CET","Doug","Kajiwara","2022","Computers, Environment and Urban Systems","98","","101873","No","Yes","Yes","Yes","Nation","Japan","Paper does not say","No","","","","","Households","","","","","No","","No","","","No"
"2024/08/18 2:00:31 pm CET","Doug","Caprioli","2023","Computers, Environment and Urban Systems","102","","101955","Yes","Yes","Yes","Yes","County or Municipality","Brisbane Inner, Brisbane Inner North, Brisbane Inner East, Brisbane Inner South and Brisbane Inner West","Paper does not say","No","","","20","Years","Households","4063","Households","4063","","No","","Maybe","","No correct procedure for validating an ABM","No"
"2024/08/19 12:40:25 pm CET","Doug","Zhang ","2001","Environmental Modelling and Software","26","4","482-491","Yes","Yes","Yes","Yes","Multiple Counties or Region","Jiangzhu Province","Paper does not say","No","","","","","Organizations (businesses, NGOs, etc.)","45","Organizations","45","","No","","No","","","No"
"2024/08/19 1:52:29 pm CET","Doug","Schreinemachers","2011","Environmental Modelling and Software","26","7","845-859","Yes","Yes","","Yes","More than one Nation, but not a whole Continent","Chile, Germany, Ghana, Thailand, Uganda, Vietnam","Raster (cells, pixels, patches)","Yes","530000","","6","Years","Households","530000","Households","","","Yes","Personal computer (desktop/laptop)","No","","","No"
"2024/08/19 2:03:14 pm CET","Ric","Bao","2020","Habitat International","95","","102096","Yes","Yes","Yes","No","Village","None is an Archetype Chinese village","Raster (cells, pixels, patches)","No","","","1500","Hours","Humans","330","Humans","","6","No","","No","","","No"
"2024/08/19 2:23:48 pm CET","Ric","Schwarz","2009","Technological Forecasting and Social Change","76","","497–511","Yes","Yes","Yes","Yes","Multiple Counties or Region","Southern Germany","Vector (polygons, lines, points)","","","","180","Months","Households","11915","Households","1300000","4","No","","Yes","for the sake of simplicity","less aggregated agents (e.g. simulating people not households);more complicated decision making algorithms",""
"2024/08/19 2:43:54 pm CET","Ric","Wolf","2015","Technological Forecasting and Social Change","94","","269–285","Yes","Yes","Yes","Yes","City","Berlin, Germany","Not a spatially explicit model","No","","","100","Seasons / Quarters","Humans","675","Humans","","40","No","","","lack of data;","","No"
"2024/08/19 2:59:42 pm CET","Ric","Zhang","2016","Technological Forecasting and Social Change","106","","74–84","Yes","Yes","Yes","Yes","City","Leeds UK","Paper does not say","","","","1440","Minutes","Households","1000","Households","787700","200","Yes","Personal computer (desktop/laptop)","No","","","No"
"2024/08/19 3:29:47 pm CET","Ric","Najafi","2017","Medical Decision Making","25","","871-881","Yes","Yes","Yes","Yes","","Veterans Centre located at Sunnybrook Health Sciences Centre, Toronto","Paper does not say","","","","1000","Seconds","Humans","68","Humans","68","10000","Yes","National HPC infrastructure","No","","","Yes"
"2024/08/19 3:43:38 pm CET","Ric","Nyambo","2022","Adaptive Behaviour","","30.1  ","51-62.","Yes","Yes","Yes","Yes","More than one Nation, but not a whole Continent","Ethiopia and Tanzania","Not a spatially explicit model","","","","725","Days","Households","4679","Households","","12","No","","No","","",""
"2024/08/19 3:57:52 pm CET","Ric","Davey","2008","PLoS ONE","3","7","1-14","Yes","Yes","Yes","Yes","Nation","USA","Not a spatially explicit model","","","","160","Days","Humans","10000","Humans","","100","No","","","","","No"
"2024/08/19 4:06:12 pm CET","Doug","Le","2012","Environmental Modelling and Software","27-28","","83-96","Yes","Yes","Yes","Yes","Catchment of a River Basin","Hong Ha watershed in central Vietnam","Paper does not say","No","","","","Years","Households","","Households","","","No","","No","","","No"
"2024/08/19 4:11:07 pm CET","Alison","Gurramm","2019","Computers, Environment and Urban Systems","75","","22-34","No","Yes","Yes","Yes","County or Municipality","Hillsborough County, Tampa, Florida","","","","","","","","","","","","","","","","",""
"2024/08/19 4:23:47 pm CET","Alison","Roy","2020","Computers, Environment and Urban Systems","80","","","Yes","Yes","Yes","Yes","City","Bangalore","Mix of Raster and Vector","","","37","100","Seconds","Households","","Households","","30","No","","","","more data","Maybe"
"2024/08/19 4:27:14 pm CET","Alison","Martins Monteiro","2021","Computers, Environment and Urban Systems","87","","","No","Yes","","N/A (This paper should be excluded)","","","","","","","","","","","","","","","","","","",""
"2024/08/19 4:34:29 pm CET","Alison","Moreno","2007","Environmental Modelling and Software","","","","Yes","Yes","Yes","Yes","Village","aparo Forest Reserve in western Venezuela.","Raster (cells, pixels, patches)","","","","","Months","Humans;Municipal/Local Governments","100","Humans","","","No","","No","","more complicated decision making algorithms","No"
"2024/08/19 4:53:47 pm CET","Alison","Naivinit","2010","Environmental Modelling and Software","25","","","Yes","Yes","Yes","Yes","Village","Ban Mak Mai, Thailand","Raster (cells, pixels, patches)","","","","3650","Days","Humans;Households","","","","","No","","No","","","No"
"2024/08/19 5:05:30 pm CET","Alison","Haase","2012","Environmental Modelling and Software","35","","92-103","Yes","Yes","Yes","Yes","City","Leipzig","Raster (cells, pixels, patches)","No","","","","","Humans","","","437000","","No","","No","","","No"
"2024/08/20 8:53:08 am CET","Alison","Crooks","2014","Environmental Modelling and Software","62","","164 - 177","Yes","Yes","Yes","Yes","Village","Dadaab refugee camp in Kenya","Raster (cells, pixels, patches)","Yes","337.5","","","Days","Humans","500000","Humans","","","No","","No","for the sake of simplicity","more data","Yes"
"2024/08/20 9:03:41 am CET","Alison","Noel","2017","Environmental Modelling and Software","92","","1 - 16","Yes","Yes","Yes","Yes","County or Municipality","Sheridan County in Kansas - 6475km2","Raster (cells, pixels, patches)","No","","","59","Years","Humans;Organizations (businesses, NGOs, etc.)","1040","Humans","","","No","","No","lack of data","more complicated decision making algorithms;more data","No"
"2024/08/20 9:14:36 am CET","Alison","Braasch","2018","Environmental Modelling and Software","105","","153-170","Yes","Yes","Yes","Yes","County or Municipality","La Sepultura MABR, Chiapas, Mexico","Raster (cells, pixels, patches)","Yes","10449","","","Years","Humans","","","","","No","","No","","","No"
"2024/08/20 9:30:05 am CET","Gary","Nyambo","2020","Adaptive Behaviour","","","1-12","Yes","Yes","Yes","Yes","More than one Nation, but not a whole Continent","Ten regions in Ethiopia and Tanzania","Paper does not say","N/A","","","725","Days","Households","4394","Households","","10","No","","Maybe","Too many rows of data in Excel (1.965m)","","No"
"2024/08/20 9:40:15 am CET","Alison","Wolf","2020","Technological Forecasting and Social Change","80","","","Yes","Yes","Yes","Yes","City","Berlin","Paper does not say","N/A","","","100","","Humans","675","Humans","","","No","","No","lack of data","","No"
"2024/08/20 9:50:46 am CET","Alison","Sun","2019","Technological Forecasting and Social Change","140","","281-295","Yes","Yes","Yes","No","","","Paper does not say","No","","","40","Years","Humans","","Humans","","100","No","","No","","","No"
"2024/08/20 10:38:06 am CET","Gary","Morrison","2022","Transportation Research Record","2676","11","520-532","I cannot be sure from reading the paper","Yes","Yes","Yes","County or Municipality","New Brunswick, Canada","Raster (cells, pixels, patches)","Yes","900","","156600","Minutes","Human-Operated Machines","44","Human-Operated Machines","","100","No","","Maybe","lack of data","including other social processes;including new classes of agent","No"
"2024/08/20 11:10:10 am CET","Gary","Siegrist","2022","Transportation Research Record","2676","11","436-445","I cannot be sure from reading the paper","Yes","Yes","Yes","City","Zurich, Switzerland","Paper does not say","N/A","","","","","Humans","12072","Humans","1400000","5","No","","No","","including other social processes","No"
"2024/08/20 11:23:33 am CET","Gary","Chen","2022","Transportation Research Record","2677","2","555-563","No","Yes","Yes","Yes","Multiple Counties or Region","Indiana, USA","Vector (polygons, lines, points)","No","","","","","","","","","","No","","No","","more environmental dynamics","No"
"2024/08/20 11:40:26 am CET","Gary","Marshall","2012","PLoS ONE","7","9","e44833","Yes","Yes","Yes","Yes","City","New York City, USA","Not a spatially explicit model","N/A","","","11","Years","Humans","100000","Humans","11700000","1000","Yes","Organization's computing cluster","No","lack of data","more agents;more runs of the model;including other social processes;more data;more / other scenarios;more fine-grained temporal resolution, more attributes (demographic)","Yes"
"2024/08/20 11:40:53 am CET","Doug","Smagjl","2013","Environmental Modelling and Software","45","","8-14","Yes","Yes","Yes","Yes","Multiple Counties or Region","East Kalimantan, Indonesia","Paper does not say","No","","","","Days","","","","","","No","","No","","","No"
"2024/08/20 11:52:35 am CET","Gary","Nsoesie","2013","PLoS ONE","8","6","e67164","Yes","Yes","Yes","Yes","Multiple Counties or Region","Montgomery County, Virginia, United States; also Miami; also Seattle","Not a spatially explicit model","N/A","","","180","Days","Humans","3200000","Humans","","750","No","","No","","","No"
"2024/08/20 12:02:54 pm CET","Alison","Viegas de Lima","2018","Transportation Research Record","","","","Yes","Yes","Yes","Yes","County or Municipality","Greater Boston Area","Paper does not say","No","","","","","Humans","4500000","","","","Yes","Organization's computing cluster","No","lack of data","more data","No"
"2024/08/20 12:06:27 pm CET","Gary","Santos","2015","PLoS ONE","10","4","e0121888","Yes","Yes","No","N/A (This paper should be excluded)","","Southern Tierra del Fuego, Argentina-Chile","Raster (cells, pixels, patches)","Yes","40401","","100000","Days","Humans","400","Humans","","16000","No","","","","","No"
"2024/08/20 2:01:17 pm CET","Ric","Magliocca","2014","PLoS ONE","9","1","e86179","Yes","Yes","Yes","Yes","More than one Nation, but not a whole Continent","Sample sites included two in China (western Shandong Province, China (1a) and northern Hunan Province, China (1b)), two in Luoang Namtha, Laos (1c), one in southwestern Kentucky, USA (2a), and one in northwestern Virginia, USA","Raster (cells, pixels, patches)","Yes","10000","","20","Years","Humans;Households","100","Households","","1560","No","","Yes","lack of data","more agents","No"
"2024/08/20 2:04:05 pm CET","Ric","Santos","2015","PLoS ONE","1","4","e0121888.","Yes","Yes","No","N/A (This paper should be excluded)","","","","","","","","","","","","","","","","","","",""
"2024/08/20 2:14:29 pm CET","Ric","Grow","2015","PLoS ONE","10","6","e0127806.","Yes","Yes","Yes","Yes","More than one Nation, but not a whole Continent","12 European countries","Not a spatially explicit model","","","","60","Years","Humans","500","Humans","","250","No","","Yes","lack of data","more inteactions","No"
"2024/08/20 2:22:43 pm CET","Ric","Kouwenberg","2015","PLoS ONE","10","6","e0129070.","Yes","Yes","Yes","Yes","City","Washington D.C","Not a spatially explicit model","","","","208","Seasons / Quarters","Households","2200000","","2200000","100","No","","No","","","No"
"2024/08/20 2:36:46 pm CET","Ric","Gutfraind","2015","PLoS ONE","10","9","e0137993.","Yes","Yes","Yes","Yes","City","Chicago","Raster (cells, pixels, patches)","No","","","7500","Days","Humans","32000","","","1200","Yes","National HPC infrastructure","No","","","Yes"
"2024/08/20 2:48:06 pm CET","Ric","Shrime","2016","PLoS ONE","11","12","e0168867","Yes","Yes","Yes","Yes","Nation","Uganda","Paper does not say","","","","18250","Days","Humans","10000","Humans","37500000","100","No","","Yes","lack of data","more data","No"
"2024/08/20 2:59:26 pm CET","Ric","Lindkvist","2016","PLoS ONE","12","4","e0175532.","Yes","Yes","Yes","Yes","Multiple Counties or Region","Northwest Mexico.","Not a spatially explicit model","","","","36500","Days","Human-Operated Machines","","Human-Operated Machines","","10000","No","","Yes","lack of data;quality of data","","No"
"2024/08/20 9:50:28 pm CET","Richard","Ziervogel","2004","Agricultural Systems","","83","1-26","Yes","Yes","Yes","Yes","Town","Lesotho","Paper does not say","No","","","200","Seasons / Quarters","Households","700","Households","","500","No","","No","","more environmental dynamics","No"
"2024/08/21 8:57:02 am CET","Doug","Hase","2012","Environmental Modelling and Software","35","","92-103","Yes","Yes","Yes","Yes","City","Leipzig, Germany","Raster (cells, pixels, patches)","No","","","","","Households","","","","","No","","No","","","No"
"2024/08/21 10:58:27 am CET","Doug","Balbi","2013","Computational Economics","45","","29-51","Yes","Yes","Yes","Yes","","Auronzo di Cadore, Dolomites","Paper does not say","","","","","","Humans;Organizations (businesses, NGOs, etc.)","14000","Humans","","5600","Yes","Personal computer (desktop/laptop)","No","","","No"
"2024/08/21 2:23:09 pm CET","Richard","Castella","2005","Agricultural Systems","","86","312-332","Yes","Yes","Yes","Yes","Village","2500 * 1000M^2","Raster (cells, pixels, patches)","Yes","2500","","","Years","Households","50","Households","","","No","","","","more complicated decision making algorithms","No"
"2024/08/21 3:08:59 pm CET","Ric","Alghais","2017","PLoS ONE","13","12","e0209065.","Yes","Yes","Yes","Yes","Nation","Kuwait","Vector (polygons, lines, points)","No","","","7","Years","Humans;Households;Organizations (businesses, NGOs, etc.)","","Humans","4500000","35","Yes","","Yes","lack of data","","No"
"2024/08/21 3:26:07 pm CET","Ric","Perez","2019","PLoS ONE","14","7","e0219188","Yes","Yes","Yes","Yes","City","Montreal","Other","","","","","Years","Humans;Households","12000","Humans","","1200","No","","Yes","","validation","No"
"2024/08/21 3:41:56 pm CET","Doug","Murray-Rust","2013","Environmental Modelling and Software","46","","75-89","Yes","Yes","Yes","Yes","County or Municipality","Koper, Slovenia","Raster (cells, pixels, patches)","Yes","31100","","","Years","","","Organizations","","150","No","","No","","","No"
"2024/08/21 4:46:24 pm CET","Richard","Berger","2006","Agricultural Systems","","88","28-43","Yes","Yes","Yes","Yes","Village","Uganda and Chile","Raster (cells, pixels, patches)","No","","","","","Households","","","","","","","No","","","No"
"2024/08/21 5:04:01 pm CET","Richard","Retzlaff","2022","Journal of Artificial Societies and Social Simulation","25(1)","3","1-39","Yes","Yes","Yes","Yes","City","Aachen, Germany","Vector (polygons, lines, points)","No","","","","","Humans","52910","Humans","52910","","No","","No","","more agents","Yes"
"2024/08/21 8:23:38 pm CET","Richard","Zheng","2013","Agricultural Systems","","122","60-72","Yes","Yes","Yes","Yes","County or Municipality","Zhongjiang County,  Sichuan Province in southwest China","Not a spatially explicit model","","","","","Years","Humans","20056","Humans","1400392","","No","","No","","","No"
"2024/08/21 8:50:17 pm CET","Richard","Zagaria","2021","Agricultural Systems","","188","1-15","Yes","Yes","Yes","Yes","County or Municipality","Emilia Romagna Italy","Raster (cells, pixels, patches)","No","","","33","Seasons / Quarters","Organizations (businesses, NGOs, etc.)","8584","Humans","","5","No","","No","","","No"
"2024/08/21 9:06:59 pm CET","Richard","Feitosa","2010","Computers, Environment and Urban Systems","","","1-12","Yes","Yes","Yes","Yes","City","Sao Jose Dos Campos Brazil","Raster (cells, pixels, patches)","No","","","9","Years","Humans","106591","Humans","106591","5","No","","No","","","No"
"2024/08/21 9:36:38 pm CET","Richard","Metcalf","2019","Computers, Environment and Urban Systems","","","1-29","Yes","Yes","Yes","Yes","County or Municipality","Florida Keys, USA","Vector (polygons, lines, points)","No","","","24","Hours","Humans;Households","79547","Humans","79547","50","No","","No","","","Maybe"
"2024/08/22 12:00:25 pm CET","Richard","Marini","2019","Computers, Environment and Urban Systems","","78","1-15","Yes","Yes","Yes","Yes","County or Municipality","Lausanne Switzerland","Vector (polygons, lines, points)","Yes","","","","Years","Humans;Households","8000000","Humans","8000000","","No","","Yes","","more agents;larger spatial extent","Maybe"
"2024/08/22 12:21:29 pm CET","Richard","Roy","2020","Computers, Environment and Urban Systems","","","1-36","Yes","Yes","Yes","Yes","County or Municipality","Bangalore India","Vector (polygons, lines, points)","Yes","","37","","","Humans;Households","","Humans","4500000","","No","","No","","","Maybe"
"2024/08/22 1:43:23 pm CET","Alison","Mintram","2022","PLoS ONE","","","","Yes","Yes","Yes","N/A (This paper should be excluded)","","","","","","","","","","","","","","","","","","",""
"2024/08/22 2:01:08 pm CET","Alison","Masoud","2023","Transportation Research Record","2677","1","","Yes","Yes","Yes","Yes","Village","Kelowna, British Columbia, Canada","Mix of Raster and Vector","No","","","","","Humans","","","2400","","No","","No","","more data","No"
"2024/08/22 2:12:05 pm CET","Alison","Atti","2008","PLoS ONE","","","","No","I don't think there are any agents in the model","","N/A (This paper should be excluded)","","","","","","","","","","","","","","","","","","",""
"2024/08/22 2:21:44 pm CET","Alison","Davey","2008","PLoS ONE","3","7","","No","I don't think there are any agents in the model","","N/A (This paper should be excluded)","","","","","","","","","","","","","","","","","","",""
"2024/08/22 2:41:38 pm CET","Richard","Joubert","2022","Computers, Environment and Urban Systems","","94","1-18","Yes","Yes","Yes","Yes","City","Cape Town South Africa","Vector (polygons, lines, points)","","","6800000","3800","Minutes","Humans","2014380","Humans","2014380","","Yes","Personal computer (desktop/laptop)","No","to save memory","more complicated decision making algorithms","Yes"
"2024/08/22 2:50:39 pm CET","Alison","Magliocca","2014","PLoS ONE","","","","Yes","Yes","Yes","Yes","Village","Sample sites included two in China (western Shandong Province, China (1a) and northern Hunan Province, China (1b)), two in Luoang Namtha, Laos (1c), one in southwestern Kentucky, USA (2a), and one in northwestern Virginia, USA (2b)","Raster (cells, pixels, patches)","No","","","","","Humans","100","Humans","","","No","","Yes","","","No"
"2024/08/22 3:14:00 pm CET","Alison","Padmanabha","2015","PLoS ONE","","","","I cannot be sure from reading the paper","Yes","","Yes","Village","Various parts of Columbia","Raster (cells, pixels, patches)","","67","","20","Years","","","","","1000","No","","No","","","No"
"2024/08/22 3:40:15 pm CET","Richard","Zhang","2022","Computers, Environment and Urban Systems","","94","1-20","Yes","Yes","Yes","Yes","City","Waterloo Ontario Canada","Raster (cells, pixels, patches)","No","","","20","","Organizations (businesses, NGOs, etc.)","","Organizations","","1000","No","","No","","more complicated decision making algorithms","Maybe"
"2024/08/22 3:50:37 pm CET","Richard","Kajiwara","2022","Computers, Environment and Urban Systems","","98","1-13","Yes","Yes","Yes","Yes","City","Toyama and Shizouka Japan","Paper does not say","","","","","","Households","","Households","","","No","","No","","","No"
"2024/08/22 4:01:46 pm CET","Richard","Shin","2023","Computers, Environment and Urban Systems","","99","1-11","Yes","Yes","Yes","Yes","City","Seoul Korea","Raster (cells, pixels, patches)","Yes","29760","","127740","Minutes","Human-Operated Machines","1400","Human-Operated Machines","40000","20","Yes","Personal computer (desktop/laptop)","No","","more / other scenarios","Maybe"
"2024/08/22 4:11:57 pm CET","Richard","Caprioli","2023","Computers, Environment and Urban Systems","","102","1-19","Yes","Yes","Yes","Yes","City","Brisbane Australia","Vector (polygons, lines, points)","No","","","","Years","Households","4093","Households","","","No","","No","","","No"
"2024/08/27 12:15:30 pm CET","Doug","Crooks","2014","Environmental Modelling and Software","62","","164-177","Yes","Yes","Yes","Yes","Town","Dadaab Refugee Camp, Kenya","","","","","525600","Minutes","Humans","500000","Humans","500000","450","No","","","lack of data","","No"
"2024/08/27 2:40:36 pm CET","Doug","Li","2015","Environmental Modelling and Software","71","","111-125","Yes","Yes","Yes","Yes","Multiple Counties or Region","Walloon Region, Belgium","","","","","70","Days","Households","","","","","No","","No","","more complicated decision making algorithms;including other social processes;including new classes of agent;more data","No"
"2024/08/27 2:58:00 pm CET","Doug","Koutiva","2016","Environmental Modelling and Software","79","","35-54","Yes","Yes","Yes","Yes","City","Athens, Greece","Raster (cells, pixels, patches)","No","","","156","Months","Households","930","Households","930000","3100","","","Yes","to save computing time","","Yes"
"2024/08/27 3:24:45 pm CET","Doug","Braasch","2018","Environmental Modelling and Software","105","","153-170","Yes","Yes","","Yes","Multiple Counties or Region","pine savanna under ejido tenure, California and Tres Icos La Sepultura Biosphere Reserve (SBR) in Chiapas, Mexico","Raster (cells, pixels, patches)","Yes","10449","","18250","Days","Humans;Human-Operated Machines","","","","150","No","","No","","","No"
"2024/08/27 3:51:11 pm CET","Doug","Abreu","2018","Environmental Modelling and Software","107","","281-297","Yes","Yes","Yes","Yes","Multiple Counties or Region","Brazilian Cerrado","Raster (cells, pixels, patches)","","","","138800","Weeks","Humans;Organizations (businesses, NGOs, etc.)","","Humans","3407","","","","No","","","Yes"
"2024/08/28 9:43:47 am CET","Doug","Pacilly","2019","Environmental Modelling and Software","119","","354-373","Yes","Yes","Yes","Yes","Nation","Netherlands","","Yes","2500","","18250","Days","Humans","350","Humans","","400","No","","No","","","No"
"2024/08/28 11:17:51 am CET","Doug","Dai","2020","Environmental Modelling and Software","127","","104684","Yes","Yes","Yes","Yes","City","Lishui","Vector (polygons, lines, points)","No","","293","876000","Hours","Humans;Organizations (businesses, NGOs, etc.);National Governments","1000","Humans","","24","No","","No","","","No"
"2024/08/28 2:22:48 pm CET","Doug","Dragicevic","2018","Habitat International","27","","3-17","Yes","Yes","Yes","Yes","Housing Estate","Clayton-Cloverdale neighborhood of the City of Surrey,","","","","","25","Years","Humans;Organizations (businesses, NGOs, etc.)","","","","","No","","No","","","No"
"2024/08/28 2:41:54 pm CET","Doug","Bao","2020","Habitat International","95","","102096","Yes","Yes","I cannot be sure from reading the paper","Yes","","","Raster (cells, pixels, patches)","No","","","1500","","Humans","330","","","","No","","No","","","No"
"2024/08/29 9:50:11 am CET","Doug","Acheampong","2021","Habitat International","110","","102343","Yes","Yes","Yes","Yes","City"," Kumasi Metropolis in Ghana, Sub-Saharan Africa","Vector (polygons, lines, points)","No","","","15","Years","Households","36039","","2000000","45","No","","","","including other social processes","No"
"2024/08/29 10:23:26 am CET","Doug","Zhang","2016","Technological Forecasting and Social Change","106","","78-84","Yes","Yes","Yes","Yes","City","Leeds, UK","","","","","5400","Minutes","Humans","1000","Humans","","200","Yes","Personal computer (desktop/laptop)","No","","larger spatial extent;more complicated decision making algorithms;including other social processes","No"
"2024/08/29 11:18:53 am CET","Doug","Najafi","2017","Medical Decision Making","37","8","","Yes","Yes","Yes","Yes","Village","Canada’s largest veterans’ long term care facility","","","","","230240","Seconds","Humans","","","","","Yes","National HPC infrastructure","No","","","Yes"
"2024/08/29 1:53:30 pm CET","Doug","de Lima","2018","Transportation Research Record","2672","49","","Yes","Yes","Yes","Yes","County or Municipality","Greater Boston Area","","No","","","","Minutes","Humans","4142068 ","Households","4500000","2","Yes","Organization's computing cluster","No","","more environmental dynamics;more data","Maybe"
"2024/08/29 2:33:48 pm CET","Doug","Mostafizi","2019","Transportation Research Record","2673","11","","Yes","Yes","Yes","Yes","City","Seaside, Oregon","Raster (cells, pixels, patches)","","","","60","Minutes","Humans;Human-Operated Machines","","","13400","","No","","No","","more complicated decision making algorithms;including other social processes","No"
"2024/08/29 3:56:06 pm CET","Gary","Kouwenberg","2015","PLoS ONE","10","6","e0129070","No","Yes","Yes","No","Nation","USA","Not a spatially explicit model","N/A","","","","","Households;Organizations (businesses, NGOs, etc.)","","","","","No","","No","","","No"
"2024/08/29 4:13:29 pm CET","Gary","Gutfraind","2015","PLoS ONE","10","9","e0137993","Yes","Yes","Yes","Yes","City","Chicago, Illinois, USA","Other","Yes","","100","7670","Days","Humans","32000","Humans","32000","300","Yes","Cloud services","Yes","to save computing time","more fine-grained spatial representation;including other social processes;more data;more / other scenarios","Yes"
"2024/08/29 4:37:46 pm CET","Gary","Alderton","2015","PLoS ONE","10","9","e0139505","I cannot be sure from reading the paper","Yes","Yes","Yes","Catchment of a River Basin","Luangwa Valley, Zambia","Raster (cells, pixels, patches)","No","","","4800","Seconds","Humans","5000","Humans","","4200","Yes","Organization's computing cluster","No","","","No"
"2024/08/30 8:38:13 am CET","Doug","Siegrist","2022","Transportation Research Record","2676","11","","Yes","Yes","Yes","Yes","City","City of Zurich","","","","","","Days","Humans;Human-Operated Machines","12072","","1400000","","No","","","","more runs of the model;including other social processes","No"
"2024/09/02 1:37:12 pm CET","Doug","Nsoesie","2012","PLoS ONE","","","","Yes","Yes","Yes","Yes","County or Municipality","Montgomery Country and New York City Area","Paper does not say","N/A","","","","Days","Humans","","","","","No","","No","","more runs of the model;Different network models","No"
"2024/09/02 1:44:49 pm CET","Gary","Huff","2015","PLoS ONE","10","11","e0142453","Yes","Yes","I cannot be sure from reading the paper","Yes","County or Municipality","Penobscot County, Maine, USA (33000 ha)","Other","No","","","400","Years","Households","","","","5600","No","","Yes","lack of data","more complicated decision making algorithms;including other social processes;more data","No"
"2024/09/02 2:35:01 pm CET","Gary","Padmanabha","2015","PLoS ONE","10","12","e0144451","Yes","Yes","Yes","Yes","Housing Estate","La Fachada, Armenia, Colombia","Raster (cells, pixels, patches)","No","","","7305","Days","Humans","","","","360000","No","","No","","more environmental dynamics;including other social processes","No"
"2024/09/02 2:47:47 pm CET","Doug","Wu","2014","PLoS ONE","","","","Yes","Yes","Yes","Yes","City","Shanghai, China","Raster (cells, pixels, patches)","Yes","7000","","730","Hours","Humans","257278","","","","No","","No","","","No"
"2024/09/02 4:16:47 pm CET","Gary","Sobkowicz","2015","PLoS ONE","11","5","e0155098","Yes","Yes","I cannot be sure from reading the paper","Yes","Nation","Poland","Raster (cells, pixels, patches)","Yes","160000","","1180","Days","Humans","160000","Humans","","50","No","","Yes","for the sake of simplicity;lack of data","more runs of the model;more complicated decision making algorithms;including other social processes;more data","No"
"2024/09/02 4:31:37 pm CET","Gary","Jon-And","2019","PLoS ONE","14","4","e0212303","Yes","Yes","I cannot be sure from reading the paper","No","Multiple Counties or Region","Maputo, Mozambique","Not a spatially explicit model","","","","36500","Days","Humans","","","1083682","60","No","","Yes","lack of data","including other social processes;giving agents heterogeneous learning rates","No"
"2024/09/02 4:46:10 pm CET","Gary","Eitzel","2020","PLoS ONE","15","8","e0237638","Yes","No","Yes","Yes","County or Municipality","Mudhomori, Mazvihwa Communal Area, Midlands Province, Zimbabwe (600ha)","Raster (cells, pixels, patches)","Yes","2500","","65745","Hours","","","","","499200","Yes","Organization's computing cluster","Yes","to save computing time;high-dimensional parameter space","more complicated decision making algorithms;more environmental dynamics;including other social processes;including new classes of agent","No"
"2024/09/02 5:04:37 pm CET","Gary","Rypdal","2021","PLoS ONE","16","2","e0238268","Yes","Yes","Yes","Yes","City","Tromsø and Oslo, Norway","Not a spatially explicit model","N/A","","","240","Hours","Humans","","Humans","680000","832","No","","Yes","lack of data","","No"
"2024/09/03 11:04:30 am CET","Doug","Grow","2015","PLoS ONE","","","","Yes","Yes","Yes","Yes","More than one Nation, but not a whole Continent","12 European Countries","","","","","910","Months","Humans","","","","","No","","No","","","No"
"2024/09/03 11:23:06 am CET","Doug","Alderton","2015","PLoS ONE","","","","Yes","Yes","Yes","Yes","Multiple Counties or Region","Luangwa Valley, Zambia","Paper does not say","No","","","6720448000","Seconds","","","","","","Yes","Organization's computing cluster","","","Better calibration","Maybe"
"2024/09/03 11:45:03 am CET","Richard","Murray-Rust","2013","Environmental Modelling and Software","","46","75-89","Yes","Yes","Yes","Yes","City","Koper Slovenia","Raster (cells, pixels, patches)","No","","","30","Years","Households","","Households","","30","No","","No","","more data","Maybe"
"2024/09/03 12:02:30 pm CET","Richard","Li","2015","Environmental Modelling and Software","","71","111-125","Yes","Yes","Yes","Yes","Multiple Counties or Region","Wallonia South Belgium","Vector (polygons, lines, points)","No","","","70","Days","Humans","810000","Humans","810000","","No","","No","","more data","Maybe"
"2024/09/03 1:37:35 pm CET","Gary","Filomena","2020","PLoS ONE","15","12","e0244099","No","Yes","Yes","Yes","City","Paris, France; London, UK","Vector (polygons, lines, points)","No","","","","","Humans","2000","Humans","","5","No","","No","","more complicated decision making algorithms;more data","No"
"2024/09/03 1:57:42 pm CET","Gary","Nelson","2020","PLoS ONE","15","12","e0244185","Yes","Yes","Yes","Yes","Multiple Counties or Region","Somaliland and Puntland (490000km^2)","Raster (cells, pixels, patches)","Yes","490000","","132","Months","Households","22577","Households","225767","4","No","","Yes","to save computing time","more agents;more complicated decision making algorithms","Maybe"
"2024/09/04 8:58:09 am CET","Doug","Shrime","2016","PLoS ONE","","","","Yes","Yes","Yes","Yes","Nation","Uganda","","No","","","18250","Days","Humans","10000","","37500000","100","No","","No","","more agents;more data","Yes"
"2024/09/04 9:18:41 am CET","Doug","Gantenberg","2018","PLoS ONE","","","","Yes","Yes","Yes","Yes","County or Municipality","Rhode Island","Paper does not say","No","","","120","Months","Humans","25000","","","5000","No","","No","","more runs of the model;including new classes of agent;more data;Better exogenous parameter values","No"
"2024/09/04 11:02:25 am CET","Richard","Pacilly","2019","Environmental Modelling and Software","","119","354-373","Yes","Yes","Yes","Yes","","10km by 10km derived from agricultural region of netherlands","Raster (cells, pixels, patches)","Yes","2500","","7650","Days","Humans","350","Humans","350","100","No","","No","","","Maybe"
"2024/09/04 12:23:59 pm CET","Richard","Dragicevic","2018","Habitat International","","72","3-17","Yes","Yes","Yes","Yes","City","Clayton-Cloverdale, City of Surrey, Canada","Vector (polygons, lines, points)","No","","","","","Humans;Organizations (businesses, NGOs, etc.)","","","","","","","No","","","No"
"2024/09/04 12:36:13 pm CET","Richard","Acheampong","2021","Habitat International","","110","","Yes","Yes","Yes","Yes","County or Municipality","Kumasi Metropolis, Ghana","Vector (polygons, lines, points)","","","","","","Households","63608","Households","","","No","","No","","more complicated decision making algorithms","Maybe"
"2024/09/04 1:55:42 pm CET","Richard","Wang","2022","Habitat International","","128","","Yes","Yes","Yes","Yes","County or Municipality","Guanxi China","Raster (cells, pixels, patches)","No","","","5","Years","Humans","","","","","No","","No","","","No"
"2024/09/04 2:08:23 pm CET","Richard","Schwarz","2009","Technological Forecasting and Social Change","","76","497-511","Yes","Yes","Yes","Yes","Multiple Counties or Region","13225 KM2","Raster (cells, pixels, patches)","Yes","2383","","15","Years","Households","11915","Households","1500000","","No","","Yes","to save computing time","","No"
"2024/09/04 2:14:56 pm CET","Richard","Palmer","2015","Technological Forecasting and Social Change","","99","106-131","I cannot be sure from reading the paper","Yes","Yes","Yes","City","Sinus-Milieus? Italy","Paper does not say","","","","","","Households","","","","","","","No","","","No"
"2024/09/04 3:00:36 pm CET","Richard","Loibl","2003","Environmental Modelling and Software","","18","553-563","Yes","Yes","Yes","Yes","City","Vienna Region, Austria","Raster (cells, pixels, patches)","No","","","","Years","Households","","","","","Yes","Personal computer (desktop/laptop)","No","","","No"
"2024/09/04 3:16:11 pm CET","Richard","Mostafizi","2019","Transportation Research Record","","","1-13","Yes","Yes","Yes","Yes","City","Seaside, Oregon","Paper does not say","","","","","","Humans","","","","","No","","","","more complicated decision making algorithms","No"
"2024/09/04 3:23:01 pm CET","Doug","Jon-And","2019","PLoS ONE","","","","Yes","Yes","Yes","No","Nation","Mozambique","Not a spatially explicit model","No","","","36500","Days","Humans","","","","","No","","No","","","No"
"2024/09/04 3:24:54 pm CET","Richard","Morrison","2022","Transportation Research Record","2676","11","520-532","Yes","Yes","Yes","Yes","City","New Brunswick Canada","Raster (cells, pixels, patches)","No","","","156600","Days","Humans","11449","","","25","No","","No","","","No"
"2024/09/04 3:40:16 pm CET","Richard","Masoud","2023","Transportation Research Record","2677","1","843-859","Yes","Yes","Yes","Yes","City","Kelowna British Columbia Canada","Vector (polygons, lines, points)","No","","","","","Human-Operated Machines","","Human-Operated Machines","","4","No","","","","more runs of the model","No"
"2024/09/05 9:48:52 am CET","Doug","Perez","2019","PLoS ONE","","","","Yes","Yes","Yes","Yes","City","Montreal","Mix of Raster and Vector","No","","","4","Years","Humans","","","","1200","No","","No","","more complicated decision making algorithms;more data;More cvalidation","No"
"2024/09/05 2:52:31 pm CET","Doug","Shi","2020","PLoS ONE","","","","Yes","Yes","Yes","Yes","County or Municipality","Metropolitan Atlanta","","","","","365","Days","Humans","","","","1260","No","","No","","","No"
"2024/09/05 3:43:21 pm CET","Doug","Shi","2020","PLoS ONE","","","","Yes","Yes","Yes","Yes","Nation","China","","","","","730","Days","Humans","2197","Humans","","100","No","","No","","including other social processes;more data","No"
"2024/09/05 4:19:30 pm CET","Doug","Keskinocak","2020","PLoS ONE","","","","Yes","Yes","Yes","Yes","Multiple Counties or Region","Georgia State","","","","","225","","Humans","10519000","Humans","10519000","30","No","","No","","","Maybe"
"2024/09/06 10:20:36 am CET","Doug","Sewell","2020","PLoS ONE","","","","I cannot be sure from reading the paper","Yes","Yes","Yes","Multiple Counties or Region","District of Columbia","Other","","","","","Days","","","","","","No","","No","","","No"
"2024/09/06 2:29:47 pm CET","Doug","Nelson","2020","PLoS ONE","","","","Yes","Yes","Yes","Yes","Multiple Counties or Region","Nugaal, Ethiopian Border","Raster (cells, pixels, patches)","Yes","490000","","132","Months","","","Households","","","Yes","Organization's computing cluster","No","","","Yes"
"2024/09/09 11:47:20 am CET","Ric","Perez","2018","PLoS ONE","14","7","e0219188","Yes","Yes","Yes","Yes","City","Montreal","Raster (cells, pixels, patches)","","3000000","","4","Years","Humans;Households","12000","Humans","12000","1200","No","","No","","","No"
"2024/09/09 12:06:41 pm CET","Ric","Shi","2020","PLoS ONE","15","8","e0236716","Yes","Yes","Yes","No","","","Not a spatially explicit model","","","","730","Days","Humans","2197","Humans","30000","800","No","","No","","","No"
"2024/09/09 12:27:27 pm CET","Ric","Rypdal","2021","PLoS ONE","16","2","e0238268.","Yes","Yes","Yes","Yes","City","Two Norwegian cities of Oslo and Tromsø in","Not a spatially explicit model","","","","300","Hours","Humans","755000","Humans","755000","711","No","","No","","","No"
"2024/09/09 12:45:28 pm CET","Ric","Carvalho","2020","PLoS ONE","15","12","e0242676","Yes","Yes","Yes","Yes","County or Municipality","America","Not a spatially explicit model","","","","110","Years","Households","10000000","Households","","16","No","","No","","",""
"2024/09/09 1:07:18 pm CET","Ric","Vojnovic","2020","PLoS ONE","15","12","e0243501","Yes","Yes","Yes","Yes","City","Detroit (Michigan), U.S","","","","","","Weeks","Households;Organizations (businesses, NGOs, etc.)","188","Households","188","","No","","No","lack of data; Other modes of validation, participatory approaches to ABM","","No"
"2024/09/09 1:18:47 pm CET","Ric","Gomez","2021","PLoS ONE","16","2","e0245787","Yes","Yes","Yes","Yes","City","Bogotá city, the capital of Colombia","Other","","","","24000","Hours","Humans;Organizations (businesses, NGOs, etc.)","998213","Humans","7412566","20","No","","No","lack of data","","No"
"2024/09/09 1:27:52 pm CET","Ric","Hernández-Hernández","2021","PLoS ONE","16","8","e0256363","Yes","Yes","Yes","Yes","County or Municipality","7 Schools in Yucatan Mexico","Not a spatially explicit model","","","","100","Days","Humans;Municipal/Local Governments","4136","Humans","4136","300","No","","No","lack of data","More links in network to include family of student","No"
"2024/09/09 2:01:55 pm CET","Ric","Thompson","2021","PLoS ONE","16","12","e0261330","Yes","Yes","Yes","Yes","Nation","Luxembourg","Raster (cells, pixels, patches)","Yes","10344","","18576","Minutes","Humans;Households;Organizations (businesses, NGOs, etc.)","626108","Humans","626108","30","No","","Yes","","more agents;more runs of the model;more data;more / other scenarios;covid transmission probability ,vaccine efficacy","Yes"
"2024/09/09 2:09:20 pm CET","Ric","Ferguson","2022","PLoS ONE","17","5","e0268118","Yes","Yes","Yes","Yes","City","four districts  in Mexico City","Other","N/A","","","1826","Days","Humans;Municipal/Local Governments","218163","Humans","218163","1000","No","","No","lack of data","more data","No"
"2024/09/09 2:29:05 pm CET","Ric","Xie","2022","PLoS ONE","17","9","e0275241","Yes","Yes","Yes","Yes","City","Qipan Township and Yamansu Township China","Raster (cells, pixels, patches)","No","","","","Years","Humans;Organizations (businesses, NGOs, etc.)","","Humans","25279","","No","","","","","No"
"2024/09/09 2:33:06 pm CET","Ric","Miller,","2011","Transportation Research Record","2255.1","","91-99","No","Yes","","N/A (This paper should be excluded)","","","","","","","","","","","","","","","","","","",""
"2024/09/10 11:02:04 am CET","Ric","Babatunde","2023","Energies","16","","1720","Yes","Yes","Yes","Yes","Nation","Malaysia","Not a spatially explicit model","","","","35","Years","Households;Organizations (businesses, NGOs, etc.);Municipal/Local Governments;National Governments","","Organizations","44","","No","","No","","","No"
"2024/09/10 11:16:41 am CET","Ric","Shu","2015","Energies","8","","13284–13307","Yes","Yes","","Yes","County or Municipality","Jiangsu Province in China","Raster (cells, pixels, patches)","","","","20","Years","Organizations (businesses, NGOs, etc.)","","Organizations","","","No","","No","","","No"
"2024/09/10 12:04:00 pm CET","Ric","Kim","2018","International Journal of Environmental Research and Public Health","15","","2369","Yes","Yes","Yes","Yes","Nation","Korea","Other","","","","150","Days","Humans","1000","Humans","","1000","No","","No","","","No"
"2024/09/10 12:16:12 pm CET","Ric","Wu","2022","International Journal of Environmental Research and Public Health","19","","16393","Yes","Yes","Yes","Yes","Town","Longchi Town, China","Raster (cells, pixels, patches)","","","","","","Humans;Households","2541","Humans","2541","250","No","","No","","","No"
"2024/09/10 1:18:03 pm CET","Ric","Torkjazi","2019","Sustainability","11","","5391","Yes","Yes","Yes","Yes","City","Chicago","Other","No","","","","Hours","Humans;Organizations (businesses, NGOs, etc.)","1000","Humans","","","No","","","","","No"
"2024/09/11 10:44:24 am CET","Ric","Anastasiadis","2020","Sustainability","13","","168","Yes","Yes","Yes","Yes","City","chicago","Other","","","","","Minutes","Humans;Organizations (businesses, NGOs, etc.)","3500","Humans","62147","","Yes","Personal computer (desktop/laptop)","No","","","Yes"
"2024/09/11 11:11:51 am CET","Ric","Sandoval-Félix","2021","Sustainability","13","","714","Yes","Yes","Yes","Yes","City","Ensenada, México","Mix of Raster and Vector","Yes","10000","","10","Years","Humans;Households;Organizations (businesses, NGOs, etc.)","","Humans","363260","50","No","","No","","","Yes"
"2024/09/11 11:22:06 am CET","Ric","Al-Shaery","2021","Sustainability","13","","6923","Yes","Yes","Yes","Yes","","Haj arear/space/building[s]","Raster (cells, pixels, patches)","","","","","Seconds","Humans","83000","Humans","","75","Yes","Personal computer (desktop/laptop)","No","","","No"
"2024/09/11 1:51:15 pm CET","Ric","Koppelaar","2021","Sustainability","13","","7466","Yes","Yes","Yes","Yes","City","Szeged (Hungary), Alcalá de Henares (Spain), Çankaya Municipality (Turkey) and Milan (Italy)","Vector (polygons, lines, points)","No","","","13140000","Minutes","Humans;Organizations (businesses, NGOs, etc.)","5600","Humans","","48","No","","No","","including other social processes;more data","No"
"2024/09/12 11:58:57 am CET","Richard","Ciofi degli Atti","2008","PLoS ONE","3","3","1-11","Yes","Yes","Yes","Yes","Nation","Italy","Raster (cells, pixels, patches)","No","","","","Hours","Humans","57000000","Humans","57000000","50","No","","No","","","Maybe"
"2024/09/12 12:27:28 pm CET","Richard","Marshall","2012","PLoS ONE","7","9","1-16","Yes","Yes","Yes","Yes","City","New York City Metropolitan Statistical Area USA","Not a spatially explicit model","","","","10","Years","Humans","100000","Humans","11700000","","No","","","","","No"
"2024/09/12 12:34:09 pm CET","Richard","Nsoesie","2013","PLoS ONE","8","6","1-10","No","Yes","Yes","Yes","County or Municipality","Montgomery Virginia, Miami, Seattle USA","Not a spatially explicit model","","","","","","","","","","","No","","","","","No"
"2024/09/18 1:41:43 pm CET","Richard","Wu","2014","PLoS ONE","9","5","1-13","Yes","Yes","Yes","Yes","City","Shanghai China","Raster (cells, pixels, patches)","Yes","5836","","24","Hours","Humans","120000","Humans","2230366","","No","","No","","","No"
"2024/09/18 2:01:44 pm CET","Richard","Huff","2015","PLoS ONE","10","11","1-21","Yes","Yes","Yes","Yes","County or Municipality","Penobscot County, Maine, U.S.","Raster (cells, pixels, patches)","No","","","400","Years","Humans","40","Humans","40","100","No","","No","","more complicated decision making algorithms","No"
"2024/09/18 2:18:26 pm CET","Richard","Sobkowicz","2016","PLoS ONE","11","5","1-32","Yes","Yes","Yes","Yes","Nation","Poland","Raster (cells, pixels, patches)","Yes","160000","","1180","Days","Humans","","Humans","","","No","","No","","","No"
"2024/09/18 2:35:34 pm CET","Richard","Haas","2016","PLoS ONE","11","11","1-26","Yes","Yes","Yes","Yes","Nation","South Africa","Not a spatially explicit model","N/A","","","","","","","","","","No","","No","","","No"
"2024/09/18 2:52:07 pm CET","Richard","Gantenberg","2018","PLoS ONE","13","7","1-18","I cannot be sure from reading the paper","Yes","Yes","Yes","City","Rhode Island, U.S.","Not a spatially explicit model","N/A","","","120","Months","Humans","","Humans","","1000","No","","No","","more complicated decision making algorithms","No"
"2024/09/18 3:00:54 pm CET","Richard","Shi","2020","PLoS ONE","15","8","1-22","Yes","Yes","Yes","Yes","County or Municipality","Georgia USA","Vector (polygons, lines, points)","No","","","","","","","","","30","No","","No","","","No"
"2024/09/18 3:09:38 pm CET","Richard","Keskinocak","2020","PLoS ONE","15","10","1-16","Yes","Yes","Yes","Yes","County or Municipality","Georgia USA","Vector (polygons, lines, points)","","","","","Days","Humans","","Humans","10519000","30","No","","No","","more complicated decision making algorithms","No"
"2024/09/18 3:28:31 pm CET","Richard","Sewell","2020","PLoS ONE","15","11","1-18","No","Yes","Yes","Yes","County or Municipality","District of Columbia USA","","","","","","","","","","","","","","","","","No"
"2024/09/18 3:48:03 pm CET","Richard","Gomez","2021","PLoS ONE","16","2","1-16","Yes","Yes","Yes","Yes","City","Bogota, Columbia","Vector (polygons, lines, points)","Yes","","1000","100","Days","Humans","1000000","","7412566","20","No","","No","","","Maybe"
"2024/09/18 3:57:32 pm CET","Richard","Fosco","2021","PLoS ONE","16","6","1-23","Yes","Yes","Yes","Yes","City","Santiago Chile","Vector (polygons, lines, points)","Yes","","52","600","Hours","Humans","540445","Humans","8106675","100","No","","No","","","No"
"2024/09/18 4:14:40 pm CET","Richard","Alagoz","2021","PLoS ONE","16","7","1-12","Yes","Yes","Yes","Yes","County or Municipality","Dane County Wisconsin, Milwaukee, New York City USA","Vector (polygons, lines, points)","No","","","","","Humans","","Humans","","100","Yes","Personal computer (desktop/laptop)","No","","","No"
"2024/09/18 4:23:40 pm CET","Richard","Chiba","2021","PLoS ONE","16","9","","Yes","Yes","Yes","Yes","Nation","Japan","Vector (polygons, lines, points)","","","","","Days","Humans","75614","Humans","125000000","","No","","","","more complicated decision making algorithms;including other social processes","No"
"2024/09/18 4:38:13 pm CET","Richard","Thompson","2021","PLoS ONE","16","12","1-51","Yes","Yes","Yes","Yes","Nation","Luxembourg","Raster (cells, pixels, patches)","No","","","18576","Minutes","Humans","156527","Humans","626108","10","No","","No","","","Maybe"
"2024/09/18 4:48:09 pm CET","Richard","Gonzalez-Mon","2021","PLoS ONE","16","12","1-26","Yes","Yes","Yes","Yes","County or Municipality","Baja California Sur, Mexico","Vector (polygons, lines, points)","","","","1040","Weeks","Organizations (businesses, NGOs, etc.)","15","Organizations","15","300","No","","No","","","No"
"2024/09/18 4:56:10 pm CET","Richard","Sanches","2022","PLoS ONE","17","1","1-17","Yes","Yes","Yes","Yes","Multiple Counties or Region","South America case studies","Raster (cells, pixels, patches)","Yes","2401","","","","Households","49","Households","49","200","No","","No","","","No"
"2024/09/18 5:07:58 pm CET","Richard","Cocucci","2022","PLoS ONE","17","3","1-28","Yes","Yes","Yes","Yes","City","Ciudad Autonoma de Buenos Aires Argentina","Vector (polygons, lines, points)","Yes","","15","","Days","Humans","30000","Humans","300000","","No","","No","","","No"
"2024/09/20 10:25:23 am CET","Richard","Vermeer","2022","PLoS ONE","17","10","1-27","Yes","Yes","Yes","Yes","City","Chicago USA","Vector (polygons, lines, points)","No","","","15","Years","Humans","6500","Humans","65000","44","No","","No","","","No"
"2024/09/20 10:37:37 am CET","Richard","Saval","2023","PLoS ONE","18","3","1-27","Yes","Yes","Yes","Yes","City","Hanoi Vietnam","Vector (polygons, lines, points)","No","","","","Seconds","Human-Operated Machines","1903","Human-Operated Machines","1903","100","No","","No","","","Maybe"
"2024/09/20 12:19:11 pm CET","Richard","Yoon","2010","Journal of Asian Architecture and Building Engineering","9","1","163-170","Yes","Yes","Yes","Yes","City","Shimokitazawa, Tokyo, Japan","Vector (polygons, lines, points)","Yes","","182","24","Hours","Humans","22000","Humans","","2","No","","No","","","Maybe"
"2024/09/23 10:11:10 am CET","Richard","Lee","2013","Journal of Asian Architecture and Building Engineering","12","1","41-48","Yes","Yes","Yes","Yes","","Tate Gallery, Architectural Space","Raster (cells, pixels, patches)","Yes","10000","","1000","","Humans","100","Humans","100","","No","","","","","Maybe"
"2024/09/23 10:21:21 am CET","Richard","Olivella-Rosell","2015","Energies","8","","4160-4187","Yes","Yes","Yes","Yes","City","Barcelona, Spain","Vector (polygons, lines, points)","No","","","","","Human-Operated Machines","","","","","No","","No","","","No"
"2024/09/23 10:28:06 am CET","Richard","Luo","2018","Energies","11","","1-17","Yes","Yes","Yes","Yes","Multiple Counties or Region","Shandong Province of China","Not a spatially explicit model","N/A","","","","","Humans","","","","","No","","No","","","No"
"2024/09/23 10:33:20 am CET","Richard","Song","2020","Energies","13","","1-22","Yes","Yes","Yes","Yes","Town","Harbin, China","Not a spatially explicit model","N/A","","","","","","","","","","No","","No","","","No"
"2024/09/23 10:41:29 am CET","Richard","Babatunde","2023","Energies","15","","1-15","I cannot be sure from reading the paper","I cannot be sure from reading the paper","No","N/A (This paper should be excluded)","","","Not a spatially explicit model","","","","","Years","","","","","","","","","","","No"
"2024/09/23 10:49:53 am CET","Richard","Kim","2018","International Journal of Environmental Research and Public Health","15","","1-17","Yes","Yes","I cannot be sure from reading the paper","No","Nation","South Korea","Vector (polygons, lines, points)","","","","","","Humans","","Humans","","1000","No","","No","","","No"
"2024/09/23 11:34:17 am CET","Richard","Luo","2019","International Journal of Environmental Research and Public Health","16","","1-12","Yes","Yes","I cannot be sure from reading the paper","No","","","Vector (polygons, lines, points)","No","","","","","Humans","10000","Humans","","","No","","No","","","No"
"2024/09/23 11:43:18 am CET","Richard","Kim","2021","International Journal of Environmental Research and Public Health","18","","1-11","Yes","Yes","Yes","Yes","Nation","South Korea","Vector (polygons, lines, points)","No","","","200","Days","Humans","5000","Humans","","1000","No","","No","","","Maybe"
"2024/09/23 11:50:55 am CET","Richard","Li","2022","International Journal of Environmental Research and Public Health","19","","1-19","Yes","Yes","Yes","Yes","Catchment of a River Basin","Xin'an River Basin, China","Not a spatially explicit model","","","","20","Years","Humans","1500","","","30","No","","No","","","No"
"2024/09/23 12:02:27 pm CET","Richard","Li","2018","Sustainability","10","","1-15","I cannot be sure from reading the paper","Yes","I cannot be sure from reading the paper","Yes","County or Municipality","Black Belt Region, Mississippi, County of Rural Eastern Alabama, USA","Vector (polygons, lines, points)","No","","","","","","613","Humans","","","No","","No","","","No"
"2024/09/23 12:25:39 pm CET","Richard","Liyanage","2020","Sustainability","12","","1-20","Yes","Yes","Yes","Yes","City","Melbourne Australia","Raster (cells, pixels, patches)","No","63","","","","Human-Operated Machines","46562","Humans","","","No","","No","","","No"
"2024/09/23 12:36:48 pm CET","Richard","Jiang","2021","Sustainability","13","","1-22","Yes","Yes","Yes","Yes","City","Detroit USA","Vector (polygons, lines, points)","No","","","20","Years","Households","10601","Households","1060100","50","No","","No","","larger spatial extent;more fine-grained spatial representation;more complicated decision making algorithms;more data","Maybe"
"2024/09/23 12:48:12 pm CET","Richard","Chiou","2021","Sustainability","13","","1-29","Yes","Yes","Yes","Yes","City","Shida Might Street Market Taiwan","Raster (cells, pixels, patches)","Yes","8601","","","Seconds","","150","Humans","","30","No","","No","","","No"
"2024/09/23 2:14:26 pm CET","Richard","Tama","2022","Sustainability","14","","1-14","I cannot be sure from reading the paper","Yes","Yes","Yes","Nation","Indonesia","Not a spatially explicit model","N/A","","","50","Years","Organizations (businesses, NGOs, etc.)","3500","Organizations","","","No","","No","","","No"
"2024/09/23 2:25:39 pm CET","Richard","Gebrehiwot","2022","Sustainability","14","","1-23","I cannot be sure from reading the paper","Yes","Yes","Yes","County or Municipality","Guildford County North Carolina USA","Raster (cells, pixels, patches)","No","","","20","Years","Households","1374","Households","","","No","","No","","","No"
"2024/09/23 2:35:53 pm CET","Richard","Truong","2023","Sustainability","15","","1-22","Yes","Yes","Yes","Yes","Catchment of a River Basin","Mekong Delta China","Raster (cells, pixels, patches)","No","","","35","Years","","","","","","No","","No","","","No"
"2024/09/23 2:47:32 pm CET","Richard","Bai","2015","Sustainability","7","","14802-14833","Yes","Yes","Yes","Yes","Town","Qianjingou Town Inner Mongolia","Raster (cells, pixels, patches)","Yes","17056","","30","Years","Humans","17056","","17056","","No","","No","","","No"
"2024/09/23 4:19:22 pm CET","Richard","Brown","2013","Journal of Artificial Societies and Social Simulation","16","2","1-21","Yes","Yes","Yes","Yes","City","Boston USA","Not a spatially explicit model","N/A","","","20","Years","Humans","","","","250","No","","No","","","No"
"2024/09/23 4:28:55 pm CET","Richard","Demarest","2013","Journal of Artificial Societies and Social Simulation","16","4","1-26","Yes","Yes","Yes","Yes","Village","Limpopo Province South Africa","Vector (polygons, lines, points)","No","","","1095","Days","Households","317","Households","457","100","No","","No","","","No"
"2024/09/23 4:36:31 pm CET","Richard","Silverman","2013","Journal of Artificial Societies and Social Simulation","16","4","1-17","Yes","Yes","Yes","Yes","Nation","UK","Paper does not say","No","","","","","Humans","","","","","No","","No","","","No"
"2024/09/23 4:48:32 pm CET","Richard","Pizzitutti","2014","Journal of Artificial Societies and Social Simulation","13","1","1-24","Yes","Yes","Yes","Yes","Nation","Galapagos","Vector (polygons, lines, points)","No","","","15","Days","Humans","200000","Humans","200000","10","Yes","Personal computer (desktop/laptop)","No","","","No"
"2024/09/23 4:59:02 pm CET","Richard","Bohensky","2014","Journal of Artificial Societies and Social Simulation","17","1","1-20","Yes","Yes","Yes","Yes","Nation","South Africa","Raster (cells, pixels, patches)","Yes","1946","","100","Years","","","Organizations","","","No","","No","","","No"
"2024/09/23 5:06:12 pm CET","Richard","Zellner","2014","Journal of Artificial Societies and Social Simulation","17","4","1-16","Yes","Yes","Yes","Yes","Village","Chicago Wilderness Groups USA","Not a spatially explicit model","N/A","","","200","Days","Humans","8","Humans","8","20","No","","No","","","No"
"2024/09/24 11:30:38 am CET","Richard","Santos","2016","Journal of Artificial Societies and Social Simulation","19","3","1-27","Yes","Yes","I cannot be sure from reading the paper","Yes","","San Jeronimo vegetable garden","Paper does not say","No","","","","","Humans","","","","","No","","No","","","No"
"2024/09/24 11:38:59 am CET","Richard","Sobkowicz","2017","Journal of Artificial Societies and Social Simulation","20","2","1-20","Yes","Yes","Yes","Yes","","","Not a spatially explicit model","Yes","289","","50","Years","Humans","","","","","No","","No","","","Maybe"
"2024/09/24 11:46:46 am CET","Richard","Krebs","2017","Journal of Artificial Societies and Social Simulation","20","2","1-24","Yes","Yes","Yes","Yes","Nation","Germany","Paper does not say","Yes","8000","","84","Months","Households","300000","Households","40000000","","No","","No","","","Maybe"
"2024/09/24 11:55:30 am CET","Richard","El-Tawil","2017","Journal of Artificial Societies and Social Simulation","20","4","1-14","Yes","Yes","Yes","Yes","","Station nightclub building Rhode Island","Vector (polygons, lines, points)","","","","150","Seconds","Humans","452","Humans","465","20","No","","No","","","Maybe"
"2024/09/24 12:37:42 pm CET","Ric","Ionescu","2021","Sustainability","13","","10277","Yes","Yes","Yes","Yes","","A school building in Romania","Raster (cells, pixels, patches)","No","","","","Seconds","Humans","180","Humans","","1600","No","","No","","","Yes"
"2024/09/24 12:40:16 pm CET","Richard","Pasimeni","2019","Journal of Artificial Societies and Social Simulation","22","1","1-20","Yes","Yes","Yes","Yes","Nation","Italy","Vector (polygons, lines, points)","Yes","","20","20","Years","Humans","1212528","Humans","60626442","10","No","","No","","","Maybe"
"2024/09/24 12:48:15 pm CET","Ric","Arsenault","2012","Journal of Artificial Societies and Social Simulation","15","1","11","Yes","Yes","Yes","No","County or Municipality","Saskatchewan Canada","Raster (cells, pixels, patches)","Yes","4225","","100","Years","Humans;Organizations (businesses, NGOs, etc.)","422","Organizations","","4","No","","No","","","No"
"2024/09/24 12:58:12 pm CET","Ric","Silverman","2013","Journal of Artificial Societies and Social Simulation","16","4","9","Yes","Yes","Yes","Yes","Nation","United Kingdom","Raster (cells, pixels, patches)","Yes","5184","","300","Years","Humans","1600","Humans","","250","Yes","Personal computer (desktop/laptop)","No","","more agents;more data","Yes"
"2024/09/24 2:00:03 pm CET","Richard","Civico","2019","Journal of Artificial Societies and Social Simulation","22","4","1-27","Yes","Yes","Yes","Yes","County or Municipality","Grisons Canton Switzerland","","","","","1000","Years","Humans","200","Humans","","10","No","","No","","","No"
"2024/09/24 2:14:19 pm CET","Richard","Dou","2020","Journal of Artificial Societies and Social Simulation","23","1","1-29","Yes","Yes","Yes","Yes","Multiple Counties or Region","Sinop, Mato Grosso State, Brazil and Gannan Heilongjiang Province China","Raster (cells, pixels, patches)","No","","","","Years","Organizations (businesses, NGOs, etc.)","","","","","No","","No","","","Maybe"
"2024/09/24 2:25:29 pm CET","Richard","Chang","2023","Journal of Artificial Societies and Social Simulation","26","3","1-27","Yes","Yes","Yes","Yes","County or Municipality","California","Raster (cells, pixels, patches)","Yes","100","","100","Seasons / Quarters","Humans","10000","","","100","No","","No","","","Maybe"
"2024/09/24 2:33:40 pm CET","Doug","Chiba","2021","PLoS ONE","","","","Yes","Yes","Yes","Yes","Nation","Japan","","No","","","","Days","Humans","75614","Humans","125000000","","","","No","","including other social processes;more data","No"
"2024/09/24 3:35:59 pm CET","Doug","Hadley","2022","PLoS ONE","","","","Yes","Yes","Yes","Yes","Multiple Counties or Region","North Carolina","Paper does not say","No","","","180","Days","Humans","","","","","No","","No","","","No"
"2024/09/24 3:39:17 pm CET","Richard","Lee","2014","Journal of Artificial Societies and Social Simulation","17","2","1-20","Yes","Yes","Yes","Yes","Nation","South Korea","Not a spatially explicit model","N/A","","","","","","","","","100","No","","No","","including other social processes","No"
"2024/09/24 3:52:28 pm CET","Doug","Cocucci","2022","PLoS ONE","","","","Yes","Yes","Yes","Yes","City","Ciudad Autónoma de Buenos Aires, Argentina.","","No","","","","Days","Humans","30000","","3000000","","No","","Yes","","more agents;more data;parallelization","No"
"2024/09/24 3:56:52 pm CET","Richard","Teran","2007","Journal of Artificial Societies and Social Simulation","10","3","1-25","Yes","Yes","Yes","Yes","Village","Caparo Forest Reserve Venezuela","Raster (cells, pixels, patches)","Yes","1600","","50","Years","Humans","20","","","5","No","","No","","","No"
"2024/09/24 4:47:59 pm CET","Richard","Rand","2015","Journal of Artificial Societies and Social Simulation","18","2","1-24","Yes","Yes","Yes","Yes","World","Twitter","Not a spatially explicit model","","","15000000","168","Hours","Humans","1231","Humans","1231","10","No","","No","","","Maybe"
"2024/09/24 5:07:29 pm CET","Richard","Etienne","2003","Journal of Artificial Societies and Social Simulation","6","2","","Yes","Yes","Yes","Yes","Village","Causse Mejan France","Raster (cells, pixels, patches)","Yes","5726","","60","Years","Humans","37","Humans","","","No","","No","","","No"
"2024/09/25 2:07:23 pm CET","Doug","Mintram","2022","PLoS ONE","","","","Yes","Yes","Yes","Yes","","UK","Paper does not say","No","","","29200","Days","Humans","10000","","","200","No","","No","","","No"
"2024/09/25 2:18:41 pm CET","Doug","Xie","2022","PLoS ONE","","","","Yes","Yes","Yes","Yes","","Qipan Township (QPT) and Yamansu Township (YMST)","","","","","","Years","Humans","","Humans","25279","","No","","No","","","No"
"2024/09/25 2:34:21 pm CET","Doug","Rakowski","2010","Journal of Artificial Societies and Social Simulation","","","","Yes","Yes","Yes","Yes","Nation","Poland","Paper does not say","No","","","","Days","Households;Organizations (businesses, NGOs, etc.)","","Humans","38200000","","No","","No","","","Yes"
"2024/09/25 2:46:38 pm CET","Doug","Arsenault","2012","Journal of Artificial Societies and Social Simulation","","","","Yes","Yes","Yes","No","","","Raster (cells, pixels, patches)","Yes","4225","","35","Months","Organizations (businesses, NGOs, etc.)","","","","100","No","","No","","","No"
"2024/09/26 11:06:49 am CET","Ric","Bloomquist","2015","Journal of Artificial Societies and Social Simulation","18","2","20","Yes","Yes","Yes","Yes","Nation","community of 85,000 U.S. taxpayers","Other","","","","300","Years","Humans","85000","Humans","","4","No","","No","","","Yes"
"2024/09/26 11:16:55 am CET","Ric","Friege","2016","Journal of Artificial Societies and Social Simulation","19","1","4","Yes","Yes","Yes","Yes","Nation","Germany","Raster (cells, pixels, patches)","","360","","120","Months","Humans;Organizations (businesses, NGOs, etc.)","300","","","100000","No","","","","","Maybe"
"2024/10/01 12:32:57 pm CET","Doug","Brown","2013","Journal of Artificial Societies and Social Simulation","16","2","5","Yes","Yes","Yes","Yes","City","Boston","Not a spatially explicit model","No","","","21","Years","Humans;Households","300000","","","250","No","","No","","including other social processes","No"
"2024/10/01 12:57:18 pm CET","Doug","Damarest","2013","Journal of Artificial Societies and Social Simulation","16","4","3","Yes","Yes","Yes","Yes","Village","Vhembe district, Limpopo Province","Paper does not say","No","","","1095","Days","Households","457","","457","100","No","","No","","including other social processes;more data","No"
"2024/10/02 9:09:00 am CET","Doug","Pizzitutti","2014","Journal of Artificial Societies and Social Simulation","17","1","","Yes","Yes","Yes","Yes","Nation","Galapagos","Not a spatially explicit model","No","","","5400","Days","Humans;Organizations (businesses, NGOs, etc.)","200000","","","40","Yes","Personal computer (desktop/laptop)","No","","","No"
"2024/10/02 9:46:38 am CET","Doug","Ghorbani","2015","Journal of Artificial Societies and Social Simulation","18","1","2","Yes","Yes","Yes","Yes","Multiple Counties or Region","Westland","Paper does not say","No","","","","","","","Humans","","","No","","No","","","No"
"2024/10/02 10:22:00 am CET","Doug","Barthelemy","2015","Journal of Artificial Societies and Social Simulation","18","3","15-35","Yes","Yes","Yes","Yes","Nation","Belgium","Vector (polygons, lines, points)","No","","189193","","","Humans;Households","1435000","Humans","1000000","","Yes","Organization's computing cluster","No","","more complicated decision making algorithms","Yes"
"2024/10/02 1:08:44 pm CET","Doug","Scott","2015","Journal of Artificial Societies and Social Simulation","19","1","10","Yes","Yes","","Yes","City","Melbourne","Paper does not say","No","","","","Hours","Humans","","","","","No","","No","","including other social processes;more data",""
"2024/10/02 1:44:02 pm CET","Doug","Ma","2014","Journal of Artificial Societies and Social Simulation","19","4","5","Yes","Yes","Yes","Yes","Nation","Japan","","","","","28","Years","Humans;Households","6825","Households","177686","30","No","","No","","","No"
"2024/10/02 2:22:10 pm CET","Doug","Dubbelboer","2017","Journal of Artificial Societies and Social Simulation","20","1","6","Yes","Yes","Yes","Yes","Town","Camden","","","","","30","Years","Humans","","Humans","228400","1200","No","","No","","","No"
"2024/10/02 2:37:10 pm CET","Doug","Sobkowicz","2017","Journal of Artificial Societies and Social Simulation","20","2","5","Yes","Yes","Yes","N/A (This paper should be excluded)","","","Not a spatially explicit model","","","","","","","","","","","","","","","",""
"2024/10/02 2:49:29 pm CET","Doug","El-Tawil","2017","Journal of Artificial Societies and Social Simulation","20","4","10","Yes","Yes","Yes","Yes","","Station Nightclub in West Warwick, Rhode Island","","","","","","Seconds","Humans","465","Humans","465","40","No","","No","","","No"
"2024/10/03 8:16:46 am CET","Doug","Dumont","2018","Journal of Artificial Societies and Social Simulation","21","4","3","No","Yes","Yes","No","City","South East of Sydney","","","","","","Years","Humans","","Humans","","","No","","No","","",""
"2024/10/03 9:04:11 am CET","Doug","Pasimeni","2018","Journal of Artificial Societies and Social Simulation","22","1","11","Yes","Yes","Yes","Yes","Nation","Italy","","","","","200","","Organizations (businesses, NGOs, etc.)","","Organizations","","40","No","","No","","","No"
"2024/10/03 9:26:15 am CET","Doug","Dou","2020","Journal of Artificial Societies and Social Simulation","23","1","1-29","Yes","Yes","Yes","Yes","Multiple Counties or Region","Sinop, Mato Grosso state, Brazil","Raster (cells, pixels, patches)","Yes","1296","","20","Years","Humans;Organizations (businesses, NGOs, etc.)","","","","10","No","","No","","",""
"2024/10/03 9:49:36 am CET","Doug","Bedham","2021","Journal of Artificial Societies and Social Simulation","24","1","8","Yes","Yes","Yes","Yes","Multiple Counties or Region","North East England","Not a spatially explicit model","Yes","1681","","","Days","Humans","20172","Humans","","2000","No","","No","","","Maybe"
"2024/10/03 11:58:54 am CET","Doug","Retzlaff","2022","Journal of Artificial Societies and Social Simulation","25","1","3","Yes","Yes","Yes","Yes","City","Aachen andRostock","Paper does not say","No","","","113","Days","Humans","67939","","","128","No","","No","","","No"
"2024/10/03 12:33:57 pm CET","Doug","Sedigh","2023","Journal of Artificial Societies and Social Simulation","25","1","1","Yes","Yes","Yes","N/A (This paper should be excluded)","","","","","","","","","","","","","","","","","","",""
"2024/10/03 3:32:24 pm CET","Doug","Koll","2023","Journal of Artificial Societies and Social Simulation","26","1","7","Yes","Yes","Yes","Yes","Town","Coos Bay, OR, USA and Seaside, OR","Paper does not say","No","","","5760","Minutes","","26363","Humans","","","No","","No","","","No"
"2024/10/03 3:45:52 pm CET","Doug","Yoon","2010","Journal of Asian Architecture and Building Engineering","9","","163-170","Yes","Yes","Yes","No","Housing Estate","Shimokitazawa in Tokyo, Japan ","Paper does not say","No","","","","Seconds","","","","","","","","No","","","No"
"2024/10/04 8:22:22 am CET","Doug","Satoh","2010","Journal of Asian Architecture and Building Engineering","","","","I cannot be sure from reading the paper","Yes","Yes","Yes","Multiple Counties or Region","Nakhon Pathom Prefecture, Thailand,","Raster (cells, pixels, patches)","Yes","2500","","","","","","","","","No","","No","","","No"
"2024/10/04 8:41:46 am CET","Doug","Ordóñez Medina","2013","Transportation Research Record","2344","1","","I cannot be sure from reading the paper","Yes","Yes","Yes","Housing Estate","Singapore","Paper does not say","","","","","","","","Organizations","","","Yes","Organization's computing cluster","","","","No"
"2024/10/04 2:35:35 pm CET","Doug","Kim","2021","International Journal of Environmental Research and Public Health","18","7","","Yes","Yes","Yes","No","Nation","South Korea","","","","","","Days","Humans","5000","Humans","","","No","","","","","No"
"2024/10/10 9:37:44 am CET","Doug","Asgary","2022","International Journal of Environmental Research and Public Health","19","15 ","","Yes","Yes","Yes","No","Multiple Counties or Region"," Ontario, Canada","Paper does not say","No","","","50","Days","Humans","560","Humans","560","150","No","","No","","more data","No"
"2024/10/10 12:36:18 pm CET","Doug","Benny","2022","International Journal of Environmental Research and Public Health","19","7","","Yes","Yes","","Yes","Nation","Canada","","","","","","","Humans","","","","8","No","","No","","including other social processes;more / other scenarios","No"
"2024/10/10 1:12:21 pm CET","Doug","Dong","2022","International Journal of Environmental Research and Public Health","19","16","","Yes","Yes","Yes","Yes","County or Municipality","Shanghai Hangpu District","","No","","","600","Days","Humans;Households","927455","Humans","662030","","No","","No","","","Maybe"
"2024/10/10 1:28:42 pm CET","Doug","Liyanage","2022","Sustainability","12","10","4117","Yes","Yes","Yes","Yes","City","Inner City of Melbourne","Paper does not say","No","","","68400","Seconds","Humans;Households","64714","Humans","46562","","No","","No","","more complicated decision making algorithms;including other social processes","Maybe"
"2024/10/10 1:40:28 pm CET","Doug","Sandoval-Felix","2021","Sustainability","13","2","714","Yes","Yes","Yes","Yes","City","Ensenada, México (UDPE)","Vector (polygons, lines, points)","Yes","45652","","","Years","Humans","363260","","","50","No","","No","","including other social processes",""
"2024/10/11 8:39:56 am CET","Doug","Luo","2021","Sustainability","13","21","11750","Yes","Yes","Yes","Yes","Multiple Counties or Region","Yunan Province of China","Paper does not say","","","","365","Days","Humans","10000","Humans","1527991","","No","","No","","including other social processes","No"
"2024/10/11 12:21:29 pm CET","Doug","Kilani","2022","Sustainability","14","3","1535","Yes","Yes","Yes","Yes","City","City Centre of Lille","Vector (polygons, lines, points)","","","218438","","","Humans;Human-Operated Machines","","Humans","","","No","","No","","more complicated decision making algorithms;including other social processes;more data","No"
"2024/10/11 12:50:42 pm CET","Doug","Hinojoza-Castro","2022","Sustainability","","","","No","Yes","No","Yes","Multiple Counties or Region","Henares urban–industrial corridor, between Madrid and Guadalajara","","","","","","","","","","","","","","","","",""
"2024/10/11 1:01:14 pm CET","Doug","Teran","2007","Journal of Artificial Societies and Social Simulation","10","3","6","Yes","Yes","No","Yes","County or Municipality","Caparo Forest Reserve, in Venezuel","Not a spatially explicit model","No","","","50","Years","Humans","","","","9","No","","No","","","No"
"2024/10/15 11:15:07 am CET","Alison","Haas","2016","PLoS ONE","","","","Yes","Yes","Yes","Yes","Continent","Asia","Not a spatially explicit model","No","","","10","Years","Humans","","Humans","","","No","","No","lack of data","more data","No"
"2024/10/15 11:34:28 am CET","Alison","Lindkvist","2017","PLoS ONE","","","","Yes","Yes","Yes","Yes","Nation","Northwest Mexico","Not a spatially explicit model","","","","100","Years","Humans","","Humans","","","No","","No","lack of data","more environmental dynamics;more data","No"
"2024/10/15 11:46:50 am CET","Alison","Alghais","2018","PLoS ONE","","","","Yes","Yes","Yes","Yes","Nation","State of Kuwait","Vector (polygons, lines, points)","","","","7","Years","Humans","","Humans","4500000","35","No","","No","lack of data","more data","No"
"2024/10/15 11:52:01 am CET","Alison","Eitzel","2020","PLoS ONE","","","","Yes","No","","Yes","","","","","","","","","","","","","","","","","","",""
"2024/10/15 11:55:37 am CET","Alison","Carvalho","2020","PLoS ONE","","","","Yes","Yes","Yes","N/A (This paper should be excluded)","","","","","","","","","","","","","","","","","","",""
"2024/10/15 12:27:49 pm CET","Alison","Vojnovic","2020","PLoS ONE","","","","Yes","Yes","Yes","Yes","City","Detroit","Vector (polygons, lines, points)","No","","","","","Households","","Households","713777","","No","","No","lack of data","","No"
"2024/10/15 12:48:23 pm CET","Alison","Filomena","2020","PLoS ONE","","","","Yes","Yes","Yes","Yes","City","London and Paris ","Vector (polygons, lines, points)","No","","","","","Humans","2000","Humans","","","No","","No","for the sake of simplicity;to save disk space","","Yes"
"2024/10/22 1:01:11 pm CET","Alison","Stapelberg","2021","PLoS ONE","","","","Yes","Yes","Yes","Yes","City","Sydney, Melbourne and the Gold Coast ","Not a spatially explicit model","No","","","","","Humans","100000","Humans","","100","No","","No","","","No"
"2024/10/22 1:18:34 pm CET","Alison","Fosco","2021","PLoS ONE","","","","No","Yes","Yes","No","County or Municipality","Santiago Metropolitan Region","Not a spatially explicit model","N/A","","","","","Humans","540445","Humans","","100","No","","No","","","No"
"2024/10/22 1:42:49 pm CET","Alison","Alagoz","2021","PLoS ONE","","","","Yes","Yes","Yes","Yes","City","1) Dane County, Wisconsin; 2) Milwaukee metropolitan area, Wisconsin; 3) New York City (NYC).","Not a spatially explicit model","No","","","","","Humans","","","","","No","","No","","","No"
"2024/10/22 1:55:22 pm CET","Alison","Hernandez-Hernandez","2021","PLoS ONE","","","","Yes","Yes","Yes","Yes","County or Municipality","Yucatan (Mexico)","Not a spatially explicit model","N/A","","","100","Days","Humans","","","","300","No","","No","lack of data","more data","No"
"2024/10/22 2:25:31 pm CET","Alison","Ferguson","2022","PLoS ONE","","","","Yes","No","Yes","Yes","City","Mexico City","Not a spatially explicit model","N/A","","","12","Years","Humans","","Humans","","","No","","No","","","No"
"2024/10/22 2:38:39 pm CET","Alison","Mintram","2022","PLoS ONE","","","","Yes","Yes","Yes","No","","","Not a spatially explicit model","","","","243","Days","Humans","10000","","","100","No","","No","lack of data","more data","No"
"2024/10/22 2:54:12 pm CET","Alison","Vermeer","2022","PLoS ONE","","","","Yes","Yes","Yes","Yes","City","Chicago","Not a spatially explicit model","","","","15","Years","Humans","6500","Humans","","44","No","","Yes","to save computing time","more agents;more data","No"
"2024/10/23 2:56:54 pm CET","Alison","Saval","2023","PLoS ONE","","","","I cannot be sure from reading the paper","No","Yes","Yes","City","Hanoi - m'sim model","Vector (polygons, lines, points)","","","","","","","","","","","","","","","",""
"2024/10/23 2:59:46 pm CET","Alison","Satoh","2010","Journal of Asian Architecture and Building Engineering","","","","Yes","No","Yes","Yes","County or Municipality","Nakhon Pathom prefecture, Thailand","Raster (cells, pixels, patches)","","","","","","","","","","","","","","","",""
"2024/10/23 3:05:29 pm CET","Alison","Lee","2013","Journal of Asian Architecture and Building Engineering","","","","Yes","Yes","Yes","Yes","Village","Tate Gallery","Mix of Raster and Vector","Yes","961","","","","Humans","","","","","No","","No","for the sake of simplicity","","No"
"2024/10/23 5:18:12 pm CET","Alison","Miller","2011","Transportation Research Record","","","","No","Yes","","N/A (This paper should be excluded)","","","","","","","","","","","","","","","","","","","No"
"2024/10/24 11:24:52 am CET","Ric","Scott","2016","Journal of Artificial Societies and Social Simulation","19","1","10","Yes","Yes","Yes","Yes","City","Melbourne","Raster (cells, pixels, patches)","No","","","15","Hours","Humans;Organizations (businesses, NGOs, etc.)","","Humans","807","","No","","","","more complicated decision making algorithms;more data","Yes"
"2024/10/24 11:36:02 am CET","Ric","Quinn","2016","Journal of Artificial Societies and Social Simulation","19","2","1460-7425","Yes","Yes","Yes","Yes","City","Melbourne","Not a spatially explicit model","","","","365","Days","Humans","250","Humans","255","6250","No","","No","","more data","No"
"2024/10/24 12:04:49 pm CET","Ric","Ge","2015","Journal of Artificial Societies and Social Simulation","19","3","11","Yes","Yes","Yes","Yes","City","Aberdeen","Raster (cells, pixels, patches)","Yes","200000","","1728000","Seconds","Humans;Organizations (businesses, NGOs, etc.)","1000","Humans","100000","1000","No","","","","more agents;more fine-grained spatial representation","Yes"
"2024/10/24 12:44:53 pm CET","Ric","Ma","2016","Journal of Artificial Societies and Social Simulation","19","4","5","Yes","Yes","Yes","Yes","City","Kanazawa Japan,","Raster (cells, pixels, patches)","","","","30","Years","Households;Municipal/Local Governments","6825","Households","","30","No","","No","","","No"
"2024/10/24 12:54:30 pm CET","Ric","Holm","2016","Journal of Artificial Societies and Social Simulation","19","3","3","Yes","Yes","Yes","Yes","Nation","a roundwood market in Switzerland","Raster (cells, pixels, patches)","","","","240","Months","Organizations (businesses, NGOs, etc.)","80","Organizations","80","100","No","","No","","","No"
"2024/10/24 1:05:49 pm CET","Ric","Brousmiche","2016","Journal of Artificial Societies and Social Simulation","19","4","2","Yes","Yes","Yes","Yes","County or Municipality","Kapisa (Afghanistan)","Not a spatially explicit model","","","","554","Days","Humans","500","Humans","","60000","No","","","","more complicated decision making algorithms","No"
"2024/10/24 1:16:07 pm CET","Ric","Krebs","2017","Journal of Artificial Societies and Social Simulation","20","2","10","Yes","Yes","Yes","Yes","Nation","Germany","Raster (cells, pixels, patches)","","","","72","Months","Households","300000","Households","","","No","","No","","","No"
"2024/10/24 1:27:35 pm CET","Ric","Gotts","2017","Journal of Artificial Societies and Social Simulation","20","3","11","Yes","Yes","Yes","Yes","County or Municipality","Aberdeenshire","Not a spatially explicit model","","","","200","Months","Households","197","Households","197","55296","No","","No","","","Yes"
"2024/10/24 1:36:28 pm CET","Ric","Xiong","2018","Journal of Artificial Societies and Social Simulation","21","4","6","Yes","Yes","Yes","Yes","County or Municipality","Wuhan area China","Vector (polygons, lines, points)","","","","7","Years","","","Humans","","100","No","","No","","","No"
"2024/10/25 10:26:45 am CET","Ric","Hailegiorgis","2018","Journal of Artificial Societies and Social Simulation","21","4","4","Yes","Yes","Yes","Yes","County or Municipality","South Omo Zone of Ethiopia","Raster (cells, pixels, patches)","Yes","3296349","","18250","Years","Households","50000","Households","","300","No","","No","","","Yes"
"2024/10/25 10:39:10 am CET","Ric","Hunter","2018","Journal of Artificial Societies and Social Simulation","21","4","9","Yes","Yes","Yes","Yes","Town","Schull and Tramore. Ireland","Raster (cells, pixels, patches)","Yes","","","100","","Households","","Households","10000","200","No","","No","","more data","No"
"2024/10/25 10:44:58 am CET","Ric","Bao","2019","Journal of Artificial Societies and Social Simulation","22","1","7","Yes","Yes","Yes","No","","","Raster (cells, pixels, patches)","","200","","80","Months","Households","200","Households","","","No","","No","","","No"
"2024/10/25 10:59:04 am CET","Ric","Kant","2020","Journal of Artificial Societies and Social Simulation","","4","4","Yes","Yes","Yes","Yes","Nation","France","Not a spatially explicit model","","","","2000","Weeks","Humans;Households;Organizations (businesses, NGOs, etc.)","9521","","","","No","Personal computer (desktop/laptop)","Yes","time taken to calibrate the model","","Yes"
"2024/10/25 11:07:20 am CET","Ric","Nöldeke","2020","Journal of Artificial Societies and Social Simulation","23","4","9","Yes","Yes","Yes","Yes","County or Municipality","Mantapala Zambia","Not a spatially explicit model","","","","52","Weeks","Households","264","Households","","900","No","","","","more data;more / other scenarios","No"
"2024/10/25 11:33:05 am CET","Ric","Termos","2020","Journal of Artificial Societies and Social Simulation","","1","2","Yes","Yes","Yes","Yes","City","Beirut","Raster (cells, pixels, patches)","","","","600","Months","","","Households","","300","No","","No","","","Yes"
"2024/10/25 11:41:25 am CET","Ric","Badham","2021","Journal of Artificial Societies and Social Simulation","24","1","8","Yes","Yes","No","No","","","Raster (cells, pixels, patches)","Yes","1681","","300","Days","Humans","20172","Humans","","2000","No","","No","","more data;more / other scenarios;covid ","No"
"2024/11/04 5:12:05 pm CET","Gary","Stapelberg","2021","PLoS ONE","16","5","e0251737","Yes","Yes","Yes","Yes","City","Melbourne, Sydney, Gold Coast, Australia","Not a spatially explicit model","N/A","","","195","Days","Humans","5000000","Humans","5000000","300","Yes","Personal computer (desktop/laptop)","No","","Multiple age bands","No"
"2024/11/04 5:22:54 pm CET","Gary","Sanches","2022","PLoS ONE","17","1","e0263064","Yes","Yes","No","N/A (This paper should be excluded)","Village","","Raster (cells, pixels, patches)","","2401","","3000","Years","Households","49","Households","","1000","No","","No","","more complicated decision making algorithms","No"
"2024/11/04 5:38:38 pm CET","Gary","Hadley","2022","PLoS ONE","17","3","e0264704","I cannot be sure from reading the paper","Yes","Yes","Yes","County or Municipality","North Carolina, USA","Not a spatially explicit model","N/A","","","30","Days","Humans","","Humans","","4","No","","No","","","No"
"2024/11/04 6:01:59 pm CET","Gary","Olivella-Rosell","2015","Energies","8","","4160-4187","Yes","Yes","Yes","Yes","City","Barcelona, Spain","Other","N/A","","","1200","Minutes","Human-Operated Machines;Organizations (businesses, NGOs, etc.)","805","Human-Operated Machines","","5","No","","Yes","to save computing time;to save memory;to save disk space","","Maybe"
"2024/11/04 6:08:46 pm CET","Gary","Shu","2015","Energies","8","","13284-13307","No","Yes","Yes","Yes","County or Municipality","Jiangsu Province, China","Vector (polygons, lines, points)","","","","","","","","","","","No","","","","","No"
"2024/11/04 6:21:21 pm CET","Gary","Luo","2019","International Journal of Environmental Research and Public Health","16","","1677","Yes","Yes","Yes","Yes","Multiple Counties or Region","Western Pacific Region, China","Not a spatially explicit model","N/A","","","","","Humans","10000","Humans","153000000","16","No","","Yes","lack of data","including other social processes;more data;more / other scenarios","No"
"2024/11/05 2:53:44 pm CET","Gary","Asgary","2022","International Journal of Environmental Research and Public Health","19","","2635","Yes","Yes","Yes","Yes","Village","A residential care home in Ontario, Canada","Paper does not say","No","","","50","Days","Humans","560","Humans","","5000","No","","","","including other social processes;more data;more / other scenarios;generalization to other contexts","Maybe"
"2024/11/05 5:38:53 pm CET","Gary","Benny","2022","International Journal of Environmental Research and Public Health","19","","4208","Yes","Yes","Yes","Yes","City","Calgary, Canada","Not a spatially explicit model","N/A","","","","","Humans","17865","Humans","","12","No","","Yes","lack of data","more complicated decision making algorithms;including other social processes;more data","No"
"2024/11/05 6:05:15 pm CET","Alison","Ordonez","2013","Transportation Research Record","","","","No","Yes","","Yes","","","","","","","","","","","","","","","","","","",""
"2024/11/05 6:08:52 pm CET","Gary","Li","2018","Sustainability","10","","1575","I cannot be sure from reading the paper","Yes","Yes","Yes","","A county in rural Alabama, USA","Vector (polygons, lines, points)","No","","","100","Weeks","Humans;Organizations (businesses, NGOs, etc.)","613","Humans","","18","No","","No","","","No"
"2024/11/05 6:23:30 pm CET","Gary","Anastasiadis","2020","Sustainability","13","","168","Yes","Yes","Yes","Yes","City","Chicago","Vector (polygons, lines, points)","Yes","","104074","","","Human-Operated Machines","3500","Human-Operated Machines","","105","Yes","Personal computer (desktop/laptop)","No","","Improved optimization method","Maybe"
"2024/11/05 6:28:44 pm CET","Alison","Luo","2018","Energies","","","","Yes","Yes","Yes","Yes","County or Municipality","Shandong Province of China","Not a spatially explicit model","No","","","","","Humans","","","","","No","","No","","","No"
"2024/11/05 6:39:14 pm CET","Alison","Song","2020","Energies","","","","Yes","Yes","Yes","Yes","Town","Harbin, China","Not a spatially explicit model","","","","","","Humans","100","Humans","","10","No","","No","","more agents;more data","No"
"2024/11/05 6:43:47 pm CET","Gary","Jiang","2021","Sustainability","13","","2283","Yes","Yes","Yes","Yes","Multiple Counties or Region","Detroit Tri-County area, USA 5095km^2","Vector (polygons, lines, points)","No","","","20","Years","Humans;Organizations (businesses, NGOs, etc.)","10602","Households","1060200","150","No","","Yes","for the sake of simplicity;to save computing time","more fine-grained spatial representation;including other social processes;more data;more / other scenarios;more fine-grained temporal resolution","Yes"
"2024/11/05 6:51:10 pm CET","Alison","Holtz","2020","Energies","","","","Yes","Yes","Yes","No","City","","Not a spatially explicit model","No","","","","","","","Humans","","","No","","","","more data","No"
"2024/11/05 6:59:17 pm CET","Gary","Chiou","2021","Sustainability","13","","8015","Yes","Yes","Yes","Yes","","Shida Night Market, Taiwan (Street)","Raster (cells, pixels, patches)","Yes","8601","","1001","","Humans;Organizations (businesses, NGOs, etc.)","150","Humans","149","270","No","","No","","","No"
"2024/11/05 7:08:42 pm CET","Alison","Li","2022","International Journal of Environmental Research and Public Health","","","","Yes","Yes","Yes","Yes","","Xin’an River basin, China","","No","","","20","Years","Humans","1500","Humans","","","No","","No","","","No"
"2024/11/05 7:16:55 pm CET","Alison","Dong","2022","International Journal of Environmental Research and Public Health","","","","Yes","Yes","Yes","Yes","Town","Huangpu District of Shanghai","Not a spatially explicit model","No","","","600","Hours","Humans","","","","100","No","","No","","","No"
"2024/11/05 8:27:47 pm CET","Alison","Wu","2022","International Journal of Environmental Research and Public Health","","","","Yes","Yes","Yes","Yes","Town","Longchi Town, China","Raster (cells, pixels, patches)","No","","","","","Humans","","","","50","No","","No","","","No"
"2024/11/05 8:35:50 pm CET","Alison","Torkjazi","2019","Sustainability","","","","Yes","No","Yes","Yes","","","","","","","","","","","","","","","","","","","No"
"2024/11/05 8:54:51 pm CET","Alison","Al-Shaery","2021","Sustainability","","","","Yes","Yes","Yes","Yes","City","Mecca, Saudi Arabia","Raster (cells, pixels, patches)","No","","","","","Humans","3000","Humans","","","Yes","Personal computer (desktop/laptop)","No","","","No"
"2024/11/05 9:03:56 pm CET","Alison","Koppelaar","2021","Sustainability","","","","Yes","Yes","Yes","Yes","City","Szeged (Hungary), Alcalá de Henares (Spain), the Metropolitan City of Milan (Italy) and Çankaya Municipality (Turkey).","Raster (cells, pixels, patches)","No","","","","Minutes","","2900","","","6","No","","Yes","","","Yes"
"2024/11/05 9:07:11 pm CET","Alison","Xing","2021","Sustainability","","","","No","No","","Yes","","","","","","","","","","","","","","","","","","",""
"2024/11/06 6:37:30 pm CET","Gary","Xing","2021","Sustainability","13","","8437","No","I don't think there are any agents in the model","I don't think there are any agents in the model","N/A (This paper should be excluded)","Catchment of a River Basin","Huaitoutala, Qinghai, China","Other","N/A","","","100","","","","","","","No","","No","","","No"
"2024/11/06 6:48:10 pm CET","Gary","De Wolf","2022","Sustainability","14","","1535","No","I don't think there are any agents in the model","I don't think there are any agents in the model","Yes","Multiple Counties or Region","Picardie, France","Vector (polygons, lines, points)","Yes","","703510","","","Humans","","","4000000","","No","","Yes","to save computing time;lack of data","","No"
"2024/11/06 6:57:35 pm CET","Gary","Gebrehiwot","2022","Sustainability","14","","9715","Yes","Yes","Yes","Yes","County or Municipality","Guildford County, North Carolina, USA","Raster (cells, pixels, patches)","No","","","","","Households;Organizations (businesses, NGOs, etc.)","","","","","No","","No","","more data","No"
"2024/11/06 7:19:19 pm CET","Gary","Truong","2023","Sustainability","15","","5355","Yes","Yes","Yes","Yes","Catchment of a River Basin","Mekong Delta, Viet Nam (~3M Ha)","Raster (cells, pixels, patches)","No","119930","","36","Years","Organizations (businesses, NGOs, etc.)","119930","Organizations","","7","No","","No","","Coupling models together","No"
"2024/11/07 12:07:40 pm CET","Gary","Assaf","2023","Sustainability","15","","8527","Yes","Yes","Yes","Yes","Housing Estate","District 5, Manhattan, NYC, USA","Vector (polygons, lines, points)","No","","","20","Years","Organizations (businesses, NGOs, etc.)","30","Organizations","","10000","","","","","more environmental dynamics","Maybe"
"2024/11/07 1:10:59 pm CET","Gary","Bai","2015","Sustainability","7","","14802-14833","Yes","Yes","Yes","Yes","Town","Qianjingou Town, Inner Mongolia, China 600.11km^2","Raster (cells, pixels, patches)","","17056","","30","Years","Humans;Households;Organizations (businesses, NGOs, etc.);Municipal/Local Governments","17056","Humans","17500","1","No","","No","","more complicated decision making algorithms;more data;more / other scenarios","No"
"2024/11/07 1:49:09 pm CET","Alison","Tama","2022","Sustainability","","","","Yes","No","","No","","","","","","","","","","","","","","","","","","",""
"2024/11/07 1:55:21 pm CET","Alison","Hinojoza-Castro","2022","Sustainability","","","","Yes","Yes","Yes","Yes","Village","Henares urban–industrial corridor (Spain)","Not a spatially explicit model","No","","","","","Humans","","","","","No","","No","","","No"
"2024/11/07 2:41:02 pm CET","Alison","Assaf","2023","Sustainability","","","","Yes","Yes","Yes","No","City","New York","Vector (polygons, lines, points)","No","","","10000","","Humans","","","","","No","","No","","","No"
"2024/11/07 2:48:51 pm CET","Gary","Luo","2021","Sustainability","13","","11750","No","Yes","Yes","Yes","Multiple Counties or Region","Six destinations in Yunnan Province, China","Not a spatially explicit model","N/A","","","40","Days","Humans","10000","Humans","152779100","","No","","","","more complicated decision making algorithms;more data","No"
"2024/11/07 3:04:07 pm CET","Alison","Ionesco ","2021","Sustainability","","","","Yes","Yes","Yes","Yes","Housing Estate","School in Bucharest","Raster (cells, pixels, patches)","No","","","","Seconds","Humans","180","Humans","","400","No","","No","","","No"
"2024/11/07 3:08:26 pm CET","Alison","Zhu","2022","Sustainability","","","","No","Yes","Yes","Yes","","","","","","","","","","","","","","","","","","",""
"2024/11/07 3:09:22 pm CET","Gary","Zhu","2022","Sustainability","14","","16183","No","Yes","Yes","Yes","City","Shanghai, China","Vector (polygons, lines, points)","No","","","11","Years","Humans","","Humans","","","No","","","","","No"
"2024/11/07 3:17:35 pm CET","Gary","Rakowski","2010","Journal of Artificial Societies and Social Simulation","13","1","13","No","Yes","Yes","Yes","Nation","Poland","Vector (polygons, lines, points)","No","","","","","Humans;Households;Organizations (businesses, NGOs, etc.)","","","","","No","","","","","No"
"2024/11/07 3:25:50 pm CET","Gary","Pluchino","2014","Journal of Artificial Societies and Social Simulation","17","1","16","Yes","Yes","Yes","Yes","","Castello Ursino Museum, Catania, Italy","Raster (cells, pixels, patches)","No","","","2000","Seconds","Humans","400","Humans","","18","No","","No","","","No"
"2024/11/07 3:35:19 pm CET","Gary","Zhang","2014","Journal of Artificial Societies and Social Simulation","17","1","18","Yes","Yes","No","N/A (This paper should be excluded)","","","Raster (cells, pixels, patches)","Yes","2400","","150","Months","Humans","2000","Humans","","","No","","Yes","to save computing time","","No"
"2024/11/07 3:48:27 pm CET","Alison","Pluchino","2014","Journal of Artificial Societies and Social Simulation","","","","Yes","Yes","Yes","Yes","Housing Estate","Castello Ursino museum in Catania (Italy)","Raster (cells, pixels, patches)","No","","","","","Humans","","Humans","","","No","","No","","","No"
"2024/11/07 3:55:14 pm CET","Gary","Bohensky","2014","Journal of Artificial Societies and Social Simulation","17","1","2","Yes","Yes","Yes","Yes","More than one Nation, but not a whole Continent","South Africa, Lesotho and Swaziland","Raster (cells, pixels, patches)","No","","","100","Years","Organizations (businesses, NGOs, etc.);Municipal/Local Governments","","","","40","No","","Yes","for the sake of simplicity","more complicated decision making algorithms","No"
"2024/11/07 4:00:45 pm CET","Alison","Zhang","2014","Journal of Artificial Societies and Social Simulation","","","","Yes","Yes","Yes","Yes","City","Beijing","Raster (cells, pixels, patches)","","","","150","Months","Humans","2000","","","","No","","No","","","No"
"2024/11/07 4:09:04 pm CET","Gary","Ge","2016","Journal of Artificial Societies and Social Simulation","19","3","11","Yes","Yes","Yes","Yes","County or Municipality","Aberdeen City and Shire, UK, 2000km^2","Raster (cells, pixels, patches)","Yes","200000","","1854129","Seconds","Human-Operated Machines","1000","Human-Operated Machines","100000","1000","No","","Yes","for the sake of simplicity;to save memory","more environmental dynamics;including other social processes;more / other scenarios","Maybe"
"2024/11/07 4:17:59 pm CET","Gary","Holm","2016","Journal of Artificial Societies and Social Simulation","19","3","3","Yes","Yes","Yes","Yes","Nation","Wood market in Switzerland","","","","","240","Months","Organizations (businesses, NGOs, etc.)","80","Organizations","","100","No","","No","","more complicated decision making algorithms;more data","No"
"2024/11/07 4:33:03 pm CET","Gary","Brousmiche","2016","Journal of Artificial Societies and Social Simulation","19","4","2","Yes","Yes","Yes","Yes","Multiple Counties or Region","Kapisa, Afghanistan","Not a spatially explicit model","N/A","","","554","Days","Humans","500","Humans","","7500","Yes","Organization's computing cluster","No","","more complicated decision making algorithms;including other social processes;more data","Yes"
"2024/11/07 4:57:44 pm CET","Gary","Dumont","2018","Journal of Artificial Societies and Social Simulation","21","4","3","Yes","Yes","Yes","Yes","City","South East of Sydney, Australia","Paper does not say","","","","10","Years","Humans","","","","1320","Yes","Personal computer (desktop/laptop)","Yes","for the sake of simplicity;to save computing time","more data","Yes"
"2024/11/07 5:49:12 pm CET","Alison","Putra","2015","Journal of Artificial Societies and Social Simulation","18","2","","Yes","Yes","Yes","Yes","County or Municipality","Monmouth County - US","Raster (cells, pixels, patches)","Yes","3025","","20","Years","Households","","","","","No","","No","","","No"
"2024/11/07 7:00:15 pm CET","Gary","Xiong","2018","Journal of Artificial Societies and Social Simulation","21","4","6","Yes","Yes","Yes","Yes","Village","10 villages near Wuhan, China","Not a spatially explicit model","N/A","","","7","Years","Households","","","","","No","","No","","","Maybe"
"2024/11/07 7:19:43 pm CET","Gary","Hailegiorgis","2018","Journal of Artificial Societies and Social Simulation","21","4","4","Yes","Yes","Yes","Yes","Multiple Counties or Region","South Omo Zone, Ethiopia 2.1MHa","Raster (cells, pixels, patches)","Yes","3296349","","18250","Days","","50000","Households","125009","120","No","","","","more complicated decision making algorithms;including other social processes;more data;Validation","Yes"
"2024/11/07 7:30:33 pm CET","Gary","Shaaban","2019","Journal of Artificial Societies and Social Simulation","22","1","4","Yes","Yes","Yes","Yes","Nation","Egypt","Raster (cells, pixels, patches)","No","","","85","Years","Humans","","","","6","No","","No","","more complicated decision making algorithms;more data","No"
"2024/11/08 11:35:39 am CET","Gary","Urquhart","2019","Journal of Artificial Societies and Social Simulation","22","2","10","Yes","Yes","Yes","Yes","City","Edinburgh, UK","Paper does not say","N/A","","","30","Days","Humans","1494","","1494","","No","","No","","","No"
"2024/11/08 12:09:13 pm CET","Alison","Zellner","2014","Journal of Artificial Societies and Social Simulation","","","","Yes","Yes","Yes","N/A (This paper should be excluded)","","","","","","","","","","","","","","","","","","","No"
"2024/11/08 12:14:57 pm CET","Alison","Bloomquist","2015","Journal of Artificial Societies and Social Simulation","","","","Yes","Yes","Yes","N/A (This paper should be excluded)","","","","","","","","","","","","","","","","","","","No"
"2024/11/08 12:23:18 pm CET","Alison","Barthelemy","2015","Journal of Artificial Societies and Social Simulation","","","","No","Yes","Yes","Yes","City","Belgium","","","","","","","","10300000","","","","Yes","Organization's computing cluster","","","","Yes"
"2024/11/08 12:46:48 pm CET","Alison","Friege","2016","Journal of Artificial Societies and Social Simulation","","","","Yes","Yes","Yes","Yes","Nation","Germany","Raster (cells, pixels, patches)","No","","","120","Months","","","Households","","100","No","","No","","","No"
"2024/11/08 2:46:34 pm CET","Alison","Santos","2016","Journal of Artificial Societies and Social Simulation","","","","Yes","Yes","Yes","N/A (This paper should be excluded)","","","","","","","","","","","","","","","","","","","No"
"2024/11/08 2:50:57 pm CET","Gary","Civico","2019","Journal of Artificial Societies and Social Simulation","22","4","3","Yes","Yes","Yes","No","","","Not a spatially explicit model","N/A","","","1000","Years","Humans","","","","79860","No","","Yes","lack of data","more complicated decision making algorithms;including other social processes","No"
"2024/11/08 2:52:32 pm CET","Alison","Dubbelboer","2017","Journal of Artificial Societies and Social Simulation","","","","Yes","Yes","Yes","Yes","Village","London Borough of Camden","Vector (polygons, lines, points)","No","","","100","Years","Households","","","","300","No","","","lack of data","more data","No"
"2024/11/08 3:20:50 pm CET","Alison","Gotts","2017","Journal of Artificial Societies and Social Simulation","","","","Yes","Yes","Yes","Yes","City","Aberdeen","Not a spatially explicit model","","","","","Seasons / Quarters","Households","197","Households","","55296","No","","No","","","Maybe"
"2024/11/08 5:44:46 pm CET","Gary","Xu","2020","Journal of Artificial Societies and Social Simulation","23","2","4","Yes","Yes","Yes","Yes","Multiple Counties or Region","Various cantons in France","Not a spatially explicit model","N/A","","","30","Years","Organizations (businesses, NGOs, etc.)","100","Organizations","113","2700","No","","No","","including other social processes;more data","No"
"2024/11/08 5:53:18 pm CET","Gary","Yun","2020","Journal of Artificial Societies and Social Simulation","23","4","5","Yes","Yes","Yes","Yes","Nation","Korea","Not a spatially explicit model","N/A","","","36","Months","Households;Organizations (businesses, NGOs, etc.)","2000","Households","20000000","3000","No","","No","","including other social processes","No"
"2024/11/08 5:58:48 pm CET","Alison","Hunter","2018","Journal of Artificial Societies and Social Simulation","","","","Yes","Yes","Yes","Yes","Village","Tramore and Schull (Ireland)","Raster (cells, pixels, patches)","Yes","400","","","","","","Households","","100","No","","No","lack of data","more data","Yes"
"2024/11/08 6:02:25 pm CET","Gary","Nöldeke","2020","Journal of Artificial Societies and Social Simulation","23","4","9","Yes","Yes","Yes","Yes","Village","Mantapala, Luapula Province, Zambia","Not a spatially explicit model","","","","52","Weeks","Households","264","Households","264","90","No","","No","","more complicated decision making algorithms;more environmental dynamics;including other social processes","No"
"2024/11/08 6:17:34 pm CET","Gary","Assefa","2021","Journal of Artificial Societies and Social Simulation","24","4","8","Yes","Yes","Yes","Yes","County or Municipality","Boset District, Oromia State, Ethiopia 137849ha","Raster (cells, pixels, patches)","No","","","25","Years","Organizations (businesses, NGOs, etc.);Municipal/Local Governments","","","","1200","No","","No","","more environmental dynamics;including other social processes;more / other scenarios","No"
"2024/11/08 6:28:10 pm CET","Gary","Sedigh","2021","Journal of Artificial Societies and Social Simulation","25","1","1","Yes","Yes","No","No","","","Not a spatially explicit model","N/A","","","300","Years","Humans;Organizations (businesses, NGOs, etc.)","1000","Humans","","90","No","","No","","more runs of the model;more complicated decision making algorithms;including other social processes","No"
"2024/11/08 6:54:37 pm CET","Gary","Pagani","2022","Journal of Artificial Societies and Social Simulation","25","2","4","Yes","Yes","Yes","No","","","Not a spatially explicit model","","","","360","Months","Humans;Households","878","Humans","","800","No","","No","","including other social processes;more data;Different sensitivity analysis","No"
"2024/11/08 7:13:18 pm CET","Gary","Gibson","2022","Journal of Artificial Societies and Social Simulation","25","2","3","Yes","Yes","Yes","Yes","Nation","UK","Not a spatially explicit model","N/A","","","31","Years","Humans","1000","Humans","","","No","","Yes","Availability of library with better network functionality","including other social processes;Other implementation options","Yes"
"2024/11/08 7:25:15 pm CET","Gary","Etienne","2003","Journal of Artificial Societies and Social Simulation","6","2","2","Yes","Yes","Yes","Yes","Multiple Counties or Region","Causse Méjan, France","Raster (cells, pixels, patches)","Yes","5726","","60","Years","Organizations (businesses, NGOs, etc.)","40","Organizations","","8","No","","No","","","No"
"2024/11/08 7:30:32 pm CET","Alison","Shaaban","2019","Journal of Artificial Societies and Social Simulation","","","","Yes","Yes","Yes","Yes","Nation","Egypt","Raster (cells, pixels, patches)","No","","","85","Years","Humans","","","","","No","","No","","more data","No"
"2024/11/08 7:40:37 pm CET","Alison","Bao","2019","Journal of Artificial Societies and Social Simulation","","","","Yes","Yes","Yes","No","","","","","","","","Months","Humans","200","","","","No","","No","","more data","No"
"2024/11/08 7:54:25 pm CET","Alison","Urquhart","2019","Journal of Artificial Societies and Social Simulation","","","","Yes","Yes","Yes","Yes","City","Edinburgh","Not a spatially explicit model","No","","","","","Humans","","","","","No","","No","","","No"
"2024/11/14 11:09:19 am CET","Ric","Gibson","2021","Journal of Artificial Societies and Social Simulation","24","3","9","Yes","Yes","Yes","Yes","Nation","uk","Not a spatially explicit model","","","","31","Years","Humans","1000","Humans","","7644","No","","No","","","No"
"2024/11/14 11:21:42 am CET","Ric","Assefa","2021","Journal of Artificial Societies and Social Simulation","24","4","8","Yes","Yes","Yes","Yes","County or Municipality","Boset District, Ethiopia","Raster (cells, pixels, patches)","Yes","551396","","25","Years","Humans;Organizations (businesses, NGOs, etc.)","","Humans","174659","100","No","","No","","","No"
"2024/11/14 11:27:12 am CET","Ric","Pagani","2022","Journal of Artificial Societies and Social Simulation","25","2","4","Yes","Yes","Yes","Yes","Nation","Switzerland.","Raster (cells, pixels, patches)","No","","","360","Months","Humans;Households","1000","Humans","","100","No","","","","more data","No"
"2024/11/14 11:41:51 am CET","Ric","Gibson","2022","Journal of Artificial Societies and Social Simulation","25","2","3","Yes","Yes","Yes","Yes","Nation","uk ","Not a spatially explicit model","No","","","30","Years","Humans","1000","Humans","4486","600","No","","No","","more data","No"
"2024/11/15 10:07:44 am CET","Alison","Urquhart","2019","Journal of Artificial Societies and Social Simulation","","","","Yes","Yes","Yes","Yes","City","Edinburgh","Paper does not say","N/A","","","","","Humans","","","","","No","","No","","","Yes"
"2024/11/15 10:12:57 am CET","Alison","Kant","2020","Journal of Artificial Societies and Social Simulation","","","","Yes","No","","No","","","","","","","","","","","","","","","","","","",""
"2024/11/15 10:19:44 am CET","Alison","Yun","2020","Journal of Artificial Societies and Social Simulation","","","","Yes","Yes","Yes","Yes","Nation","Korea","Paper does not say","","","","36","Months","Households","2000","Households","","","No","","No","","","Maybe"
"2024/11/15 11:44:13 am CET","Alison","Termos","2021","Journal of Artificial Societies and Social Simulation","","","","Yes","Yes","Yes","Yes","City","Lebanon","Raster (cells, pixels, patches)","","","","270","Months","Humans","","Humans","","100","No","","No","","","No"
"2024/11/15 11:52:50 am CET","Alison","Gibson","2021","Journal of Artificial Societies and Social Simulation","","","","Yes","Yes","Yes","Yes","Nation","UK","","","","","29","Years","Humans","1000","Humans","","","No","","No","","","No"
"2024/11/15 11:59:56 am CET","Alison","Manh Vu","2023","Journal of Artificial Societies and Social Simulation","","","","Yes","No","Yes","Yes","City","New York","","","","","","","","","","","","","","","","",""
"2024/11/15 12:10:20 pm CET","Alison","Bhavnani","2003","Journal of Artificial Societies and Social Simulation","","","","Yes","Yes","No","Yes","Nation","Italy","","","","","","","","","","","","","","","","",""
"2024/11/15 12:18:34 pm CET","Alison","Lee","2014","Journal of Artificial Societies and Social Simulation","","","","Yes","Yes","Yes","Yes","Nation","Korea","Not a spatially explicit model","No","","","25","Months","Humans","","","","","No","","No","lack of data","more data","No"
"2024/11/16 12:36:46 pm CET","Ric","Koll","2023","Journal of Artificial Societies and Social Simulation","26","1","7","Yes","Yes","Yes","Yes","Town","Coos Bay, OR","Not a spatially explicit model","No","","","100","","Humans","10000","Humans","26363","5000","No","","No","","including other social processes;more data","No"
"2024/11/16 12:45:18 pm CET","Ric","Vu","2023","Journal of Artificial Societies and Social Simulation","26","2","","Yes","Yes","Yes","N/A (This paper should be excluded)","County or Municipality","New York State","Not a spatially explicit model","No","","","","Days","","","","","","","","","","",""
"2024/11/19 10:44:42 am CET","Ric","Holtz","2020","Energies","13","","6133","Yes","Yes","No","N/A (This paper should be excluded)","","","","","","","","","","","","","","","","","","",""
"2024/11/19 2:04:10 pm CET","Ric","Schreinemachers","2011.","Environmental Modelling and Software","26","","845-859","Yes","Yes","Yes","Yes","Multiple Counties or Region","Chile, Ghana, Thailand, and Vietnam","Raster (cells, pixels, patches)","","34691","","4","Years","Organizations (businesses, NGOs, etc.)","","Organizations","","","Yes","Personal computer (desktop/laptop)","No","","more data","No"
"2024/11/19 2:40:46 pm CET","Ric","Wolf","2015","Technological Forecasting and Social Change","94","","269-285","Yes","Yes","Yes","Yes","City","Berlin, Germany","Mix of Raster and Vector","","","","100","","Humans","675","Humans","675","40","No","","","","more data",""
"2024/11/19 2:54:53 pm CET","Ric","Zhang","2016","Technological Forecasting and Social Change","106","","74-84","Yes","Yes","Yes","Yes","City","UK City of Leeds","","","","","7560","Minutes","Humans","100","Humans","","300","Yes","Personal computer (desktop/laptop)","","","more data",""
"2024/11/19 3:25:36 pm CET","Ric","Chen","2023","Transportation Research Record","2677","2","555–563","Yes","Yes","Yes","Yes","County or Municipality","State of Indiana","","No","","","","","Humans","1","Humans","","157678","No","","No","","","No"
"2024/11/19 9:25:17 pm CET","Alison","Xu","2020","Journal of Artificial Societies and Social Simulation","","","","Yes","Yes","Yes","Yes","County or Municipality","France - 27 cantons","Not a spatially explicit model","N/A","","","","","","","Humans","","100","No","","No","lack of data","including other social processes;more data","No"
"2024/11/19 9:40:07 pm CET","Alison","Ahanchian","2017","Adaptive Behaviour","","","","Yes","Yes","Yes","Yes","City","Metro Manila","Not a spatially explicit model","N/A","","","26","Years","Humans","67100","Humans","67100","234","No","","No","","","No"
"2024/11/19 9:52:36 pm CET","Alison","Lamy","2016","Journal of Artificial Societies and Social Simulation","","","","Yes","I cannot be sure from reading the paper","Yes","Yes","City","Melbourne, Australia","Not a spatially explicit model","N/A","","","","","Humans","","","","","No","","No","lack of data","more complicated decision making algorithms;including other social processes;more data","No"
"2024/11/20 11:07:28 am CET","Ric","Ma","2016","Journal of Artificial Societies and Social Simulation","19","4","5","Yes","Yes","Yes","Yes","City","Kanazawa city, Japan","Raster (cells, pixels, patches)","No","","","","Years","Humans","1098","Humans","177689","900","No","","","","more data","Yes"
"2024/11/20 11:26:44 am CET","Ric","Kaye-Blake","2019","Agricultural Systems","173","","458–468","Yes","Yes","Yes","Yes","County or Municipality","Southland. NewZeland","Raster (cells, pixels, patches)","No","","","","Years","Organizations (businesses, NGOs, etc.)","","Organizations","","","No","","","","","No"
"2024/11/20 11:41:03 am CET","Ric","Naivinit","1990","Transportation Research Record","unknown","","","Yes","Yes","Yes","Yes","Village","Ban Mak Mai village in southern Ubon Ratchathani province","Raster (cells, pixels, patches)","","","","3650","Days","Households","11","Humans","","","No","","","","","No"
"2024/11/20 11:54:17 am CET","Ric","Smajgl","2013","Environmental Modelling and Software","45","","8-14","Yes","Yes","Yes","Yes","County or Municipality","East Kalimantan, Indonesia","Raster (cells, pixels, patches)","","","","2529","Days","Humans;Households","540","Humans","2000000","","No","","","","more fine-grained spatial representation","No"
"2024/11/20 12:06:36 pm CET","Ric","Nsoesie","2012","PLoS ONE","7","10","e45414","Yes","Yes","Yes","Yes","City","New York City USA","Raster (cells, pixels, patches)","","","","","Minutes","Humans","2000000","Humans","2000000","25","No","","","","",""
"2024/11/20 12:14:34 pm CET","Ric","Amineh;","2015","Journal of Artificial Societies and Social Simulation","18","2","2573","Yes","Yes","Yes","N/A (This paper should be excluded)","County or Municipality","Westland, Netherlands.","","","","","","","","","","","","","","","","",""
"2024/11/20 12:34:14 pm CET","Ric","Chang","2023","Journal of Artificial Societies and Social Simulation","26","3","3","Yes","Yes","Yes","Yes","County or Municipality","California. usa","Other","","","","120","","Humans","10000","Humans","","100","No","","","","","No"
"2024/11/20 12:45:46 pm CET","Ric","Rand","2015","Journal of Artificial Societies and Social Simulation","18","2","1","Yes","Yes","Yes","N/A (This paper should be excluded)","","","Other","","","","","","Humans","1231","","","","No","","","","",""
"2024/11/20 1:05:15 pm CET","Ric","Bhavnani","2003","Journal of Artificial Societies and Social Simulation","6","4","1","Yes","Yes","No","N/A (This paper should be excluded)","Nation","Italy","","","","","","","","","","","","","","","","",""
"2025/04/14 5:06:49 pm CET","Gary","Putra","2015","Journal of Artificial Societies and Social Simulation","18","2","18","Yes","Yes","Yes","Yes","Town","Highlands, New Jersey, USA","Raster (cells, pixels, patches)","Yes","2617","","20","Years","Households;Organizations (businesses, NGOs, etc.)","","Humans","5000","10","No","","No","","larger spatial extent;including other social processes;more / other scenarios;validation","No"
"2025/04/14 5:12:29 pm CET","Gary","Gonzalez-Mon","2021","PLoS ONE","16","12","e0261514","Yes","Yes","No","N/A (This paper should be excluded)","","","","","","","","","","","","","","","","","","","No"
"2025/04/14 5:28:21 pm CET","Gary","Ahanchian","2017","Adaptive Behaviour","","","","Yes","Yes","I cannot be sure from reading the paper","No","City","Metro Manila","Not a spatially explicit model","N/A","","","324","Months","Humans","67100","Humans","","7200","No","","No","","including other social processes;more data;more / other scenarios","No"
